{"solution": {"districts": {"District0": {"MEMBERS": ["EL03", "EL04", "EL07", "EL08", "EL02", "EL35.1", "EL35", "EL05", "EL34", "EL01", "EL09", "EL06", "EL54"], "DISTRICT": "District0", "Capacity": 1216, "Population": 781, "Area": 168634416.4300074, "Perimeter": 72875.70049857663, "F1": 0.35772944607130386, "F2": 0.6009837401983977, "F": 0.43070573430943204}, "District1": {"MEMBERS": ["EL27", "EL29", "EL15", "EL28", "EL26", "EL16", "EL13", "EL30", "EL12", "EL32", "EL33", "EL56", "EL19", "EL11", "EL10", "EL20", "EL22", "EL21", "EL25", "EL18", "EL24", "EL14", "EL23", "EL49", "EL17", "EL55"], "DISTRICT": "District1", "Capacity": 1264, "Population": 1285, "Area": 224327409.7094163, "Perimeter": 81417.67672208259, "F1": 0.0166147071470355, "F2": 0.5747397456165007, "F": 0.184052218687875}, "District2": {"MEMBERS": ["CL37", "CL33", "CL27", "CL32.1", "CL25", "CL24", "CL32", "CL34", "CL06", "CL32.2", "CL31", "CL26", "CL28.3", "CL30", "DS18", "CL28.2", "CL05", "CL13", "WL63", "WL24", "WL51", "CL37.2"], "DISTRICT": "District2", "Capacity": 1255, "Population": 839, "Area": 751593323.9767048, "Perimeter": 286899.1117899438, "F1": 0.33147331209981423, "F2": 0.8852548414407804, "F": 0.49760777090210406}, "District3": {"MEMBERS": ["DN36.3", "DS08.2", "DN36.7", "DS11.1", "DN36.4", "DN36.16", "DN36.5", "DN33", "DS11", "DN41", "DN32.6", "DS04.1", "DS08.1", "DN34", "DS06.7", "DN32.7", "DN36.1", "DN36.9", "DN47.2", "DS04", "DN34.1", "DN44.3", "DS05", "DN36.2", "DS06.2", "DN34.2", "DN36.8", "DN36", "DN36.6", "DN46.1", "DN47.1", "DN51.1"], "DISTRICT": "District3", "Capacity": 1269, "Population": 1851, "Area": 996350195.6356211, "Perimeter": 287588.09434978344, "F1": 0.45862961813530645, "F2": 0.8486159679342249, "F": 0.575625523074982}, "District4": {"MEMBERS": ["WL30", "WL31", "WL31.1", "WL22", "WL32", "WL37", "WL21.1", "WL36", "WL59", "WL38.1", "WL29", "WL40", "WL66", "WL49", "CL39", "WL15", "WL20", "WL21", "WL67", "WL53.2", "WL54", "WL10", "WL07", "WL17", "WL32.1", "WL14.1", "WL19", "WL67.1", "WL16", "WL08", "WL01", "WL46", "WL48", "WL52", "WL41", "WL42", "WL44", "WL53", "WL35", "WL09", "WL65", "WL09.1", "WL18", "WL33", "WL34", "WL53.1", "WL45", "WL43", "WL33.1"], "DISTRICT": "District4", "Capacity": 1187, "Population": 1238, "Area": 5324653483.033981, "Perimeter": 562885.5628329293, "F1": 0.04296629281410036, "F2": 0.7888160082769435, "F": 0.26672120745295325}, "District5": {"MEMBERS": ["DN01.4", "DN01.2", "DN01.3", "DN01.1", "DN08", "DN01.6", "DN40", "DN39.1", "CL12.1", "DN10.2", "DN08.2", "CL34.2", "DN02", "CL14.1", "DN01", "CL14", "DN01.5", "CL36", "DN50.1", "DN42", "DN37"], "DISTRICT": "District5", "Capacity": 1242, "Population": 1383, "Area": 550038650.9910527, "Perimeter": 247774.62673827424, "F1": 0.11352736623568949, "F2": 0.887412698215349, "F": 0.34569296582958725}, "District6": {"MEMBERS": ["DS17", "DS13.12", "DS12.2", "DS17.2", "DS12.3", "DS12", "DS13.7", "DS12.8", "DS07.9", "DS13.11", "DS12.7", "DS12.4", "DS07", "DS12.1", "DS17.6", "DS07.6", "DS07.1", "DS07.12", "DS07.3", "DS12.6"], "DISTRICT": "District6", "Capacity": 1388, "Population": 1163, "Area": 401057695.3288962, "Perimeter": 167982.0277492614, "F1": 0.1621030319733211, "F2": 0.8213960419843624, "F": 0.3598909349766335}, "District7": {"MEMBERS": ["CL15.3", "CL34.4", "CL15.2", "CL19", "CL16", "CL34.1", "CL17", "CL15", "CL19.1", "CL12", "CL34.5", "CL21.1", "CL21", "CL22", "CL15.1", "CL17.1", "CL14.2", "CL34.6"], "DISTRICT": "District7", "Capacity": 1197, "Population": 804, "Area": 131864102.23168454, "Perimeter": 103776.0789117768, "F1": 0.3283199721944865, "F2": 0.846134259288355, "F": 0.483664258322647}, "District8": {"MEMBERS": ["DN32.3", "DN44.4", "DN44", "DN44.1", "DN46", "DN45.2", "DN30", "DN50.2", "DN24.1", "DN10.1", "DN50.3", "CL35", "DN12", "DN34.3", "DN32.1", "DN45", "DN44.5", "DN45.3", "DN38", "DN32.2", "DN46.2", "DN44.2", "DN32.5", "DN45.1", "DN48.2", "DN32", "DN30.1", "DN48.1", "DN32.4", "DN32.8", "DN31", "DN50"], "DISTRICT": "District8", "Capacity": 1260, "Population": 1676, "Area": 273200368.6491968, "Perimeter": 171020.97861566555, "F1": 0.3301595132527022, "F2": 0.88262046881359, "F": 0.4958977999209685}, "District9": {"MEMBERS": ["DN17.1", "DN05.1", "DN05.3", "DN05.2", "DN04.1", "DN07", "DN07.1", "DN04", "DN17", "DN19.3", "DN17.2", "DN05.4", "DN05.5", "DN04.2", "DN05", "DN20.1"], "DISTRICT": "District9", "Capacity": 1241, "Population": 647, "Area": 136169987.94277954, "Perimeter": 74137.54970614021, "F1": 0.47864545142106807, "F2": 0.688674419475318, "F": 0.5416541418373431}, "District10": {"MEMBERS": ["WL29.1", "WL59.1", "WL28", "WL28.1", "WL26.4", "WL27.2", "WL25", "CL29", "WL22.2", "WL23", "WL27", "WL22.1", "WL38", "CL28.1", "WL60", "WL58", "WL13", "WL26.2", "WL58.1", "WL21.2", "WL57", "WL39", "CL28", "WL27.1", "WL11.1", "WL26.1", "CL37.1", "WL26", "WL11", "WL61", "WL26.3", "WL05", "WL50", "WL14", "WL04", "WL03", "WL06", "WL02", "WL03.1", "WL03.4", "WL03.2", "WL03.5", "WL03.3"], "DISTRICT": "District10", "Capacity": 1224, "Population": 774, "Area": 2320005512.5731244, "Perimeter": 569555.4449735908, "F1": 0.3676462469963542, "F2": 0.9101274913174592, "F": 0.5303906202926856}, "District11": {"MEMBERS": ["EL38", "EL44", "EL39", "EL37", "EL40", "EL50", "EL46", "EL36", "EL47", "EL36.1", "DN21", "EL35.2", "DN23.1", "DN23", "DN19.2", "EL41", "EL48", "EL31", "DN20", "DN24", "EL52", "EL51", "DN27", "DN03", "EL45", "DN25", "EL53", "DN19.6", "DN26", "DN29", "DN28.1", "EL43", "DN43", "DN22", "DN35", "DN27.1", "DN28", "EL42"], "DISTRICT": "District11", "Capacity": 1169, "Population": 2018, "Area": 535779101.20969445, "Perimeter": 212500.17573926094, "F1": 0.7262626028548964, "F2": 0.8509002050196293, "F": 0.7636538835043163}, "District12": {"MEMBERS": ["DS12.5", "DS14.1", "DS03", "DS13.5", "DS01", "DS13.6", "DS13.14", "DS14.2", "DS14.5", "DS14.11", "DS14.9", "DS14.3", "DS14.4", "DS14.7", "DS13.8", "DS13.13", "DS13", "DS13.4", "DS13.1"], "DISTRICT": "District12", "Capacity": 1452, "Population": 917, "Area": 92064283.03785546, "Perimeter": 66714.42305005039, "F1": 0.36845661591972023, "F2": 0.7400669095898142, "F": 0.47993970402074837}, "District13": {"MEMBERS": ["CL07.2", "CL07", "CL07.1", "CL09", "CL20.1", "CL20", "CL23", "CL25.1", "CL20.2", "CL10.2", "CL34.3", "CL18", "CL38", "CL11", "CL05.1", "CL19.2", "WL12.1", "CL10.1", "CL04.1", "WL12", "CL08", "CL10", "WL62", "CL03", "CL02.1", "WL55", "CL04", "WL56", "CL02", "CL01", "WL47"], "DISTRICT": "District13", "Capacity": 1215, "Population": 1209, "Area": 1479566247.1199493, "Perimeter": 375278.43074413744, "F1": 0.00493745674948598, "F2": 0.8679808076535594, "F": 0.26385046202070794}, "District14": {"MEMBERS": ["DN51", "DN36.12", "DN36.13", "DN53", "DN36.14", "DS15", "DS09.2", "DS09.3", "DS16.2", "DN52", "DS13.2", "DS14.8", "EL41.1", "DS14", "DN49", "DS13.9", "DS17.5", "DN47", "DS02", "DS19", "DS16.1", "DN48", "DN36.11", "DS16.3", "DS09.1", "DS14.6", "DS16", "DN36.15"], "DISTRICT": "District14", "Capacity": 1339, "Population": 1514, "Area": 710826864.2873553, "Perimeter": 178768.40034025107, "F1": 0.13069528655193952, "F2": 0.7204933218612863, "F": 0.3076346971447435}, "District15": {"MEMBERS": ["DN08.4", "DN13.2", "DN09", "DN08.3", "DN08.1", "DN16", "DN18", "DN13.1", "DN19", "DN06", "DN19.5", "DN10", "DN14.1", "DN19.4", "DN39", "DN11", "DN13", "DN14", "DN15", "DN08.5", "DN19.7", "DN19.1", "DN15.1"], "DISTRICT": "District15", "Capacity": 1269, "Population": 973, "Area": 97783658.75436175, "Perimeter": 88212.63940230048, "F1": 0.23325374914693653, "F2": 0.8420882255714278, "F": 0.41590409207428386}, "District16": {"MEMBERS": ["DS07.11", "DS06.5", "DS06.8", "DS06.4", "DS07.4", "DS07.5", "DS07.2", "DS08", "DS09", "DS06.6", "DS17.1", "DS07.8", "DS17.7", "DS17.3", "DS17.4", "DS19.1", "DS13.3", "DS10", "DS07.7", "DS06", "DS06.1", "DS06.3"], "DISTRICT": "District16", "Capacity": 1445, "Population": 987, "Area": 336467514.0749765, "Perimeter": 177621.40047608354, "F1": 0.3169543299864752, "F2": 0.8659822187843135, "F": 0.4816626966258266}},