{"solution": {"districts": {"District0": {"MEMBERS": ["EL03", "EL04", "EL02", "EL06", "EL07", "EL01", "EL08", "EL35.1", "EL34", "EL12", "EL35", "EL05", "EL11", "EL54", "EL18", "EL55", "EL10", "EL17", "EL23", "EL09", "EL22"], "DISTRICT": "District0", "Capacity": 1216, "Population": 1198, "Area": 257823159.33026657, "Perimeter": 111850.26311361961, "F1": 0.014801817312485088, "F2": 0.741025042902481, "F": 0.2326687849894838}, "District1": {"MEMBERS": ["EL27", "EL14", "EL32", "EL15", "EL13", "EL33", "EL29", "EL30", "EL35.2", "EL16", "EL20", "EL19", "EL26", "EL56", "EL28", "EL25", "EL21", "EL49", "EL24", "EL48", "EL31", "EL51", "EL52", "EL37"], "DISTRICT": "District1", "Capacity": 1264, "Population": 1163, "Area": 187571541.72412252, "Perimeter": 110261.5334388772, "F1": 0.07990427943113698, "F2": 0.806121899553121, "F": 0.29776956546773214}, "District2": {"MEMBERS": ["CL37", "CL32", "CL28.1", "CL28.3", "CL29", "CL34", "WL25", "CL37.1", "WL27", "CL26", "CL32.1", "WL26.2", "CL34.3", "CL32.2", "CL25", "WL26", "WL51", "CL30", "WL38", "WL40", "CL28.2", "WL63"], "DISTRICT": "District2", "Capacity": 1255, "Population": 696, "Area": 826063791.1205895, "Perimeter": 327722.77360521373, "F1": 0.44541753429946185, "F2": 0.9033481421136491, "F": 0.582796716643718}, "District3": {"MEMBERS": ["DN36.3", "DS11", "DS11.1", "DN36.8", "DS09", "DN36.9", "DN41", "DS08.1", "DN36.11", "DS06.6", "DS08", "DS08.2", "CL36", "DN36.4", "DN36.14", "DS17.1", "DS18", "DS04.1", "CL39", "WL67.1", "WL67", "WL65", "DN36.5", "WL66", "WL45", "DN36.15", "CL31"], "DISTRICT": "District3", "Capacity": 1269, "Population": 1222, "Area": 2094780442.0565314, "Perimeter": 381948.142705643, "F1": 0.0370362566033392, "F2": 0.8195571950882221, "F": 0.271792538148804}, "District4": {"MEMBERS": ["WL30", "WL31", "WL59.1", "WL59", "WL36", "WL35", "WL37", "WL34", "WL38.1", "WL21", "WL31.1", "WL39", "WL42", "WL32", "WL21.1", "WL41", "WL43", "WL33.1", "WL44", "WL33", "WL18", "WL48", "WL22", "WL22.1", "WL32.1", "WL20", "WL49", "WL46", "WL21.2", "WL19", "WL17"], "DISTRICT": "District4", "Capacity": 1187, "Population": 1059, "Area": 2920156095.4298744, "Perimeter": 404842.760248608, "F1": 0.10783404289946041, "F2": 0.7761056281752414, "F": 0.3083155184821947}, "District5": {"MEMBERS": ["DN01.4", "DN01.3", "DN01.1", "DN40", "DN39.1", "DN01.2", "DN01", "DN02", "DN01.5", "DN06", "CL14", "DN39", "CL17.1", "DN03", "DN01.6", "DN10.2", "DN16", "CL15", "DN13.1", "DN14.1", "DN05.5"], "DISTRICT": "District5", "Capacity": 1242, "Population": 1333, "Area": 214937659.89002097, "Perimeter": 159991.69536709588, "F1": 0.07326971760652401, "F2": 0.8944817695805594, "F": 0.31963333319873455}, "District6": {"MEMBERS": ["DS17", "DS17.3", "DS13.12", "DS12.6", "DS17.4", "DS12.3", "DS17.6", "DS12.2", "DS17.2", "DS07.8", "DS19.1", "DS07.6", "DS19", "DS07.5", "DS13.2", "DS17.7", "DS13.1", "DS13.3", "DS12.8", "DS13.9", "DS13.7"], "DISTRICT": "District6", "Capacity": 1388, "Population": 1436, "Area": 142214991.88985917, "Perimeter": 80914.89299002338, "F1": 0.03458284557216973, "F2": 0.7270404354472456, "F": 0.24232012253469246}, "District7": {"MEMBERS": ["CL15.3", "CL34.4", "CL34.1", "CL15.2", "CL34.5", "CL34.2", "CL14.1", "CL34.6", "DN50.1", "CL16", "CL19", "CL14.2", "CL17", "CL35", "DN50.3", "CL15.1", "CL19.2", "CL21.1", "CL20", "CL20.1", "CL25.1", "DN42", "CL19.1", "CL33", "CL22", "CL13", "CL23", "CL21", "CL37.2"], "DISTRICT": "District7", "Capacity": 1197, "Population": 1028, "Area": 377089275.63408446, "Perimeter": 222336.68846926198, "F1": 0.14118547083387245, "F2": 0.9041412460157139, "F": 0.37007220338842484}, "District8": {"MEMBERS": ["DN32.3", "DN44.4", "DN30.1", "DN44", "DN45.2", "DN44.1", "DN43", "DN27.1", "DN31", "DN26", "DN24.1", "DN45.1", "DN32.5", "DN32.2", "DN23.1", "DN32.8", "DN23", "DN46", "DN32", "DN46.1", "DN38", "DN48.2", "DN24", "DN46.2", "DN44.5", "DN48", "DN27", "DN45.3", "DN45", "DN44.2"], "DISTRICT": "District8", "Capacity": 1260, "Population": 1387, "Area": 185701524.88726032, "Perimeter": 93293.87167990058, "F1": 0.10079443570798063, "F2": 0.7318862414875196, "F": 0.2901219774418423}, "District9": {"MEMBERS": ["DN17.1", "DN05.1", "DN04.1", "DN17.2", "DN19.3", "DN05.3", "DN04.2", "EL36.1", "DN05.2", "DN07", "DN05.4", "DN04", "DN19.2", "DN07.1", "DN20", "DN19.5", "DN05", "DN19", "DN18", "DN19.4", "DN17", "DN15.1", "DN19.7"], "DISTRICT": "District9", "Capacity": 1241, "Population": 791, "Area": 175916355.31710082, "Perimeter": 99671.67737043626, "F1": 0.36260999707808217, "F2": 0.7774782080890174, "F": 0.4870704603813627}, "District10": {"MEMBERS": ["WL29.1", "WL26.4", "WL27.2", "WL26.3", "WL26.1", "WL29", "WL28", "WL22.2", "WL27.1", "WL50", "WL61", "WL24", "WL15", "WL10", "WL54", "WL23", "WL16", "WL09.1", "WL53", "WL28.1", "WL07", "WL09", "WL60", "WL53.1", "WL08", "WL02", "WL14", "WL52", "WL03", "WL03.1", "WL01", "WL04", "WL03.5", "WL53.2"], "DISTRICT": "District10", "Capacity": 1224, "Population": 532, "Area": 2437075146.199143, "Perimeter": 444395.92837163934, "F1": 0.5653586636817103, "F2": 0.8449261239035057, "F": 0.6492289017482489}, "District11": {"MEMBERS": ["EL38", "EL39", "EL42", "EL41", "EL44", "DN53", "EL43", "EL50", "EL40", "DS09.2", "DN52", "DS17.5", "EL41.1", "DN21", "EL36", "DN48.1", "EL46", "EL45", "DN20.1", "EL47", "DN49", "EL53", "DN22"], "DISTRICT": "District11", "Capacity": 1169, "Population": 1252, "Area": 839836540.3249047, "Perimeter": 193038.15009172104, "F1": 0.07100170170229503, "F2": 0.71678364028071, "F": 0.26473628327581944}, "District12": {"MEMBERS": ["DS12.5", "DS14.1", "DS14.11", "DS03", "DS13.14", "DS13.5", "DS13.6", "DS14", "DS12", "DS12.7", "DS16.3", "DS13", "DS12.4", "DS16", "DS14.7", "DS13.8", "DS09.1", "DS13.13", "DS13.4", "DS13.11", "DS15", "DS16.2", "DS01", "DS14.3", "DS14.5", "DS14.9", "DS14.2", "DS12.1", "DS02", "DS16.1", "DS14.4", "DS14.6", "DS14.8", "DS09.3"], "DISTRICT": "District12", "Capacity": 1452, "Population": 1687, "Area": 380511606.64411426, "Perimeter": 115577.56300431839, "F1": 0.1618464107310853, "F2": 0.6420431261751094, "F": 0.3059054253642925}, "District13": {"MEMBERS": ["CL07.2", "CL10", "CL08", "CL10.1", "CL12", "CL12.1", "CL05.1", "CL11", "CL18", "CL05", "WL62", "CL09", "CL07", "CL24", "CL07.1", "CL27", "CL06", "CL04", "CL20.2", "CL28", "CL03", "CL02", "WL12.1", "CL38", "CL01", "WL12", "WL55", "WL13", "WL11.1", "CL02.1", "WL57", "WL06", "WL58", "WL14.1", "WL11", "WL03.4", "WL47", "CL10.2", "CL04.1", "WL05", "WL58.1", "WL03.3", "WL03.2", "WL56"], "DISTRICT": "District13", "Capacity": 1215, "Population": 1563, "Area": 2435974252.048851, "Perimeter": 364418.2737198198, "F1": 0.28642056554386364, "F2": 0.769493984003939, "F": 0.4313425910818862}, "District14": {"MEMBERS": ["DN51", "DN36.12", "DN36", "DN36.13", "DN51.1", "DN36.2", "DN36.6", "DN36.7", "DN33", "DN36.1", "DN34.3", "DN32.7", "DN34.1", "DN34.2", "DN36.16", "DN47", "DN32.4", "DN32.6", "DN37", "DN44.3", "DN32.1", "DN47.1", "DN47.2", "DN34"], "DISTRICT": "District14", "Capacity": 1339, "Population": 1587, "Area": 211305874.05201295, "Perimeter": 122147.31196773559, "F1": 0.18521358338152671, "F2": 0.8220272111748839, "F": 0.37625767171953384}, "District15": {"MEMBERS": ["DN08.4", "DN08.5", "DN13", "DN10", "DN08.2", "DN08", "DN10.1", "DN50.2", "DN50", "DN28", "DN29", "DN35", "DN11", "DN09", "DN25", "DN08.1", "DN28.1", "DN15", "DN08.3", "DN19.6", "DN30", "DN13.2", "DN19.1", "DN14", "DN12"], "DISTRICT": "District15", "Capacity": 1269, "Population": 1531, "Area": 202575462.85094547, "Perimeter": 110583.81867838728, "F1": 0.20646255944473957, "F2": 0.7918322068862554, "F": 0.38207345367719425}, "District16": {"MEMBERS": ["DS07.11", "DS07.3", "DS06.5", "DS10", "DS07.1", "DS07.9", "DS07.4", "DS07.2", "DS07", "DS06.8", "DS06.7", "DS06", "DS06.1", "DS04", "DS06.4", "DS07.7", "DS06.2", "DS07.12", "DS05", "DS06.3"], "DISTRICT": "District16", "Capacity": 1445, "Population": 594, "Area": 640849095.7075198, "Perimeter": 205251.8111898984, "F1": 0.5889266464434142, "F2": 0.8088423672871631,