{"solution": {"districts": {"District0": {"MEMBERS": ["EL03", "EL04", "EL07", "EL06", "EL05", "EL08", "EL11", "EL17", "EL10", "EL55", "EL18", "EL21", "EL19", "EL09", "EL23", "EL16", "EL22", "EL25", "EL49", "EL15", "EL24"], "DISTRICT": "District0", "Capacity": 1216, "Population": 1321, "Area": 219127991.53063574, "Perimeter": 83991.39903601934, "F1": 0.0863494976451522, "F2": 0.6096644636230516, "F": 0.24334398743852198}, "District1": {"MEMBERS": ["EL27", "EL30", "EL14", "EL13", "EL28", "EL48", "EL12", "EL31", "EL34", "EL33", "EL29", "EL26", "EL37", "EL51", "EL56", "EL20", "EL35", "EL02", "EL32", "EL52", "EL35.1", "EL35.2", "EL45"], "DISTRICT": "District1", "Capacity": 1264, "Population": 1058, "Area": 195886783.32888022, "Perimeter": 127070.99052753998, "F1": 0.16297389902710524, "F2": 0.8475518465948434, "F": 0.3683472832974266}, "District2": {"MEMBERS": ["CL37", "CL28", "CL32", "CL32.1", "CL13", "CL34", "CL27", "CL26", "CL37.2", "CL34.5", "CL24", "CL33", "CL32.2", "CL34.1", "CL25", "CL23", "CL22", "DN10.2", "CL34.2", "CL36", "CL35", "DN50.2", "DN38", "DN35", "DN31", "DN50.1"], "DISTRICT": "District2", "Capacity": 1255, "Population": 1175, "Area": 530158796.84996635, "Perimeter": 207981.97415845268, "F1": 0.063744230567775, "F2": 0.8459844952058411, "F": 0.29841630995919477}, "District3": {"MEMBERS": ["DN36.3", "DN36.4", "DS08.2", "DN36.5", "DS11", "DN36.11", "DN36.16", "DN41", "DS18", "DS08", "DS06.6", "DS04", "CL31", "DN36.8", "DS11.1", "DN36.14", "DN36.12", "DN42", "DS04.1", "CL37.1", "DN36.15", "DN32.1", "DN50.3", "DS08.1", "DN50", "DN30", "DN32.5", "DN36.9"], "DISTRICT": "District3", "Capacity": 1269, "Population": 1253, "Area": 1155572257.3749454, "Perimeter": 330285.01490326034, "F1": 0.012607572792690536, "F2": 0.8668843151998541, "F": 0.26889059551483957}, "District4": {"MEMBERS": ["WL30", "WL37", "WL31.1", "WL59", "WL32", "WL40", "CL30", "WL38", "WL63", "WL32.1", "CL39", "WL34", "WL33", "WL36", "WL18", "WL43", "WL38.1", "WL31", "WL48", "WL44", "WL20", "WL21", "WL45", "WL17", "WL54", "WL16", "WL19", "WL46", "WL15", "WL09.1", "WL53", "WL33.1", "WL52", "WL53.1", "WL53.2", "WL09", "WL08", "WL01", "WL02", "WL03", "WL03.2", "WL03.4"], "DISTRICT": "District4", "Capacity": 1187, "Population": 1090, "Area": 4269765423.1520343, "Perimeter": 815668.4992577507, "F1": 0.08171778364180471, "F2": 0.9193533189179794, "F": 0.3330084442246571}, "District5": {"MEMBERS": ["DN01.4", "DN01.2", "DN01.1", "DN08", "DN01.6", "DN39", "DN08.3", "DN08.2", "DN01", "DN01.5", "DN02", "DN04.2", "DN03", "DN07.1", "DN39.1", "EL36.1", "EL01", "EL54", "DN04", "CL12"], "DISTRICT": "District5", "Capacity": 1242, "Population": 1134, "Area": 295734308.8700225, "Perimeter": 146143.7395361791, "F1": 0.08695572393755457, "F2": 0.8259992407870562, "F": 0.308668778992405}, "District6": {"MEMBERS": ["DS17", "DS17.4", "DS13.12", "DS19", "DS13.7", "DS17.3", "DS17.5", "DS12.2", "DS07.8", "DS12", "DS12.7", "DS13.1", "DS13.11", "DS12.1", "DS07.6", "DS12.8", "DS17.1", "DS07", "DS13.4", "DS12.6", "DS09", "DS07.1", "DS07.9", "DS12.3", "DS13", "DS19.1", "DS17.6", "DS13.3"], "DISTRICT": "District6", "Capacity": 1388, "Population": 2029, "Area": 394256590.1767524, "Perimeter": 171376.1211323398, "F1": 0.4618162718889318, "F2": 0.831310439145895, "F": 0.5726645220660207}, "District7": {"MEMBERS": ["CL15.3", "CL14.1", "CL19", "DN01.3", "CL15", "CL14.2", "DN40", "CL34.3", "CL19.2", "CL34.4", "CL34.6", "CL25.1", "CL12.1", "CL16", "CL14", "CL15.2", "CL17.1", "CL10.1", "CL21", "CL10", "CL21.1", "CL17", "CL18", "CL10.2", "CL15.1", "CL19.1"], "DISTRICT": "District7", "Capacity": 1197, "Population": 1236, "Area": 200386506.91256475, "Perimeter": 94027.32381872354, "F1": 0.0325822804295548, "F2": 0.7151801929879601, "F": 0.23736165419707633}, "District8": {"MEMBERS": ["DN32.3", "DN44", "DN44.3", "DN46", "DN24.1", "DN44.1", "DN23.1", "DN34.1", "DN43", "DN48.2", "DN45.3", "DN47.1", "DN45.2", "DN23", "DN27", "DN22", "DN20", "DN32.2", "DN44.4", "DN45.1", "DN32.8", "DN32", "DN24", "DN45", "DN46.2", "DN30.1", "DN44.2", "DN27.1", "DN44.5"], "DISTRICT": "District8", "Capacity": 1260, "Population": 1250, "Area": 268155577.54432824, "Perimeter": 137809.0420611491, "F1": 0.007935722159240322, "F2": 0.8225641910407999, "F": 0.2523242628237081}, "District9": {"MEMBERS": ["DN17.1", "DN17", "DN05.4", "DN19.3", "DN19", "DN05.5", "DN20.1", "DN17.2", "DN19.2", "DN19.7", "DN19.5", "DN19.1", "DN05.1", "DN05", "DN19.4", "DN19.6", "DN05.2", "DN05.3"], "DISTRICT": "District9", "Capacity": 1241, "Population": 716, "Area": 63405737.66527008, "Perimeter": 40592.73099440056, "F1": 0.42304512954838736, "F2": 0.5164494494653438, "F": 0.4510664255234743}, "District10": {"MEMBERS": ["WL29.1", "WL26.4", "WL28", "WL25", "CL06", "WL26", "WL26.3", "CL28.1", "CL28.3", "CL29", "WL51", "CL28.2", "WL29", "WL27.2", "WL59.1", "WL22", "WL28.1", "WL26.1", "WL27.1", "WL27", "WL24", "WL39", "WL22.2", "WL21.1", "WL49", "WL21.2", "WL22.1", "WL50", "WL14", "WL60", "WL26.2"], "DISTRICT": "District10", "Capacity": 1224, "Population": 658, "Area": 928602291.1973621, "Perimeter": 270820.41339667916, "F1": 0.46241748805214467, "F2": 0.8408975667815571, "F": 0.5759615116709684}, "District11": {"MEMBERS": ["EL38", "EL39", "EL46", "EL40", "EL47", "EL41", "EL44", "EL41.1", "EL36", "EL53", "DN21", "DN04.1", "DN53", "EL50", "DS09.2", "EL43", "DS13.2", "DS15", "DS16.1", "EL42"], "DISTRICT": "District11", "Capacity": 1169, "Population": 993, "Area": 749897267.9856426, "Perimeter": 257392.71345292244, "F1": 0.15055518262998135, "F2": 0.857760853107487, "F": 0.36271688377323297}, "District12": {"MEMBERS": ["DS12.5", "DS03", "DS13.5", "DS14.1", "DS14", "DS14.5", "DS14.8", "DS14.11", "DS13.6", "DS01", "DS12.4", "DS16", "DS14.4", "DS14.7", "DS16.3", "DS13.13", "DS02", "DS14.3", "DS16.2", "DS14.9", "DS14.6", "DS13.8", "DS09.3", "DS14.2", "DS13.14", "DS09.1", "DS13.9"], "DISTRICT": "District12", "Capacity": 1452, "Population": 1262, "Area": 181619329.5324928, "Perimeter": 81648.89213790745, "F1": 0.1308533117709827, "F2": 0.6576492060038631, "F": 0.28889208004084677}, "District13": {"MEMBERS": ["CL07.2", "CL05.1", "CL07.1", "CL07", "CL04", "CL38", "CL03", "CL05", "CL11", "CL08", "WL62", "WL12", "CL02", "CL04.1", "CL09", "WL12.1", "CL20", "CL20.1", "CL01", "WL11", "CL20.2", "CL02.1", "WL55", "WL13", "WL11.1", "WL58.1", "WL58", "WL14.1", "WL23", "WL61", "WL10", "WL56", "WL07", "WL06", "WL57", "WL03.3", "WL03.1", "WL03.5", "WL04", "WL05", "WL47"], "DISTRICT": "District13", "Capacity": 1215, "Population": 1207, "Area": 2851996718.3069887, "Perimeter": 364254.6429211951, "F1": 0.006583547270917256, "F2": 0.7298850055259072, "F": 0.22357398474741416}, "District14": {"MEMBERS": ["DN51", "DN51.1", "DN47", "DN47.2", "DN48", "DN33", "DN32.7", "DN36.1", "DN52", "DN49", "DN36.6", "DN36.7", "DN32.4", "DN46.1", "DN36.2", "DN34.2", "DN36", "DN32.6", "DN34", "DN36.13", "DN37", "DN48.1", "DN34.3"], "DISTRICT": "District14", "Capacity": 1339, "Population": 1761, "Area": 243225874.80952597, "Perimeter": 155015.88821488054, "F1": 0.31516130459177516, "F2": 0.8728058281637261, "F": 0.48245466166336043}, "District15": {"MEMBERS": ["DN08.4", "DN08.1", "DN08.5", "DN16", "DN06", "DN18", "DN15", "DN07", "DN25", "DN09", "DN13.1", "DN12", "DN26", "DN10", "DN14.1", "DN13", "DN14", "DN10.1", "DN29", "DN28", "DN15.1", "DN28.1", "DN11", "DN13.2"], "DISTRICT": "District15", "Capacity": 1269, "Population": 1285, "Area": 147257598.7397618, "Perimeter": 88882.83444744644, "F1": 0.012609133076366241, "F2": 0.7657650010568109, "F": 0.2385558934704996}, "District16": {"MEMBERS": ["DS07.11", "DS06.5", "DS07.4", "DS10", "DS07.5", "DS06.8", "DS17.7", "DS06", "DS06.1", "DS07.2", "DS05", "DS06.7", "DS07.7", "DS06.2", "DS07.3", "WL67.1", "WL66", "DS06.3", "DS17.2", "WL65", "WL67", "DS07.12", "WL41", "WL42", "DS06.4", "WL35"], "DISTRICT": "District16", "Capacity": 1445, "Population": 631, "Area": 1835333765.0239792, "Perimeter": 411266.65420006757, "F1": 0.5633211102884352, "F2": 0.863642847802814,