{"solution": {"districts": {"District0": {"MEMBERS": ["EL03", "EL04", "EL07", "EL12", "EL06", "EL05", "EL08", "EL02", "EL09", "EL11", "EL18", "EL21", "EL19", "EL35", "EL54", "EL33", "EL20", "EL01", "DN03", "EL35.1", "EL55", "EL35.2"], "DISTRICT": "District0", "Capacity": 1216, "Population": 1161, "Area": 241988272.52197638, "Perimeter": 109257.03855223393, "F1": 0.04522944864120515, "F2": 0.7452551962961391, "F": 0.2552371729376853}, "District1": {"MEMBERS": ["EL27", "EL15", "EL13", "EL56", "EL26", "EL16", "EL17", "EL25", "EL34", "EL24", "EL23", "EL32", "EL30", "EL28", "EL14", "EL10", "EL22", "EL49", "EL31", "EL29", "EL47"], "DISTRICT": "District1", "Capacity": 1264, "Population": 1110, "Area": 189870697.5890674, "Perimeter": 109475.69492349552, "F1": 0.12183465884624478, "F2": 0.800917819555376, "F": 0.3255596070589841}, "District2": {"MEMBERS": ["CL37", "CL33", "CL27", "CL37.2", "CL07.1", "CL05", "WL12", "CL13", "CL28", "CL31", "CL32", "CL34", "CL30", "DS18", "CL32.1", "CL06", "WL12.1"], "DISTRICT": "District2", "Capacity": 1255, "Population": 612, "Area": 753119279.6716899, "Perimeter": 283016.5513542135, "F1": 0.5123498046824717, "F2": 0.8818455833588257, "F": 0.6231985382853779}, "District3": {"MEMBERS": ["DN36.3", "DS11.1", "DN36.9", "DS08", "DN36.7", "DS06.6", "DN36.6", "DN32.6", "DN36.8", "DN33", "DS08.1", "DN34.3", "DN36.2", "DN34.1", "DN44.3", "DN45.1", "DN37", "DN46.1", "DS09", "DN45", "DS11", "DN46.2", "DN36.4", "DS08.2", "DN32.7", "DN36.16"], "DISTRICT": "District3", "Capacity": 1269, "Population": 1374, "Area": 353679116.1032803, "Perimeter": 176436.09436678063, "F1": 0.08274309627468002, "F2": 0.8572275508944094, "F": 0.31508843266059877}, "District4": {"MEMBERS": ["WL30", "WL22", "WL22.2", "WL31", "WL21", "WL37", "WL59", "WL29", "WL31.1", "WL32", "WL23", "WL50", "WL46", "WL22.1", "WL38.1", "WL33", "WL36", "WL15", "WL53", "WL54", "WL61", "WL16", "WL43", "WL44", "WL17", "WL20", "WL60", "WL14.1", "WL57", "WL09", "WL09.1", "WL11.1", "WL52", "WL41", "WL33.1", "WL08", "WL38", "WL53.2", "WL02", "WL21.1", "WL03.4", "WL19", "WL18", "WL49", "WL14", "WL03", "WL53.1", "WL03.2", "WL01", "WL48", "WL32.1", "WL21.2"], "DISTRICT": "District4", "Capacity": 1187, "Population": 1343, "Area": 4197222617.1846046, "Perimeter": 787395.6156281072, "F1": 0.13142459029970865, "F2": 0.9149281486688329, "F": 0.3664756578104459}, "District5": {"MEMBERS": ["DN01.4", "DN01.5", "DN01", "CL12", "DN01.3", "DN02", "DN01.2", "CL34.1", "CL34.5", "CL34.3", "CL25", "DN01.6", "CL32.2"], "DISTRICT": "District5", "Capacity": 1242, "Population": 829, "Area": 190699621.36127573, "Perimeter": 145400.78861023625, "F1": 0.33252738057546394, "F2": 0.8866487873237512, "F": 0.4987638025999501}, "District6": {"MEMBERS": ["DS17", "DS17.4", "DS07.8", "DS12.8", "DS13.7", "DS17.7", "DS13.3", "DS17.2", "DS19.1", "DS19", "DS12.6", "DS17.5", "DS17.3", "DS07.12", "DS17.1", "DS17.6", "DS13.12"], "DISTRICT": "District6", "Capacity": 1388, "Population": 960, "Area": 85008189.1567842, "Perimeter": 51160.961978466345, "F1": 0.3083566332250963, "F2": 0.5918749750800592, "F": 0.3934121357815852}, "District7": {"MEMBERS": ["CL15.3", "CL34.4", "CL15.2", "CL19", "CL15", "CL34.6", "CL14.1", "CL19.1", "CL14", "CL15.1", "CL16", "CL17", "DN40", "CL25.1", "CL21.1", "CL20", "CL21", "CL20.1", "CL17.1", "CL12.1", "CL14.2", "CL20.2", "CL19.2"], "DISTRICT": "District7", "Capacity": 1197, "Population": 1022, "Area": 115115338.5766925, "Perimeter": 66960.2233665965, "F1": 0.14619800212031742, "F2": 0.6773666394472295, "F": 0.305548593318391}, "District8": {"MEMBERS": ["DN32.3", "DN30", "DN30.1", "DN31", "DN44.1", "DN43", "DN32.4", "DN44.5", "DN44", "DN50.2", "DN44.4", "DN24.1", "DN27.1", "DN26", "DN46", "DN10.1", "DN45.2", "DN32.1", "DN12", "DN11", "DN13", "DN35", "DN48.2", "DN45.3", "DN28", "DN10", "DN50.1", "DN32.2", "DN28.1", "DN29", "DN44.2", "DN32.8", "DN50.3", "DN32", "DN32.5", "DN50", "DN38"], "DISTRICT": "District8", "Capacity": 1260, "Population": 2011, "Area": 266325932.55544356, "Perimeter": 141255.3646102291, "F1": 0.5960325270156148, "F2": 0.8322689678515485, "F": 0.6669034592663949}, "District9": {"MEMBERS": ["DN17.1", "DN17.2", "DN21", "DN05.3", "DN19.3", "DN20", "DN19.5", "DN05.1", "DN23", "DN04.1", "DN20.1", "EL36.1", "DN05.2", "DN04.2", "DN27", "DN25", "DN04", "DN17", "DN15", "DN19.6", "DN19.4", "DN19", "DN06", "DN14", "DN07", "DN05", "DN19.7", "DN19.1", "DN15.1", "DN19.2", "DN05.4"], "DISTRICT": "District9", "Capacity": 1241, "Population": 1190, "Area": 272972566.8414658, "Perimeter": 102223.89641139365, "F1": 0.0410950923360589, "F2": 0.6717354338707978, "F": 0.23028719479648055}, "District10": {"MEMBERS": ["WL29.1", "WL28", "WL25", "WL26.3", "CL29", "WL24", "WL59.1", "WL27", "CL28.3", "CL28.1", "WL39", "WL26", "WL63", "WL27.1", "CL28.2", "CL37.1", "WL26.4", "WL27.2", "WL40", "WL58", "WL35", "WL26.2", "WL34", "WL58.1", "WL51", "WL28.1", "WL42", "WL26.1"], "DISTRICT": "District10", "Capacity": 1224, "Population": 505, "Area": 1359583703.6061578, "Perimeter": 410961.4655200984, "F1": 0.5874174870309029, "F2": 0.8988388840728161, "F": 0.6808439061434768}, "District11": {"MEMBERS": ["EL38", "EL44", "EL46", "EL53", "EL43", "EL41", "EL52", "EL45", "EL41.1", "EL42", "EL37", "EL51", "EL36", "DN53", "DS09.2", "EL48", "DS15", "DS09.1", "DS16.1", "EL50", "DS13.8", "DS13.9", "DS13", "EL39"], "DISTRICT": "District11", "Capacity": 1169, "Population": 1552, "Area": 691505536.677645, "Perimeter": 229075.16372372044, "F1": 0.3276312974539666, "F2": 0.8344041249283507, "F": 0.47966314569628177}, "District12": {"MEMBERS": ["DS12.5", "DS03", "DS14.11", "DS14.1", "DS13.14", "DS14.2", "DS14.5", "DS13.6", "DS12.4", "DS12", "DS12.1", "DS14.4", "DS02", "DS12.7", "DS13.1", "DS16.2", "DS16", "DS01", "DS12.3", "DS16.3", "DS09.3", "DS13.2", "DS14", "DS13.11", "DS13.5", "DS13.4", "DS14.6", "DS14.8", "DS13.13", "DS14.9", "DS14.7", "DS14.3"], "DISTRICT": "District12", "Capacity": 1452, "Population": 1795, "Area": 352992164.60149074, "Perimeter": 148017.1908689532, "F1": 0.23622657550808146, "F2": 0.7975346941029382, "F": 0.4046190110865384}, "District13": {"MEMBERS": ["CL07.2", "CL04", "WL62", "CL03", "CL05.1", "CL08", "CL07", "CL02", "CL02.1", "WL11", "CL38", "WL55", "WL13", "CL10.2", "CL24", "CL18", "WL47", "CL23", "CL01", "CL22", "WL56", "CL26", "CL04.1", "CL10.1", "CL09", "CL11", "WL05", "WL06", "WL07", "CL10", "WL03.3", "WL04", "WL03.5", "WL10", "WL03.1"], "DISTRICT": "District13", "Capacity": 1215, "Population": 1294, "Area": 2507152523.4399977, "Perimeter": 446049.0998386326, "F1": 0.06502139041134658, "F2": 0.8416473685603935, "F": 0.2980091838560606}, "District14": {"MEMBERS": ["DN51", "DN47", "DN52", "DN48", "DN22", "EL40", "DN36.12", "DN49", "DN36.13", "DN36.14", "DN23.1", "DN47.1", "DN34.2", "DN36.1", "DN24", "DN48.1", "DN34", "DN36.15", "DN36.11", "DN51.1", "DN36.5", "DN47.2", "DN36"], "DISTRICT": "District14", "Capacity": 1339, "Population": 1344, "Area": 350388392.13757706, "Perimeter": 165673.06939821882, "F1": 0.00373486927755895, "F2": 0.8395810248970784, "F": 0.25448871596341477}, "District15": {"MEMBERS": ["DN08.4", "DN08.2", "DN08.3", "DN08", "DN13.2", "DN10.2", "DN09", "DN01.1", "CL34.2", "DN07.1", "DN16", "DN18", "CL36", "DN39.1", "DN05.5", "DN39", "DN13.1", "CL35", "DN08.1", "DN14.1", "DN08.5"], "DISTRICT": "District15", "Capacity": 1269, "Population": 935, "Area": 424978722.4945232, "Perimeter": 181663.8794525602, "F1": 0.2631985873664414, "F2": 0.8381771364572715, "F": 0.4356921520936904}, "District16": {"MEMBERS": ["DS07.11", "DS07.4", "DS07.3", "DS10", "DS06.8", "DS07.2", "DS06.7", "DS06.4", "DS07.5", "DS06", "DS06.3", "DS05", "DS07.7", "DS06.1", "DS06.5", "DS07.6", "DS04.1", "CL39", "DN41", "WL66", "DS06.2", "WL67", "DS12.2", "DN42", "WL45", "DS07.9", "DS07", "WL65", "WL67.1", "DS04", "DS07.1"], "DISTRICT": "District16", "Capacity": 1445, "Population": 1022, "Area": 2177780140.5981245, "Perimeter": 367282.8738545445, "F1": 0.2927328768669005, "F2": 0.7971277988942591, "F": 0.44405135347510805}},