{"solution": {"districts": {"District0": {"MEMBERS": ["CL27", "CL26", "CL25", "CL37", "CL34.3", "CL34.5", "CL32", "CL34.2", "CL19", "CL28", "CL32.2", "DN50.1", "CL19.1", "CL21.1", "CL37.1", "CL07.1", "CL05.1", "CL34", "CL06", "CL32.1", "WL25", "WL39", "WL27", "WL26.2", "WL38", "WL38.1"], "DISTRICT": "District0", "Capacity": 1361, "Population": 1294, "Area": 813519873.0291467, "Perimeter": 350261.7133693037, "F1": 0.04922778068164746, "F2": 0.9166716667595624, "F": 0.30946094650502187}, "District1": {"MEMBERS": ["EL27", "EL26", "EL29", "EL48", "EL25", "EL21", "EL20", "EL15", "EL56", "EL28", "EL47", "EL49", "EL55", "EL51", "EL46", "EL45"], "DISTRICT": "District1", "Capacity": 1423, "Population": 1112, "Area": 94236556.72612827, "Perimeter": 64311.80411075342, "F1": 0.21855165693217393, "F2": 0.7136825037881046, "F": 0.3670909109889531}, "District2": {"MEMBERS": ["DN33", "DN34", "DN47.2", "DN36.1", "DN32.6", "DN32.4", "DN36", "DN37", "DN44.1", "DN32.7", "DN32.3", "DN34.1", "DN32.5", "DN46.1", "DN44.3", "DN36.2", "DN36.13", "DN45.1", "DN45", "DN36.14", "DN32", "DN34.3", "DN30", "DN45.3", "DN45.2", "DN44", "DN32.8", "DN30.1"], "DISTRICT": "District2", "Capacity": 1855, "Population": 2463, "Area": 191912182.47163635, "Perimeter": 131839.54640714262, "F1": 0.32776333516030554, "F2": 0.8612538285577809, "F": 0.4878104831795481}, "District3": {"MEMBERS": ["EL09", "EL10", "EL18", "EL03", "EL22", "EL19", "EL16", "EL11", "EL23", "EL24", "EL07", "EL05", "EL06", "EL17", "EL34", "EL04", "EL08", "EL12", "EL35", "EL02", "EL54"], "DISTRICT": "District3", "Capacity": 1438, "Population": 2147, "Area": 247320161.594279, "Perimeter": 107884.44048659326, "F1": 0.4930465821067693, "F2": 0.7329751016042052, "F": 0.5650251379560001}, "District4": {"MEMBERS": ["WL22.1", "WL50", "WL22.2", "WL60", "WL61", "WL21.2", "WL23", "WL58", "WL24", "WL12", "WL26.3", "WL12.1", "WL27.2", "WL62", "CL05", "WL11", "WL13", "WL26.1", "WL26", "WL47", "CL02.1", "WL51", "WL57", "CL02", "WL55", "WL58.1", "WL56", "WL05", "WL26.4", "WL04", "CL01", "WL03", "WL03.1", "WL03.3", "WL03.4", "WL07"], "DISTRICT": "District4", "Capacity": 1669, "Population": 986, "Area": 2263682277.3927593, "Perimeter": 534700.8380586692, "F1": 0.40922648646359205, "F2": 0.9005044618951801, "F": 0.5566098790930685}, "District5": {"MEMBERS": ["DN13", "DN10", "DN10.1", "DN13.1", "DN13.2", "DN08.4", "DN08.5", "DN35", "DN09", "DN28.1", "DN28", "DN08.1", "DN38", "DN16", "DN08.3", "DN05", "DN08.2", "DN39", "DN39.1", "DN06", "DN07", "DN05.4"], "DISTRICT": "District5", "Capacity": 1651, "Population": 1721, "Area": 138468326.37996092, "Perimeter": 105612.68326210957, "F1": 0.04239914571532921, "F2": 0.8439987229224795, "F": 0.28287901887747424}, "District6": {"MEMBERS": ["CL13", "CL37.2", "CL31", "CL39", "CL30", "CL33", "CL36", "WL63", "WL66", "CL28.3", "WL40", "WL37", "WL67", "DS04.1", "WL67.1", "CL28.2", "CL29", "WL45", "WL30", "CL28.1", "WL31.1", "WL35", "WL41", "WL31", "WL42", "WL65", "WL36", "WL32", "WL44"], "DISTRICT": "District6", "Capacity": 1687, "Population": 1376, "Area": 3572481179.474074, "Perimeter": 457953.0208552467, "F1": 0.18435033085743724, "F2": 0.7859387992450113, "F": 0.3648268713737094}, "District7": {"MEMBERS": ["DN27", "DN25", "DN24", "DN19.6", "DN15", "DN14", "DN14.1", "DN19", "DN19.1", "DN12", "DN27.1", "DN11", "DN43", "DN31", "DN19.5", "DN44.5", "DN15.1", "DN26", "DN29", "DN23.1", "DN17", "DN05.2", "DN44.2", "DN24.1", "DN18", "DN50.2", "DN46", "DN46.2", "DN44.4", "DN05.5"], "DISTRICT": "District7", "Capacity": 1787, "Population": 1724, "Area": 180274063.74932355, "Perimeter": 138508.45050945136, "F1": 0.03525406247759333, "F2": 0.8819161318860693, "F": 0.28925268330013604}, "District8": {"MEMBERS": ["EL37", "EL36", "EL33", "EL40", "EL41", "DN21", "EL35.2", "EL13", "DN20", "DN19.2", "EL14", "DN19.4", "DN19.3", "DN20.1", "DN17.2", "EL31", "DN23", "EL32", "DN19.7", "DN04.1", "EL35.1", "EL38", "DN05.1", "EL44", "EL30", "EL52", "DN05.3", "EL36.1", "EL53", "EL01", "DN03", "DN17.1", "DN04", "EL43", "EL50", "EL39", "EL42"], "DISTRICT": "District8", "Capacity": 1498, "Population": 2216, "Area": 485474387.1242265, "Perimeter": 195746.77373991607, "F1": 0.47930639866951696, "F2": 0.8407839077584502, "F": 0.5877496513961968}, "District9": {"MEMBERS": ["WL29", "WL22", "WL59", "WL29.1", "WL21.1", "WL59.1", "WL21", "WL28", "WL49", "WL15", "WL53", "WL52", "WL53.2", "WL48", "WL46", "WL18", "WL34", "WL28.1", "WL53.1", "WL27.1", "WL32.1", "WL17", "WL19", "WL14", "WL09", "WL33", "WL10", "WL43", "WL06", "WL11.1", "WL14.1", "WL33.1", "WL09.1", "WL20", "WL54", "WL03.5", "WL08", "WL03.2", "WL02", "WL01", "WL16"], "DISTRICT": "District9", "Capacity": 1346, "Population": 1460, "Area": 3185826185.7927837, "Perimeter": 701418.5812708618, "F1": 0.08469612864267373, "F2": 0.9186275469410886, "F": 0.3348755541321981}, "District10": {"MEMBERS": ["DS13.4", "DS13.9", "DS13.8", "DS13.2", "DS15", "DS09.3", "DS19", "DS17.4", "DS14.7", "DS14.3", "DS13.1", "DS13.6", "DS12", "DS12.7", "DS16", "DS07", "DS12.3", "DS03", "DS07.9", "DS17.1", "DS09.1", "DS14.5", "DS14.9", "DS13", "DS13.11", "DS14.8", "DS07.1", "DS13.13", "DS12.1", "DS14.2", "DS14.1", "DS16.3", "DS14.4", "DS16.2", "DS13.14", "DS13.5", "DS14.11", "DS01", "DS12.5", "DS16.1", "DS14", "DS12.4", "DS14.6", "DS02"], "DISTRICT": "District10", "Capacity": 1858, "Population": 3191, "Area": 530179273.1133145, "Perimeter": 172445.29025200687, "F1": 0.7174386344594261, "F2": 0.7759577455401141, "F": 0.7349943677836325}, "District11": {"MEMBERS": ["DN47", "DN51.1", "DN47.1", "DN36.12", "DN36.11", "DN53", "DN22", "DN48", "DN34.2", "DN49", "DN36.15", "DN48.2", "DN52", "DN48.1", "DN51", "DN36.5", "EL41.1"], "DISTRICT": "District11", "Capacity": 1935, "Population": 870, "Area": 671283630.0417978, "Perimeter": 143849.04748730667, "F1": 0.5503870824269401, "F2": 0.592336395995933, "F": 0.5629718764976379}, "District12": {"MEMBERS": ["CL07.2", "CL07", "CL24", "CL04", "CL25.1", "CL09", "CL10.2", "CL04.1", "CL20.1", "CL23", "CL21", "CL18", "CL38", "CL10.1", "CL20", "CL16", "CL08", "CL11", "CL20.2", "CL22", "CL19.2", "CL03", "CL15", "CL10", "CL15.1"], "DISTRICT": "District12", "Capacity": 1722, "Population": 1814, "Area": 609178486.3327829, "Perimeter": 186545.65356971527, "F1": 0.05342682315083147, "F2": 0.7800195165215059, "F": 0.2714046311620338}, "District13": {"MEMBERS": ["DS17.7", "DS17.2", "DS07.7", "DS17", "DS17.6", "DS17.3", "DS13.7", "DS07.12", "DS12.6", "DS07.2", "DS13.3", "DS07.8", "DS10", "DS06", "DS13.12", "DS06.8", "DS07.6", "DS07.5", "DS07.3", "DS12.8", "DS08", "DS12.2", "DS06.4", "DS07.4", "DS06.5", "DS07.11"], "DISTRICT": "District13", "Capacity": 2089, "Population": 1367, "Area": 353399340.0915883, "Perimeter": 151220.8861472374, "F1": 0.34561943826893526, "F2": 0.805798741101195, "F": 0.48367322911861316}, "District14": {"MEMBERS": ["DN01.4", "DN40", "CL14.1", "DN01.2", "DN01.3", "CL14.2", "CL34.4", "CL12.1", "CL15.3", "DN01.6", "CL14", "DN01.5", "CL15.2", "CL34.1", "CL12", "CL17", "CL34.6", "CL17.1", "DN01", "DN02", "DN10.2", "DN04.2", "DN08", "DN07.1", "DN01.1"], "DISTRICT": "District14", "Capacity": 1749, "Population": 1809, "Area": 309369073.21500933, "Perimeter": 140531.58131952665, "F1": 0.03430588316577543, "F2": 0.8031484249502976, "F": 0.26495864570113203}, "District15": {"MEMBERS": ["DN36.3", "DN36.7", "DS11.1", "DN36.6", "DN36.9", "DS11", "DS09.2", "DS08.2", "DS09", "DS08.1", "DS04", "DN41", "DN42", "CL35", "DS18", "DN36.4", "DN36.8", "DS17.5", "DN32.1", "DN32.2", "DN36.16", "DS19.1", "DN50", "DN50.3", "DS06.6", "DS06.7", "DS06.3", "DS05", "DS06.2", "DS06.1"], "DISTRICT": "District15", "Capacity": 2148, "Population": 1178, "Area": 883777818.5808686, "Perimeter": 325876.2749215467, "F1": 0.45158240478779144, "F2": 0.8954202799921853, "F": 0.5847337673491095}}, "district_ids": {"WL03.4": "District4", "WL03": "District4", "WL27.2": "District4", "WL32.1": "District9", "WL02": "District9", "WL01": "District9", "WL55": "District4", "WL56": "District4", "CL03": "District12",