{"solution": {"districts": {"District0": {"MEMBERS": ["CL27", "CL28.1", "CL06", "WL25", "CL05", "WL24", "CL28.3", "WL23", "WL28", "WL26.2", "CL07", "WL12.1", "WL26", "WL51", "WL28.1", "CL09", "WL26.1", "CL07.1", "CL18", "CL20", "WL61", "CL29", "WL27.1", "CL24", "CL26", "CL37.1"], "DISTRICT": "District0", "Capacity": 1361, "Population": 1217, "Area": 745927407.5452149, "Perimeter": 272740.86495902465, "F1": 0.10580382729019966, "F2": 0.8739897126928436, "F": 0.33625959291099283}, "District1": {"MEMBERS": ["EL27", "EL14", "EL32", "EL26", "EL56", "EL21", "EL30", "EL28", "EL31", "EL29", "EL15", "EL16", "EL33", "EL35.2", "EL18", "EL25", "EL35", "EL24", "EL48", "EL20", "EL19", "EL17"], "DISTRICT": "District1", "Capacity": 1423, "Population": 1600, "Area": 151358767.86644444, "Perimeter": 97383.0989957965, "F1": 0.12438579673657202, "F2": 0.7994372545197235, "F": 0.3269012340715174}, "District2": {"MEMBERS": ["DN33", "DN34.3", "DN32.7", "DN32.4", "DN32.2", "DN34", "DN47.2", "DN32.8", "DN36.7", "DN32", "DN47.1", "DN32.5", "DN34.2", "DN34.1", "DN44.3", "DN45.2", "DN45", "DN45.3", "DN44", "DN44.2", "DN44.4"], "DISTRICT": "District2", "Capacity": 1855, "Population": 1148, "Area": 89652273.44591011, "Perimeter": 76066.6739783439, "F1": 0.3811315397243583, "F2": 0.8052926630462682, "F": 0.5083798767209312}, "District3": {"MEMBERS": ["EL09", "EL03", "EL10", "EL04", "EL55", "EL07", "EL06", "EL49", "EL34", "EL05", "EL13", "EL02", "EL54", "EL23", "EL08", "EL22", "EL12", "EL01", "DN03", "EL11", "DN04.2", "DN02", "DN07.1", "DN04.1", "DN05.2", "DN05.4", "DN05", "DN05.5", "DN07"], "DISTRICT": "District3", "Capacity": 1438, "Population": 2084, "Area": 390511032.5152832, "Perimeter": 171561.19374274966, "F1": 0.44923573401087813, "F2": 0.8332733389080391, "F": 0.5644470154800264}, "District4": {"MEMBERS": ["WL22.1", "WL22.2", "WL50", "WL14.1", "WL60", "WL58.1", "WL13", "WL21.2", "WL58", "WL14", "WL15", "WL54", "WL10", "WL53.2", "WL29.1", "WL57", "WL52", "WL11.1", "WL53", "WL06", "WL26.3", "WL07", "WL53.1", "WL26.4", "WL03.3", "WL03.2", "WL02", "WL08", "WL27.2", "WL16", "WL09", "WL03", "WL01", "WL03.5", "WL03.1", "WL27", "WL03.4", "WL09.1"], "DISTRICT": "District4", "Capacity": 1669, "Population": 873, "Area": 2530170967.4078593, "Perimeter": 318262.350494794, "F1": 0.47693169876014563, "F2": 0.686101528948667, "F": 0.539682647816702}, "District5": {"MEMBERS": ["DN13", "DN08.4", "DN10", "DN16", "DN17", "DN10.1", "DN50.2", "DN11", "DN13.1", "DN10.2", "DN05.1", "DN39", "DN08.1", "DN08.5", "DN09", "DN18", "DN13.2", "DN08.2"], "DISTRICT": "District5", "Capacity": 1651, "Population": 1426, "Area": 149326996.84472826, "Perimeter": 118647.90319757815, "F1": 0.13628044133082717, "F2": 0.8667006413514704, "F": 0.35540650133702006}, "District6": {"MEMBERS": ["CL13", "CL33", "CL32", "CL34.2", "CL34.5", "CL37.2", "CL31", "CL28.2", "CL34", "DN50.1", "CL32.2", "CL39", "CL37", "CL30", "WL39", "WL40", "WL41", "CL34.1", "WL65", "CL36", "WL45", "CL28", "WL42", "CL32.1", "CL34.4", "WL38.1", "WL33", "WL18", "CL25", "WL44", "WL67", "WL43", "CL25.1", "CL22", "CL19.1", "CL34.6", "WL63", "CL23", "WL33.1", "WL66", "DS18"], "DISTRICT": "District6", "Capacity": 1687, "Population": 1721, "Area": 3905536695.7630954, "Perimeter": 576060.3917962896, "F1": 0.020154706460256522, "F2": 0.8521046376241201, "F": 0.26973968580941554}, "District7": {"MEMBERS": ["DN27", "DN25", "DN27.1", "DN19.7", "DN38", "DN19.6", "DN19.1", "DN15", "DN19.2", "DN28", "DN20.1", "DN19.4", "DN19.3", "DN43", "DN24", "DN29", "DN14", "DN31", "DN19", "DN12", "DN28.1", "DN26", "DN15.1", "DN35", "DN14.1", "DN19.5"], "DISTRICT": "District7", "Capacity": 1787, "Population": 1653, "Area": 119063700.75506666, "Perimeter": 67181.73407038697, "F1": 0.07498545565201198, "F2": 0.6684974890857089, "F": 0.25303906568212103}, "District8": {"MEMBERS": ["EL37", "EL39", "EL42", "EL40", "EL50", "EL36", "DN21", "EL47", "EL53", "EL35.1", "DN22", "DN20", "EL36.1", "DN23", "EL46", "EL38", "DN23.1", "EL43", "EL52", "DN04", "EL45", "DN49", "EL51", "DN17.2", "DN05.3", "DN17.1", "EL44"], "DISTRICT": "District8", "Capacity": 1498, "Population": 1799, "Area": 424556749.6176378, "Perimeter": 176705.4425660279, "F1": 0.2009352389790704, "F2": 0.829137891438049, "F": 0.3893960347167639}, "District9": {"MEMBERS": ["WL29", "WL22", "WL21.1", "WL59", "WL32", "WL32.1", "WL31.1", "WL35", "WL37", "WL59.1", "WL49", "WL36", "WL21", "WL34", "WL17", "WL30", "WL48", "WL19", "WL46", "WL38", "WL31", "WL20"], "DISTRICT": "District9", "Capacity": 1346, "Population": 1331, "Area": 916550417.7682172, "Perimeter": 213909.82594899062, "F1": 0.011143395162381942, "F2": 0.7482875162556168, "F": 0.23228663149035236}, "District10": {"MEMBERS": ["DS13.4", "DS13.1", "DS12", "DS07", "DS13.2", "DS19", "DS13.8", "DS13.9", "DS07.9", "DS12.5", "DS07.1", "DS03", "DS13", "DS14.11", "DS16.1", "DS17.4", "DS01", "DS17.3", "DS12.7", "DS19.1", "DS13.14", "DS09.3", "DS09.1", "DS13.7", "DS12.6", "DS13.12", "DS14.7", "DS12.1", "DS13.11", "DS13.6", "DS13.5", "DS14.2", "DS12.4", "DS13.13", "DS14", "DS14.4", "DS14.1", "DS14.5", "DS16", "DS02", "DS14.3", "DS16.3", "DS16.2", "DS14.8", "DS14.6", "DS14.9"], "DISTRICT": "District10", "Capacity": 1858, "Population": 3112, "Area": 480486142.57964265, "Perimeter": 171013.95326976848, "F1": 0.6749197972286343, "F2": 0.7935439386331175, "F": 0.7105070396499792}, "District11": {"MEMBERS": ["DN47", "DN51", "DN48", "DN36.1", "DN36", "DN36.6", "DN36.2", "DN48.2", "DN52", "DN53", "EL41.1", "EL41", "DN36.13", "DN36.12", "DN46.1", "DN46", "DS15", "DN45.1", "DN24.1", "DN46.2", "DN48.1", "DN51.1"], "DISTRICT": "District11", "Capacity": 1935, "Population": 1864, "Area": 703679213.2664942, "Perimeter": 177296.81917305224, "F1": 0.03669199464241868, "F2": 0.718691601750853, "F": 0.24129187677494893}, "District12": {"MEMBERS": ["CL07.2", "CL04.1", "CL04", "WL62", "CL08", "WL11", "CL05.1", "CL11", "CL10.2", "WL12", "CL10.1", "CL12", "CL02.1", "WL55", "CL02", "CL10", "WL47", "CL01", "WL04", "WL05", "CL38", "CL03", "CL17", "CL17.1", "WL56"], "DISTRICT": "District12", "Capacity": 1722, "Population": 1342, "Area": 1976687359.2380884, "Perimeter": 324632.0322181438, "F1": 0.22067305911339685, "F2": 0.7642970011651742, "F": 0.38376024172893003}, "District13": {"MEMBERS": ["DS17.7", "DS07.7", "DS07.12", "DS09", "DS09.2", "DS11.1", "DS07.8", "DS12.2", "DS12.3", "DS07.6", "DS07.3", "DS11", "DS17.5", "DS06.5", "DS17.1", "DS06", "DS06.4", "DS07.5", "DS07.4", "DS13.3", "DS10", "DS17.2", "DS12.8", "DS17.6", "DS07.11", "DS17", "DS06.8"], "DISTRICT": "District13", "Capacity": 2089, "Population": 1563, "Area": 420382273.60805124, "Perimeter": 189701.06517850314, "F1": 0.2517946421646978, "F2": 0.8532038316707664, "F": 0.43221739901651834}, "District14": {"MEMBERS": ["DN01.4", "DN40", "DN01.6", "CL14", "CL15.1", "DN01.5", "CL15", "DN01.3", "CL15.3", "CL15.2", "CL14.2", "DN01.1", "CL14.1", "DN39.1", "DN01", "CL16", "DN08", "DN06", "DN08.3", "CL19.2", "CL20.1", "CL21.1", "DN01.2", "CL21", "CL20.2", "CL12.1", "CL19", "CL34.3"], "DISTRICT": "District14", "Capacity": 1749, "Population": 2315, "Area": 223388675.27128056, "Perimeter": 131409.86652399125, "F1": 0.3236140576122697, "F2": 0.8374394842878672, "F": 0.4777616856149489}, "District15": {"MEMBERS": ["DN36.3", "DN36.4", "DN36.14", "DN36.16", "DN37", "DN32.6", "DN36.8", "DS08", "DN36.11", "DN32.1", "DN50", "DS08.2", "DN36.15", "DN42", "DN36.5", "DN30", "DS08.1", "DS06.6", "DN32.3", "CL35", "DN30.1", "DN44.1", "DN44.5", "DS06.7", "DS04", "DN36.9", "DN50.3", "DS07.2", "DS06.1", "DS06.3", "DS06.2", "DN41", "DS05", "DS04.1", "WL67.1"], "DISTRICT": "District15", "Capacity": 2148, "Population": 1680, "Area": 1303104145.5068762, "Perimeter": 301556.71273943887, "F1": 0.21787663306388916, "F2": 0.8199260091877965, "F": 0.39849144590106134}}, "district_ids": {"WL03.4": "District4", "WL03": "District4", "WL27.2": "District4", "WL32.1": "District9", "WL02": "District4", "WL01": "District4", "WL55": "District12", "WL56": "District12", "CL03": "District12",