{"solution": {"districts": {"District0": {"MEMBERS": ["EL03", "EL09", "EL04", "EL07", "EL08", "EL05", "EL06", "EL12", "EL13", "EL11", "EL17", "EL34", "EL35", "EL19"], "DISTRICT": "District0", "Capacity": 1216, "Population": 780, "Area": 127732802.03731273, "Perimeter": 73474.11416790348, "F1": 0.3585518144855936, "F2": 0.7026666761648273, "F": 0.4617862729893637}, "District1": {"MEMBERS": ["EL27", "EL15", "EL56", "EL26", "EL14", "EL32", "EL29", "EL31", "EL48", "EL28", "EL25", "EL49", "EL55", "EL20", "EL16", "EL21", "EL10", "EL23", "EL30", "EL24", "EL18", "EL22"], "DISTRICT": "District1", "Capacity": 1264, "Population": 1187, "Area": 189841343.99550673, "Perimeter": 76115.6385583621, "F1": 0.06091693780920149, "F2": 0.5882317339992462, "F": 0.21911137666621489}, "District2": {"MEMBERS": ["CL37", "CL37.1", "CL32.1", "CL25", "CL31", "CL28.1", "CL27", "CL07.1", "CL26", "DS18", "CL06", "CL28.2", "CL37.2", "CL24", "CL29", "WL39", "WL38.1", "CL28", "WL63", "CL28.3", "CL30"], "DISTRICT": "District2", "Capacity": 1255, "Population": 861, "Area": 915980400.1529183, "Perimeter": 224413.0369766379, "F1": 0.31394343176140693, "F2": 0.7714401834761196, "F": 0.4511924572758207}, "District3": {"MEMBERS": ["DN36.3", "DS08.2", "DN32.6", "DS11.1", "DN37", "DN36.9", "DN36.8", "DN33", "DN32.7", "DS09", "DN41", "DN42", "DN36.11", "DN36.14", "DN36.15", "DN36.7", "DS08.1", "DS04", "DN36.4", "DN36.16", "DN36.5"], "DISTRICT": "District3", "Capacity": 1269, "Population": 925, "Area": 518472092.59678185, "Perimeter": 190919.200063779, "F1": 0.27107880795052164, "F2": 0.8212541214264228, "F": 0.436131401993292}, "District4": {"MEMBERS": ["WL30", "WL22", "WL37", "WL38", "WL59", "WL40", "CL39", "WL21", "WL31", "WL59.1", "WL35", "WL21.1", "WL41", "WL29", "WL34", "WL49", "WL36", "WL17", "WL18", "WL32", "WL19", "WL44", "WL43", "WL20", "WL48", "WL33", "WL31.1", "WL32.1", "WL46", "WL54", "WL33.1", "WL42"], "DISTRICT": "District4", "Capacity": 1187, "Population": 1090, "Area": 3088491530.4231343, "Perimeter": 395814.1043975156, "F1": 0.08171778364180471, "F2": 0.7522727696100695, "F": 0.2828842794322841}, "District5": {"MEMBERS": ["DN01.4", "DN01.3", "DN01", "DN01.6", "CL12", "DN01.1", "CL12.1", "CL17", "CL14.1", "DN10.2", "DN08", "CL17.1", "DN40", "DN08.3", "CL15.1", "CL14.2", "DN01.5", "CL10.1", "DN08.2", "CL14", "DN01.2", "DN02", "CL15", "CL15.2"], "DISTRICT": "District5", "Capacity": 1242, "Population": 1383, "Area": 258262710.71193093, "Perimeter": 120163.93737580352, "F1": 0.11352736623568949, "F2": 0.7752378030453234, "F": 0.31204049727857963}, "District6": {"MEMBERS": ["DS17", "DS17.2", "DS13.12", "DS17.7", "DS12.6", "DS12.2", "DS07.12", "DS07.7", "DS12.8", "DS17.4", "DS13.7", "DS12.3", "DS07.2", "DS17.6", "DS19.1", "DS08", "DS10", "DS13.1", "DS17.3", "DS13.11", "DS19", "DS03"], "DISTRICT": "District6", "Capacity": 1388, "Population": 1384, "Area": 213525873.18936846, "Perimeter": 175283.8598319495, "F1": 0.0028811311031619047, "F2": 0.9126673749287636, "F": 0.2758170042508423}, "District7": {"MEMBERS": ["CL15.3", "CL34.4", "CL34.3", "CL34.1", "CL34.2", "CL36", "CL32", "CL19", "CL33", "CL34.5", "CL32.2", "CL35", "CL25.1", "CL19.2", "DN10.1", "DN50.1", "CL22", "DN50.3", "CL16", "DN50.2", "CL13", "CL19.1", "DN28", "DN32.1", "CL34.6", "DN32.4", "DN34.3", "DN50", "DN30.1", "DN28.1", "DN30", "CL34", "DN32.2", "DN35"], "DISTRICT": "District7", "Capacity": 1197, "Population": 1653, "Area": 626236020.0478983, "Perimeter": 239717.98667260594, "F1": 0.38095320483748374, "F2": 0.863054847214113, "F": 0.5255836975504724}, "District8": {"MEMBERS": ["DN32.3", "DN44", "DN45.2", "DN24.1", "DN44.2", "DN34.1", "DN24", "DN32.5", "DN44.1", "DN44.4", "DN44.3", "DN43", "DN27.1", "DN38", "DN44.5", "DN31", "DN32", "DN23.1", "DN45", "DN27", "DN32.8", "DN26", "DN25", "DN29", "DN19.6", "DN15"], "DISTRICT": "District8", "Capacity": 1260, "Population": 1184, "Area": 139317180.0220756, "Perimeter": 107922.19068428624, "F1": 0.06031667412447084, "F2": 0.8496882142466184, "F": 0.2971281361611151}, "District9": {"MEMBERS": ["DN17.1", "DN17", "DN05.3", "DN19", "DN19.5", "DN19.3", "DN05.5", "DN19.4", "DN17.2", "DN18", "DN05.1", "DN04.1", "DN21", "DN23", "DN22", "DN20.1", "DN19.7", "DN53", "DN19.2", "DN19.1", "DN20"], "DISTRICT": "District9", "Capacity": 1241, "Population": 605, "Area": 669164794.9840684, "Perimeter": 186124.06561296657, "F1": 0.512489125604439, "F2": 0.7572619339434444, "F": 0.5859209681061406}, "District10": {"MEMBERS": ["WL29.1", "WL28", "WL25", "WL24", "WL26.1", "WL26", "WL26.4", "WL27.1", "WL51", "WL26.2", "WL27.2", "WL28.1", "WL27", "WL23", "WL14.1", "WL50", "WL15", "WL14", "WL58.1", "WL21.2", "WL26.3", "WL22.1", "WL57", "WL53", "WL61", "WL22.2", "WL52", "WL60", "WL53.2", "WL06", "WL16", "WL09.1", "WL08", "WL53.1", "WL09", "WL01", "WL10"], "DISTRICT": "District10", "Capacity": 1224, "Population": 408, "Area": 1911398654.1015615, "Perimeter": 421754.60216344683, "F1": 0.6666658523965208, "F2": 0.8649665140469458, "F": 0.7261560508916483}, "District11": {"MEMBERS": ["EL38", "EL44", "EL45", "EL53", "EL52", "EL51", "EL47", "EL37", "EL36", "EL39", "EL40", "EL50", "EL43", "EL35.2", "EL35.1", "EL01", "EL33", "EL02", "EL46", "EL54", "EL42", "EL36.1", "DN04", "DN03", "EL41", "EL41.1"], "DISTRICT": "District11", "Capacity": 1169, "Population": 1558, "Area": 365957217.0582355, "Perimeter": 160422.96153676262, "F1": 0.33276388936900014, "F2": 0.8213071722939888, "F": 0.47932687424649667}, "District12": {"MEMBERS": ["DS12.5", "DS12.4", "DS02", "DS14.11", "DS13.6", "DS14.7", "DS14.1", "DS13", "DS14.2", "DS13.8", "DS13.4", "DS15", "DS12.1", "DS13.5", "DS13.9", "DS13.14", "DS01", "DS09.1", "DS14.3", "DS14", "DS14.9", "DS09.3", "DS14.8", "DS16.1", "DS13.13", "DS14.6", "DS14.5", "DS16", "DS16.2", "DS14.4", "DS16.3"], "DISTRICT": "District12", "Capacity": 1452, "Population": 1645, "Area": 313201178.2059402, "Perimeter": 105229.93390341538, "F1": 0.13292079109558674, "F2": 0.6445695299324982, "F": 0.28641541274666016}, "District13": {"MEMBERS": ["CL07.2", "CL04.1", "CL10", "CL10.2", "CL04", "CL05.1", "CL07", "CL05", "CL08", "CL09", "CL20.1", "WL11", "CL20", "WL12", "CL21", "CL18", "CL38", "CL20.2", "CL21.1", "WL47", "WL13", "WL56", "WL55", "WL04", "WL11.1", "WL58", "CL23", "WL05", "WL12.1", "WL03", "WL62", "CL11", "CL03", "WL03.4", "CL02", "WL03.2", "WL03.3", "WL03.5", "CL01", "WL03.1", "WL02", "CL02.1", "WL07"], "DISTRICT": "District13", "Capacity": 1215, "Population": 1544, "Area": 2930854617.8050513, "Perimeter": 422521.44472373225, "F1": 0.27078270559026585, "F2": 0.793696484765806, "F": 0.42765683934292786}, "District14": {"MEMBERS": ["DN51", "DN51.1", "DN47", "DN48", "DN47.2", "DN36.1", "DN34", "DN36.2", "DN36.6", "DN47.1", "DN36", "DN36.12", "DN46", "DN34.2", "DS11", "DN45.3", "DN45.1", "DN48.2", "DS09.2", "DN46.1", "DN49", "DS13.2", "DN52", "DS17.5", "DN36.13", "DS17.1", "DN46.2", "DN48.1"], "DISTRICT": "District14", "Capacity": 1339, "Population": 2019, "Area": 323877444.40467846, "Perimeter": 165927.2109668876, "F1": 0.5078424084552471, "F2": 0.8521724629484357, "F": 0.6111414248032037}, "District15": {"MEMBERS": ["DN08.4", "DN16", "DN39", "DN05", "DN05.4", "DN13", "DN09", "DN06", "DN39.1", "DN08.1", "DN15.1", "DN07.1", "DN07", "DN10", "DN05.2", "DN04.2", "DN14", "DN14.1", "DN12", "DN13.1", "DN11", "DN13.2", "DN08.5"], "DISTRICT": "District15", "Capacity": 1269, "Population": 1117, "Area": 141460563.88706088, "Perimeter": 93346.83548140494, "F1": 0.11977857273618142, "F2": 0.7959925395670537, "F": 0.32264276278544307}, "District16": {"MEMBERS": ["DS07.11", "DS07.3", "DS07.4", "DS07.1", "DS06.5", "DS06", "DS06.4", "DS07.6", "DS07", "DS07.5", "DS07.9", "DS12.7", "DS07.8", "DS06.8", "DS06.7", "DS04.1", "DS13.3", "DS06.6", "WL66", "DS06.3", "DS12", "DS05", "WL65", "WL67", "DS06.2", "WL67.1", "DS06.1", "WL45"], "DISTRICT": "District16", "Capacity": 1445, "Population": 716, "Area": 1796608391.3623273, "Perimeter": 385372.15001462365, "F1": 0.5044975812837538, "F2": 0.8479793322290251,