{"solution": {"districts": {"District0": {"MEMBERS": ["CL27", "CL06", "CL07", "CL07.1", "WL24", "CL05", "CL28", "WL25", "WL38", "CL24", "WL26", "WL27", "WL39", "WL58", "WL63", "WL40", "WL59.1", "WL26.1", "WL26.3", "CL39", "WL27.1", "WL59", "WL27.2", "WL51", "WL13", "WL38.1", "WL23", "WL28.1", "WL26.2", "WL61"], "DISTRICT": "District0", "Capacity": 1361, "Population": 964, "Area": 1228005368.659712, "Perimeter": 378156.1088291847, "F1": 0.29169655186115684, "F2": 0.8920884604611724, "F": 0.4718141244411615}, "District1": {"MEMBERS": ["EL27", "EL15", "EL28", "EL26", "EL56", "EL29", "EL48", "EL16", "EL31", "EL21", "EL11", "EL18", "EL25", "EL19", "EL51", "EL52", "EL24", "EL23", "EL20", "EL17", "EL49", "EL45"], "DISTRICT": "District1", "Capacity": 1423, "Population": 1891, "Area": 166688578.71977454, "Perimeter": 101629.596696667, "F1": 0.3288833357070742, "F2": 0.7971965665506562, "F": 0.46937730496014873}, "District2": {"MEMBERS": ["DN33", "DN34.3", "DN32.1", "DN36.7", "DN34.1", "CL35", "DN34", "DN50", "DN37", "DN50.2", "DN30.1", "DN10.1", "DN34.2", "DN44.5", "DN44.3", "DN28", "DN28.1", "DN30", "DN32", "DN43", "DN38", "DN32.4", "DN31", "DN45.1", "DN32.7", "DN50.3"], "DISTRICT": "District2", "Capacity": 1855, "Population": 1818, "Area": 251756353.9219029, "Perimeter": 182266.13673526616, "F1": 0.01994555784395924, "F2": 0.9047690038330688, "F": 0.28539259164069203}, "District3": {"MEMBERS": ["EL09", "EL03", "EL02", "EL05", "EL34", "EL01", "EL12", "DN03", "EL54", "EL07", "EL08", "DN02", "EL06", "EL04", "EL10", "EL55", "EL22", "DN07.1"], "DISTRICT": "District3", "Capacity": 1438, "Population": 1508, "Area": 261543839.34757078, "Perimeter": 117484.78856044676, "F1": 0.04867940856273023, "F2": 0.7618826287060921, "F": 0.26264037460573875}, "District4": {"MEMBERS": ["WL22.1", "WL21.2", "WL21.1", "WL21", "WL31.1", "WL31", "WL36", "WL49", "WL32.1", "WL35", "WL48", "WL32", "WL19", "WL41", "WL42", "WL65", "WL67", "WL45", "WL44", "WL33", "WL18", "WL46", "WL43", "WL33.1", "WL34"], "DISTRICT": "District4", "Capacity": 1669, "Population": 1072, "Area": 2923962537.0288177, "Perimeter": 361759.548632992, "F1": 0.3576986257777195, "F2": 0.7192358444460543, "F": 0.4661597913782199}, "District5": {"MEMBERS": ["DN13", "DN09", "DN10.2", "DN08.4", "DN13.1", "DN11", "DN10", "DN14", "DN15", "DN13.2", "DN08.5", "DN08.1", "DN15.1", "DN08.2", "DN18", "DN19", "DN19.5", "DN19.7", "DN19.3", "DN14.1", "DN16", "DN19.4", "DN19.2", "DN05.5", "DN23", "DN23.1", "DN05", "DN05.2"], "DISTRICT": "District5", "Capacity": 1651, "Population": 1622, "Area": 172540171.09913278, "Perimeter": 124522.22734328521, "F1": 0.01756451231033007, "F2": 0.8601680778135846, "F": 0.2703455819613064}, "District6": {"MEMBERS": ["CL13", "CL37.2", "CL37.1", "CL33", "CL32", "CL34", "CL37", "CL34.2", "CL34.5", "CL28.2", "CL26", "CL34.3", "CL36", "CL34.4", "CL28.3", "CL29", "CL30", "CL28.1", "DS18", "DN50.1", "CL32.2", "CL31"], "DISTRICT": "District6", "Capacity": 1687, "Population": 1187, "Area": 920403894.0613563, "Perimeter": 222372.67049326497, "F1": 0.29638352521408695, "F2": 0.7661025493455025, "F": 0.43729923245351154}, "District7": {"MEMBERS": ["DN27", "DN24", "DN25", "DN24.1", "DN19.6", "DN26", "DN46", "DN44", "DN46.1", "DN29", "DN45.3", "DN27.1", "DN44.4", "DN48.2", "DN47.1", "DN49", "DN32.3", "DN32.5", "DN12", "DN19.1", "DN44.2", "DN45", "DN45.2", "DN32.2", "DN46.2", "DN32.8", "DN44.1", "DN35"], "DISTRICT": "District7", "Capacity": 1787, "Population": 1820, "Area": 163168703.70095065, "Perimeter": 139586.48967305932, "F1": 0.018467257870916187, "F2": 0.8947650604716739, "F": 0.28135659865114343}, "District8": {"MEMBERS": ["EL37", "EL33", "EL35", "EL32", "EL13", "EL30", "EL35.1", "EL47", "EL36.1", "EL36", "DN04.2", "EL38", "EL39", "EL14", "DN04", "EL46", "DN07", "EL53", "DN06", "DN04.1", "DN05.3", "DN05.1", "DN17.1", "DN17.2", "DN17", "EL35.2", "EL50", "DN05.4", "DN20.1"], "DISTRICT": "District8", "Capacity": 1498, "Population": 1842, "Area": 300813438.4831578, "Perimeter": 150306.7073258607, "F1": 0.22964017870734188, "F2": 0.8326790291679472, "F": 0.4105518338455234}, "District9": {"MEMBERS": ["WL29", "WL22", "WL22.2", "WL50", "WL30", "WL14.1", "WL15", "WL37", "WL10", "WL07", "WL29.1", "WL58.1", "WL28", "WL60", "WL08", "WL17", "WL20", "WL02", "WL57", "WL11.1", "WL26.4", "WL09", "WL14", "WL52", "WL54", "WL53.2", "WL05", "WL16", "WL09.1", "WL03.4", "WL53", "WL01", "WL53.1"], "DISTRICT": "District9", "Capacity": 1346, "Population": 940, "Area": 2398602094.618523, "Perimeter": 506545.4184326993, "F1": 0.3016337347575503, "F2": 0.8825288313366308, "F": 0.4759022637312744}, "District10": {"MEMBERS": ["DS13.4", "DS13.11", "DS13", "DS01", "DS13.6", "DS14.2", "DS03", "DS13.5", "DS13.2", "DS14.7", "DS12.5", "DS14.3", "DS14.11", "DS13.13", "DS13.9", "DS14.9", "DS13.1", "DS14.4", "DS14", "DS14.6", "DS02", "DS16.3", "DS14.5", "DS13.14", "DS16", "DS14.8"], "DISTRICT": "District10", "Capacity": 1858, "Population": 2108, "Area": 144056663.43653345, "Perimeter": 83705.36412769172, "F1": 0.13455381520692256, "F2": 0.7416332419702596, "F": 0.3166776432359236}, "District11": {"MEMBERS": ["DN47", "DN51.1", "DN36.1", "DN36", "DN48", "DN36.4", "DN36.12", "DN53", "EL41", "EL42", "DN52", "DN47.2", "EL40", "EL43", "EL44", "DN36.6", "DN48.1", "DN22", "DN21", "DN36.14", "EL41.1", "DN20", "DN36.2", "DN36.16", "DN51"], "DISTRICT": "District11", "Capacity": 1935, "Population": 1969, "Area": 835402891.5559396, "Perimeter": 192748.78742792804, "F1": 0.017571570968622385, "F2": 0.7174322919857969, "F": 0.2275297872737747}, "District12": {"MEMBERS": ["CL07.2", "CL08", "CL04.1", "CL11", "CL38", "CL09", "CL20.2", "CL20.1", "CL22", "CL21", "CL10.2", "CL05.1", "CL25.1", "CL20", "CL25", "CL23", "CL32.1", "CL19.1", "WL62", "WL12.1", "CL18", "CL10", "CL19.2", "CL10.1", "CL16", "CL17.1", "WL11", "WL47", "CL02.1", "WL12", "CL01", "WL55", "CL21.1", "WL56", "CL03", "CL04", "CL02", "WL04", "WL06", "WL03.3", "WL03.5", "WL03", "WL03.2", "WL03.1"], "DISTRICT": "District12", "Capacity": 1722, "Population": 2549, "Area": 2234029265.6198845, "Perimeter": 415432.2404973639, "F1": 0.4802560889648313, "F2": 0.8373334235689983, "F": 0.5873792893460814}, "District13": {"MEMBERS": ["DS17.7", "DS07.5", "DS07.7", "DS17.2", "DS07.4", "DS07.3", "DS17.3", "DS17", "DS07.6", "DS17.6", "DS17.1", "DS07.11", "DS07.9", "DS17.4", "DS19.1", "DS06.5", "DS17.5", "DS13.12", "DS13.7", "DS07", "DS12.2", "DS12", "DS07.12", "DS07.1", "DS12.6", "DS12.1", "DS06.8", "DS09.2", "DS15", "DS12.4", "DS13.8", "DS12.3", "DS16.1", "DS16.2", "DS09.3", "DS14.1", "DS12.8", "DS07.8", "DS09", "DS13.3", "DS12.7", "DS08", "DS19", "DS09.1"], "DISTRICT": "District13", "Capacity": 2089, "Population": 2350, "Area": 681565650.3766491, "Perimeter": 270407.94838405395, "F1": 0.12494063607017414, "F2": 0.8828671656253603, "F": 0.3523185949367299}, "District14": {"MEMBERS": ["DN01.4", "DN01.6", "DN01.5", "DN40", "CL14.2", "CL15", "DN01.3", "DN01.2", "CL15.3", "CL15.1", "CL34.1", "CL34.6", "CL12.1", "DN01", "DN01.1", "CL19", "CL14", "DN39.1", "DN08", "CL15.2", "CL17", "DN39", "CL12", "CL14.1", "DN08.3"], "DISTRICT": "District14", "Capacity": 1749, "Population": 2036, "Area": 237848084.16756502, "Perimeter": 123434.16455580483, "F1": 0.1640943329668707, "F2": 0.8038272149659756, "F": 0.35601419756660213}, "District15": {"MEMBERS": ["DN36.3", "DN36.9", "DN36.5", "DN41", "DN32.6", "DS08.1", "DN36.11", "DS06.7", "DN36.8", "DS10", "DS07.2", "DN42", "DS06", "DS06.4", "DS06.1", "DS04.1", "WL66", "DS06.3", "DN36.15", "DS05", "WL67.1", "DS04", "DS11", "DS08.2", "DS11.1", "DN36.13", "DS06.6", "DS06.2"], "DISTRICT": "District15", "Capacity": 2148, "Population": 1052, "Area": 1609995280.1880114, "Perimeter": 373208.14023161295, "F1": 0.5102416223917988, "F2": 0.8547446118223896, "F": 0.6135925192209761}}, "district_ids": {"WL03.4": "District9", "WL03": "District12", "WL27.2": "District0", "WL32.1": "District4", "WL02": "District9", "WL01": "District9", "WL55": "District12", "WL56": "District12", "CL03": "District12",