{"solution": {"districts": {"District0": {"MEMBERS": ["CL27", "CL24", "CL26", "CL28", "CL09", "CL23", "CL06", "CL18", "CL10.1", "CL28.1", "CL16", "CL20", "CL17.1", "CL21.1", "CL10", "CL19.2", "CL10.2", "CL17", "CL28.3", "CL19", "CL20.2", "CL28.2", "CL07.1", "CL22", "CL21", "CL15.3", "CL15", "CL15.2", "CL20.1", "CL25.1", "CL19.1"], "DISTRICT": "District0", "Capacity": 1361, "Population": 2224, "Area": 300582093.38909024, "Perimeter": 153899.59593274392, "F1": 0.6340933017333337, "F2": 0.8405230175287982, "F": 0.696022216471973}, "District1": {"MEMBERS": ["EL27", "EL14", "EL56", "EL13", "EL26", "EL34", "EL05", "EL12", "EL29", "EL48", "EL02", "EL07", "EL54", "EL01", "EL28", "EL20", "EL03", "EL16", "EL19", "EL15", "EL51", "EL52", "DN03"], "DISTRICT": "District1", "Capacity": 1423, "Population": 1844, "Area": 216875554.67904085, "Perimeter": 140767.17254821025, "F1": 0.2958545235709451, "F2": 0.8624635875045067, "F": 0.46583724275101357}, "District2": {"MEMBERS": ["DN33", "DN32.6", "DN36.1", "DN36.2", "DN36", "DN32.1", "DN32.4", "DN34.3", "DN32.2", "DN50", "DN32.8", "DN50.2", "DN36.6", "DN50.3", "DN50.1", "DN32.7", "DN31", "DN32.3"], "DISTRICT": "District2", "Capacity": 1855, "Population": 1359, "Area": 149900946.2732003, "Perimeter": 126669.19879148553, "F1": 0.2673849096097849, "F2": 0.8825988931805365, "F": 0.45194910468101035}, "District3": {"MEMBERS": ["EL09", "EL08", "EL10", "EL18", "EL11", "EL21", "EL25", "EL24", "EL17", "EL04", "EL23", "EL55", "EL49", "EL22", "EL06"], "DISTRICT": "District3", "Capacity": 1438, "Population": 1448, "Area": 177607999.21333316, "Perimeter": 92976.5629474988, "F1": 0.006954791328548149, "F2": 0.7418183270190193, "F": 0.22741385203568942}, "District4": {"MEMBERS": ["WL22.1", "WL22.2", "WL21.2", "WL21.1", "WL21", "WL60", "WL23", "WL50", "WL32", "WL35", "WL24", "WL34", "WL37", "WL14.1", "WL49", "WL20", "WL33", "WL51", "WL14", "WL17", "WL15", "WL18", "WL19", "WL53", "WL36", "WL52", "WL41", "WL48", "WL32.1", "WL42", "WL45", "WL57", "WL67", "WL16", "WL09.1", "WL53.1", "WL09", "WL53.2", "WL54", "WL44", "WL46", "WL43", "WL33.1", "WL61"], "DISTRICT": "District4", "Capacity": 1669, "Population": 1304, "Area": 3969620103.2379827, "Perimeter": 577023.880473718, "F1": 0.21869323416001663, "F2": 0.8501795020356037, "F": 0.4081391145226927}, "District5": {"MEMBERS": ["DN13", "DN13.1", "DN10", "DN10.1", "DN14", "DN15", "DN19", "DN35", "DN08.4", "DN08.1", "DN08.5", "DN08.2", "DN15.1", "DN10.2", "DN12", "DN39", "DN14.1", "DN13.2", "DN06", "DN08.3", "DN09", "DN16", "DN11", "DN18", "DN05.5"], "DISTRICT": "District5", "Capacity": 1651, "Population": 1937, "Area": 172425391.6236864, "Perimeter": 91888.06679518205, "F1": 0.1732289450440403, "F2": 0.7433786083493896, "F": 0.3442738440356451}, "District6": {"MEMBERS": ["CL13", "CL37", "CL37.2", "CL32", "CL32.2", "CL32.1", "CL31", "CL37.1", "CL30", "CL34.3", "DS18", "CL29", "CL39", "CL25", "CL34", "WL66", "WL40", "WL38.1", "WL65", "WL67.1", "CL34.4", "CL34.6", "CL33"], "DISTRICT": "District6", "Capacity": 1687, "Population": 862, "Area": 1605457213.376299, "Perimeter": 414627.5793125312, "F1": 0.4890331980495958, "F2": 0.8826475320286239, "F": 0.6071174982433042}, "District7": {"MEMBERS": ["DN27", "DN43", "DN44.2", "DN44", "DN46", "DN45", "DN19.1", "DN19.6", "DN26", "DN46.2", "DN27.1", "DN30.1", "DN24.1", "DN44.1", "DN30", "DN44.4", "DN23", "DN44.3", "DN25", "DN29", "DN32", "DN44.5", "DN28", "DN38", "DN19.7", "DN32.5", "DN19.2", "DN19.4", "DN28.1", "DN19.5"], "DISTRICT": "District7", "Capacity": 1787, "Population": 2108, "Area": 157487368.42794678, "Perimeter": 108271.23916738293, "F1": 0.1796312189164455, "F2": 0.8311778699584762, "F": 0.3750952142290547}, "District8": {"MEMBERS": ["EL37", "EL39", "EL32", "EL44", "EL50", "EL45", "EL31", "EL33", "EL35", "EL43", "EL35.2", "EL30", "EL46", "EL42", "EL36", "EL47", "EL40", "DN22", "EL36.1", "DN04", "EL35.1", "DN04.1", "DN05.1", "DN17.1", "DN19.3", "DN07", "DN17", "DN05", "DN05.4", "EL38", "EL53", "DN05.2"], "DISTRICT": "District8", "Capacity": 1498, "Population": 2067, "Area": 406275370.8040424, "Perimeter": 180026.44432177002, "F1": 0.3798404447273671, "F2": 0.8424720027384853, "F": 0.5186299121307025}, "District9": {"MEMBERS": ["WL29", "WL59.1", "WL22", "WL30", "WL29.1", "WL26.3", "WL28", "WL27.1", "WL28.1", "WL26.1", "WL31", "WL26", "WL25", "WL26.2", "WL27", "WL27.2", "WL38", "WL31.1", "WL26.4", "WL39", "WL63", "WL59"], "DISTRICT": "District9", "Capacity": 1346, "Population": 866, "Area": 549889690.0371362, "Perimeter": 165382.3977767757, "F1": 0.3566114460875821, "F2": 0.7473572309420833, "F": 0.47383518154393245}, "District10": {"MEMBERS": ["DS13.4", "DS13.11", "DS13.2", "DS13.1", "DS13.9", "DS15", "DS13.8", "DS19", "DS19.1", "DS16.1", "DS17.1", "DS14.4", "DS17.4", "DS07.7", "DS16.2", "DS12", "DS14.7", "DS12.5", "DS14.8", "DS14.1", "DS13.14", "DS13.6", "DS12.4", "DS03", "DS17.5", "DS13", "DS13.7", "DS14.5", "DS16", "DS09.3", "DS02", "DS09.1", "DS14.9", "DS14.2", "DS14.11", "DS14.6", "DS14", "DS14.3", "DS13.13", "DS01", "DS13.5", "DS16.3"], "DISTRICT": "District10", "Capacity": 1858, "Population": 2874, "Area": 342851155.0263814, "Perimeter": 104976.96319026852, "F1": 0.5468250724067543, "F2": 0.6090443709807889, "F": 0.5654908619789647}, "District11": {"MEMBERS": ["DN47", "DN51", "DN51.1", "DN52", "DN48.1", "DN53", "DN49", "DN48", "DN36.12", "DS11", "DN23.1", "DN46.1", "DN34.2", "EL41.1", "DN47.1", "DN45.1", "DN45.2", "DN34", "DN34.1", "DN45.3", "DN47.2", "DN48.2", "DN21", "EL41", "DN17.2", "DN24", "DN20.1", "DN05.3", "DN20"], "DISTRICT": "District11", "Capacity": 1935, "Population": 1696, "Area": 804454375.2972621, "Perimeter": 244754.4266868981, "F1": 0.1235136996200843, "F2": 0.8312475170745819, "F": 0.3358338448564335}, "District12": {"MEMBERS": ["CL07.2", "CL04", "CL03", "WL11", "WL12", "CL02.1", "CL02", "CL01", "CL05", "WL04", "WL55", "CL05.1", "CL04.1", "CL07", "CL38", "WL06", "WL13", "WL12.1", "CL08", "WL58.1", "WL03.4", "WL47", "WL03.3", "WL11.1", "WL03.1", "WL03.5", "WL03.2", "WL02", "WL56", "WL03", "WL07", "CL11", "WL08", "WL62", "WL10", "WL05", "WL01", "WL58"], "DISTRICT": "District12", "Capacity": 1722, "Population": 1449, "Area": 3515655227.905556, "Perimeter": 403715.59393280174, "F1": 0.15853600953231117, "F2": 0.7289402130441891, "F": 0.3296572705858745}, "District13": {"MEMBERS": ["DS17.7", "DS07.8", "DS12.2", "DS17.6", "DS07.5", "DS07", "DS12.6", "DS13.3", "DS13.12", "DS17", "DS17.3", "DS07.1", "DS07.9", "DS12.8", "DS07.3", "DS07.4", "DS17.2", "DS12.7", "DS06.8", "DS12.3", "DS07.12", "DS07.6", "DS10", "DS06.5", "DS06", "DS06.7", "DS06.4", "DS06.3", "DS07.11", "DS12.1"], "DISTRICT": "District13", "Capacity": 2089, "Population": 1632, "Area": 515054626.0806229, "Perimeter": 163847.05196458564, "F1": 0.21876448435249174, "F2": 0.7589062828730715, "F": 0.3808070239086656}, "District14": {"MEMBERS": ["DN01.4", "DN01", "CL12", "DN01.3", "DN01.2", "DN02", "CL12.1", "DN01.6", "DN04.2", "CL14", "DN01.1", "CL15.1", "DN39.1", "DN08", "DN01.5", "DN07.1"], "DISTRICT": "District14", "Capacity": 1749, "Population": 1499, "Area": 215633681.94219258, "Perimeter": 118950.66440104427, "F1": 0.1429382553291123, "F2": 0.8084894434973373, "F": 0.34260361177957976}, "District15": {"MEMBERS": ["DN36.3", "DN36.4", "DS11.1", "DN36.14", "DN36.8", "DN36.15", "DN36.13", "DN36.9", "DN37", "DN41", "DN36.16", "DS04", "DS08.1", "DS08", "DS09", "CL36", "DS07.2", "DN42", "DS09.2", "DS08.2", "DN36.7", "DN36.5", "DN36.11", "CL34.2", "CL35", "CL34.5", "DS04.1", "DS05", "DS06.6", "CL34.1", "CL14.1", "CL14.2", "DS06.1", "DN40", "DS06.2"], "DISTRICT": "District15", "Capacity": 2148, "Population": 1559, "Area": 1430612021.5649085, "Perimeter": 362738.531621812, "F1": 0.2742081039375788, "F2": 0.8633705396768385, "F": 0.45095683465935665}}, "district_ids": {"WL03.4": "District12", "WL03": "District12", "WL27.2": "District9", "WL32.1": "District4", "WL02": "District12", "WL01": "District12", "WL55": "District12", "WL56": "District12", "CL03": "District12",