{"solution": {"districts": {"District0": {"MEMBERS": ["EL03", "EL02", "EL05", "EL09", "EL07", "EL34", "EL12", "EL54", "EL10", "EL01", "EL04", "EL11", "EL08", "EL22", "EL55", "EL15", "DN03", "EL35", "EL17", "EL19", "DN04.2", "EL06", "EL18", "EL23", "EL24", "DN04"], "DISTRICT": "District0", "Capacity": 1216, "Population": 1674, "Area": 331358057.1641975, "Perimeter": 137724.79764723792, "F1": 0.37664554788942817, "F2": 0.7804754410457335, "F": 0.49779451583631973}, "District1": {"MEMBERS": ["EL27", "EL30", "EL28", "EL26", "EL14", "EL21", "EL13", "EL31", "EL16", "EL49", "EL20", "EL56", "EL25"], "DISTRICT": "District1", "Capacity": 1264, "Population": 555, "Area": 82759896.76067019, "Perimeter": 59503.19079673039, "F1": 0.5609169338535053, "F2": 0.7062693310466652, "F": 0.6045226530114532}, "District2": {"MEMBERS": ["CL37", "CL27", "CL28", "CL32.1", "CL34.3", "CL32", "CL37.2", "CL19.1", "CL13", "CL28.1", "CL25.1", "CL29", "CL21.1", "CL31", "CL07.1", "CL37.1", "CL20", "CL33", "WL25", "WL27", "WL26.1", "WL26.2", "CL30", "CL28.2", "WL26", "CL28.3", "CL21", "WL63", "CL06", "WL51"], "DISTRICT": "District2", "Capacity": 1255, "Population": 1089, "Area": 906541187.7927855, "Perimeter": 230318.59120953627, "F1": 0.1322701264360946, "F2": 0.7852469137893013, "F": 0.3281631626420566}, "District3": {"MEMBERS": ["DN36.3", "DN41", "DN36.7", "DN42", "DS04.1", "DN36.9", "DS04", "DS08", "DN36.4", "DS09", "DS06.7", "CL36", "CL39", "DN36.11", "WL67.1", "DN36.15", "DN32.6", "WL40", "DS08.2", "DN36.5", "DS08.1", "DS18", "DN36.13", "DS06.6", "DN36.14", "WL67", "WL45"], "DISTRICT": "District3", "Capacity": 1269, "Population": 1076, "Area": 1687723918.6319487, "Perimeter": 485831.9911360917, "F1": 0.1520874771309103, "F2": 0.9101456614499875, "F": 0.3795049324266334}, "District4": {"MEMBERS": ["WL30", "WL31.1", "WL36", "WL21.1", "WL37", "WL32", "WL35", "WL49", "WL32.1", "WL41", "WL15", "WL44", "WL53.2", "WL53", "WL38.1", "WL38", "WL28", "WL27.1", "WL54", "WL27.2", "WL53.1", "WL42", "WL52", "WL66", "WL39", "WL10", "WL65", "WL16", "WL09.1", "WL34", "WL33", "WL18", "WL43", "WL33.1", "WL17", "WL31", "WL20", "WL48", "WL46", "WL19"], "DISTRICT": "District4", "Capacity": 1187, "Population": 962, "Area": 4035882844.0969286, "Perimeter": 618340.7981072976, "F1": 0.18955266057664144, "F2": 0.8673544727139841, "F": 0.3928932042178442}, "District5": {"MEMBERS": ["DN01.4", "DN01.5", "DN01.2", "DN01", "DN01.6", "CL12.1", "DN40", "CL17", "DN01.1", "CL10.1", "CL10.2", "CL16", "DN02", "CL19.2", "CL12", "DN07.1", "CL38", "CL20.1"], "DISTRICT": "District5", "Capacity": 1242, "Population": 1177, "Area": 219608837.6775981, "Perimeter": 141275.75766257208, "F1": 0.05233414611647225, "F2": 0.8617311384082094, "F": 0.2951532438039933}, "District6": {"MEMBERS": ["DS17", "DS17.2", "DS13.7", "DS13.12", "DS13.3", "DS17.1", "DS17.3", "DS19.1", "DS12.8", "DS12.6", "DS12.3", "DS17.4", "DS07.12", "DS09.2", "DS17.5", "DS15", "DS09.1", "DS16", "DS16.3", "DS16.2", "DS14.6", "DS09.3", "DS16.1", "DS13.13", "DS14.3"], "DISTRICT": "District6", "Capacity": 1388, "Population": 1399, "Area": 188297842.83741972, "Perimeter": 151819.2804464445, "F1": 0.007925785245491479, "F2": 0.8973399784096883, "F": 0.27475004319475044}, "District7": {"MEMBERS": ["CL15.3", "CL14.1", "CL15.2", "CL34.4", "CL19", "CL15", "CL14", "CL34.6", "CL14.2", "CL17.1", "CL15.1", "CL34.1", "DN01.3", "DN10.2"], "DISTRICT": "District7", "Capacity": 1197, "Population": 458, "Area": 115125224.33860563, "Perimeter": 67390.50906412512, "F1": 0.6173759430461492, "F2": 0.6814461344507344, "F": 0.6365970004675248}, "District8": {"MEMBERS": ["DN32.3", "DN32.5", "DN44.4", "DN44.5", "DN32.2", "DN32.4", "DN32.1", "DN30", "DN34.3", "DN50.3", "DN44", "DN44.1", "DN50.2", "DN32.7", "DN44.3", "DN50", "DN24.1", "DN50.1", "DN30.1", "DN27", "DN43", "DN19.7", "DN26", "DN32.8", "DN37", "CL35", "DN25", "DN31", "DN19.2", "DN27.1", "DN34", "DN32", "DN47.2", "DN44.2"], "DISTRICT": "District8", "Capacity": 1260, "Population": 1766, "Area": 276310359.3146411, "Perimeter": 154934.9163874465, "F1": 0.4015880841143802, "F2": 0.8553533341697617, "F": 0.5377176591309947}, "District9": {"MEMBERS": ["DN17.1", "DN05.3", "DN05.1", "DN17.2", "DN20.1", "DN19.3", "DN21", "DN19.5", "DN20", "DN23", "DN04.1", "DN19.4", "DN19.6", "DN24", "DN05.2", "DN23.1", "DN15", "DN05.4", "DN29", "DN28.1", "DN19.1"], "DISTRICT": "District9", "Capacity": 1241, "Population": 599, "Area": 193161183.88652524, "Perimeter": 116556.24506826267, "F1": 0.5173239362020634, "F2": 0.8213271245569645, "F": 0.6085248927085337}, "District10": {"MEMBERS": ["WL29.1", "WL29", "WL22", "WL59", "WL26.4", "WL26.3", "WL22.1", "WL23", "WL58", "WL21", "WL14.1", "WL22.2", "WL59.1", "WL13", "WL12", "WL14", "WL11", "WL21.2", "WL57", "WL62", "WL47", "WL60", "WL28.1", "WL58.1", "WL50", "WL12.1", "WL24", "WL61", "WL06", "WL03.3", "CL05", "WL11.1", "WL07", "WL03.1", "WL03.2", "WL08", "WL09"], "DISTRICT": "District10", "Capacity": 1224, "Population": 780, "Area": 1772311473.2442343, "Perimeter": 455301.4695684484, "F1": 0.3627442862520892, "F2": 0.8925635106126424, "F": 0.5216900535602551}, "District11": {"MEMBERS": ["EL38", "EL46", "EL44", "EL47", "EL48", "EL37", "EL33", "EL43", "EL35.2", "EL35.1", "EL39", "EL32", "EL53", "EL36", "EL51", "EL45", "EL50", "EL29", "EL36.1", "EL40", "EL42", "EL52", "EL41"], "DISTRICT": "District11", "Capacity": 1169, "Population": 1321, "Area": 285235549.7301081, "Perimeter": 121215.19815797002, "F1": 0.1300265087251795, "F2": 0.7560508190238968, "F": 0.31783380181479465}, "District12": {"MEMBERS": ["DS12.5", "DS14.11", "DS12", "DS13.1", "DS13.6", "DS07", "DS19", "DS14.7", "DS12.1", "DS13.11", "DS13.5", "DS13.4", "DS07.9", "DS01", "DS13.14", "DS13.8", "DS13.9", "DS03", "DS14.2", "DS12.7", "DS14", "DS13.2", "DS02", "DS14.5", "DS14.4", "DS14.8", "DS14.9", "DS13", "DS14.1", "DS12.4"], "DISTRICT": "District12", "Capacity": 1452, "Population": 1548, "Area": 353850262.22542703, "Perimeter": 147142.19653949415, "F1": 0.06611638384217366, "F2": 0.7946215291459919, "F": 0.2846679274333191}, "District13": {"MEMBERS": ["CL07.2", "CL07", "CL08", "CL10", "CL04", "CL11", "CL24", "CL25", "CL26", "CL09", "CL22", "CL03", "CL04.1", "CL02.1", "WL56", "CL18", "CL02", "CL20.2", "CL05.1", "WL05", "WL04", "CL01", "WL03", "WL03.4", "WL02", "CL23", "WL55", "WL01", "WL03.5"], "DISTRICT": "District13", "Capacity": 1215, "Population": 1030, "Area": 2410401602.5400634, "Perimeter": 451488.71726374363, "F1": 0.15226255841759206, "F2": 0.8514045649016403, "F": 0.3620051603628065}, "District14": {"MEMBERS": ["DN51", "DN51.1", "DN47", "DN36.1", "DN36.2", "DN36.12", "DN47.1", "DN33", "DN34.1", "DN45.2", "DN52", "DS11", "DN48.1", "DN36", "DS11.1", "DN46.1", "DN46", "DN53", "DN22", "EL41.1", "DN49", "DN45", "DN45.3", "DN36.8", "DN48", "DN36.16", "DN36.6", "DN48.2", "DN45.1", "DN34.2", "DN46.2"], "DISTRICT": "District14", "Capacity": 1339, "Population": 1918, "Area": 829750387.2304784, "Perimeter": 209486.22419805892, "F1": 0.4324129840745856, "F2": 0.7624000255226233, "F": 0.5314090965089969}, "District15": {"MEMBERS": ["DN08.4", "DN08.2", "DN13", "DN09", "DN10", "DN08.1", "DN08.3", "DN08", "DN16", "DN39", "DN10.1", "DN39.1", "DN18", "CL34.2", "DN11", "DN19", "DN35", "DN28", "CL34.5", "DN06", "DN07", "DN15.1", "DN13.2", "DN14", "DN05.5", "DN17", "DN14.1", "DN05", "CL34", "DN38", "DN12", "CL32.2", "DN13.1", "DN08.5"], "DISTRICT": "District15", "Capacity": 1269, "Population": 1805, "Area": 329592773.10435367, "Perimeter": 132447.91876277767, "F1": 0.42238060344853734, "F2": 0.7638993037482873, "F": 0.5248362135384623}, "District16": {"MEMBERS": ["DS07.11", "DS07.3", "DS07.1", "DS07.6", "DS07.5", "DS06.4", "DS07.2", "DS12.2", "DS07.7", "DS06", "DS07.8", "DS17.7", "DS17.6", "DS06.1", "DS06.2", "DS06.8", "DS07.4", "DS06.3", "DS05", "DS10", "DS06.5"], "DISTRICT": "District16", "Capacity": 1445, "Population": 902, "Area": 512471414.40883684, "Perimeter": 153766.2201900498, "F1": 0.3757778589911567, "F2": 0.7276310279205627,