{"solution": {"districts": {"District0": {"MEMBERS": ["CL27", "CL28", "CL07.1", "CL37", "CL33", "CL26", "CL05.1", "CL37.1", "CL24", "CL09", "WL12.1", "CL25", "CL28.1", "CL18", "CL20", "CL34.3", "CL34", "CL23", "CL21.1", "CL19.1", "CL25.1", "CL16", "CL28.3", "CL37.2", "CL20.1", "CL20.2", "CL32", "CL32.2", "CL21", "CL22", "CL32.1"], "DISTRICT": "District0", "Capacity": 1361, "Population": 1953, "Area": 357380381.3131488, "Perimeter": 241997.81785358526, "F1": 0.4349750078253123, "F2": 0.9233137197867032, "F": 0.5814766214137295}, "District1": {"MEMBERS": ["EL27", "EL14", "EL30", "EL31", "EL26", "EL47", "EL13", "EL51", "EL12", "EL33", "EL16", "EL32", "EL52", "EL05", "EL35", "EL34", "EL02", "EL19", "EL06", "EL20", "EL29", "EL54", "EL15", "EL01", "DN03", "DN04.2", "EL36.1", "DN02"], "DISTRICT": "District1", "Capacity": 1423, "Population": 1806, "Area": 283148007.5723381, "Perimeter": 168291.57732250218, "F1": 0.26915037758854266, "F2": 0.8743684806006885, "F": 0.4507158084921864}, "District2": {"MEMBERS": ["DN33", "DN32.7", "DN36.7", "DN32.6", "DN32.4", "DN32.2", "DN32.3", "DN32.5", "DN44", "DN44.4", "DN32.8", "DN44.5", "DN45.2", "DN45", "DN45.3", "DN46.1", "DN44.3", "DN34.1", "DN45.1"], "DISTRICT": "District2", "Capacity": 1855, "Population": 937, "Area": 94362339.1461318, "Perimeter": 84078.6554937391, "F1": 0.49487816983893174, "F2": 0.8322598428383975, "F": 0.5960926717387715}, "District3": {"MEMBERS": ["EL09", "EL10", "EL55", "EL08", "EL18", "EL23", "EL17", "EL04", "EL03", "EL21", "EL22", "EL49", "EL24", "EL11", "EL07", "EL25", "EL56", "EL28", "EL48"], "DISTRICT": "District3", "Capacity": 1438, "Population": 1773, "Area": 218983010.55473736, "Perimeter": 109097.02316445149, "F1": 0.23296313468036756, "F2": 0.7687964569664681, "F": 0.3937131313661977}, "District4": {"MEMBERS": ["WL22.1", "WL50", "WL15", "WL21.2", "WL53.2", "WL21.1", "WL10", "WL54", "WL16", "WL52", "WL53.1", "WL32", "WL32.1", "WL14", "WL35", "WL21", "WL17", "WL46", "WL33", "WL09", "WL07", "WL08", "WL34", "WL40", "WL43", "WL37", "WL31.1", "WL48", "WL03.4", "WL09.1", "WL01", "WL33.1", "WL03.1", "WL41", "WL20", "WL42", "WL19", "WL49", "WL02", "WL53", "WL65", "WL45", "WL44", "WL18"], "DISTRICT": "District4", "Capacity": 1669, "Population": 1410, "Area": 4988271898.971183, "Perimeter": 547380.8102436594, "F1": 0.15518215005882474, "F2": 0.7907907677829449, "F": 0.3458647353760608}, "District5": {"MEMBERS": ["DN13", "DN09", "DN10.2", "DN01.3", "CL34.2", "DN08.1", "CL34.5", "DN13.1", "CL35", "DN50.1", "DN13.2", "DN50.3", "DN08.3", "DN08.2", "DN11", "DN14", "DN10", "DN08.4", "DN08.5"], "DISTRICT": "District5", "Capacity": 1651, "Population": 1333, "Area": 244396167.68729573, "Perimeter": 153859.75778900695, "F1": 0.19260993826402217, "F2": 0.8702658930140585, "F": 0.39590672468903304}, "District6": {"MEMBERS": ["CL13", "CL31", "CL36", "DN42", "DN32.1", "DN41", "DN30", "CL28.2", "DS08.2", "DN32", "DS08.1", "DS06.6", "CL30", "DN50.2", "DS04", "DS18", "DN10.1", "DN50", "DN12", "DN14.1"], "DISTRICT": "District6", "Capacity": 1687, "Population": 1698, "Area": 1031631622.9937494, "Perimeter": 297464.1940595254, "F1": 0.006521037305743604, "F2": 0.8534907259533263, "F": 0.26061194390001835}, "District7": {"MEMBERS": ["DN27", "DN23", "DN19.1", "DN23.1", "DN19.2", "DN19.4", "DN26", "DN20", "DN43", "DN19.7", "DN24.1", "DN31", "DN22", "DN44.2", "DN30.1", "DN38", "DN28", "DN24", "DN19.6", "DN28.1", "DN27.1", "DN35", "EL40", "DN25"], "DISTRICT": "District7", "Capacity": 1787, "Population": 1271, "Area": 237695358.91701496, "Perimeter": 112613.12895558208, "F1": 0.28875154287212346, "F2": 0.7644665925387035, "F": 0.43146605777209746}, "District8": {"MEMBERS": ["EL37", "EL38", "EL36", "EL50", "EL46", "EL45", "EL35.2", "EL44", "DN21", "DN17.2", "EL35.1", "EL43", "EL39", "DN04.1", "EL53", "DN05.3", "EL41", "DN19.3", "DN17.1", "EL41.1", "DN04", "DN20.1", "DN17", "DN05", "DN05.2", "DN19.5", "DN05.5", "DN19", "EL42", "DN18", "DN15", "DN15.1", "DN05.1", "DN29", "DN16", "DN05.4"], "DISTRICT": "District8", "Capacity": 1498, "Population": 2384, "Area": 386878812.0931836, "Perimeter": 184801.30309623727, "F1": 0.5914559306311356, "F2": 0.8576443360609991, "F": 0.6713124522600946}, "District9": {"MEMBERS": ["WL29", "WL22.2", "WL61", "WL14.1", "WL22", "WL23", "WL26.3", "WL57", "WL27.2", "WL29.1", "WL28", "WL26.1", "WL11.1", "WL47", "WL26.4", "WL26", "WL27.1", "WL24", "WL58", "WL30", "WL31", "WL36", "WL38", "WL39", "WL59.1", "WL13", "WL63", "WL59", "WL60", "CL29", "WL26.2", "WL51", "WL28.1", "WL38.1", "WL25", "CL06", "WL58.1", "WL27"], "DISTRICT": "District9", "Capacity": 1346, "Population": 1241, "Area": 1313569537.1374893, "Perimeter": 308387.71700756217, "F1": 0.07800817921242065, "F2": 0.8264323479986211, "F": 0.30253542984828075}, "District10": {"MEMBERS": ["DS13.4", "DS13", "DS13.2", "DS13.5", "DS13.8", "DS13.13", "DS13.9", "DS01", "DS13.14", "DS19", "DS17.4", "DS14.11", "DS12.5", "DS14.4", "DS14.7", "DS03", "DS13.1", "DS14.9", "DS13.6", "DS16.1", "DS14.3", "DS14.1", "DS16.2", "DS14", "DS14.2", "DS16.3", "DS14.8", "DS14.5"], "DISTRICT": "District10", "Capacity": 1858, "Population": 2039, "Area": 148987220.68504488, "Perimeter": 93769.36216490131, "F1": 0.09741710927116731, "F2": 0.7870699486336906, "F": 0.3043129610799242}, "District11": {"MEMBERS": ["DN47", "DN47.1", "DN36.1", "DN36", "DN36.4", "DN52", "DN47.2", "DN36.5", "DN48.1", "DN36.12", "DN36.13", "DN49", "DN34", "DN34.3", "DN53", "DN46", "DS15", "DN51", "DN44.1", "DN46.2", "DN51.1", "DN34.2", "DN48", "DN36.16", "DS09.1", "DS09.3", "DS16", "DN48.2"], "DISTRICT": "District11", "Capacity": 1935, "Population": 2168, "Area": 702789590.9054785, "Perimeter": 172858.46094354198, "F1": 0.1204139476981192, "F2": 0.7044343902937649, "F": 0.2956200804768129}, "District12": {"MEMBERS": ["CL07.2", "CL10", "CL04", "WL62", "CL08", "CL38", "CL07", "CL03", "WL11", "WL56", "CL10.2", "CL11", "CL10.1", "WL05", "WL12", "CL04.1", "WL06", "CL05", "CL17", "CL02", "WL04", "CL01", "WL55", "WL03.5", "CL02.1", "CL14", "WL03", "WL03.2", "CL17.1", "WL03.3", "CL15.1"], "DISTRICT": "District12", "Capacity": 1722, "Population": 1683, "Area": 2223554612.295141, "Perimeter": 435915.8321346614, "F1": 0.02264750857928277, "F2": 0.8529542829586774, "F": 0.2717395408931011}, "District13": {"MEMBERS": ["DS17.7", "DS07.5", "DS07.2", "DS08", "DS07.6", "DS12.2", "DS12.8", "DS13.3", "DS07", "DS06.7", "DS07.7", "DS04.1", "DS13.12", "DS12", "DS05", "DS12.3", "DS13.7", "DS17", "DS13.11", "CL39", "DS06.3", "DS10", "DS17.6", "WL67.1", "DS12.4", "DS06.1", "DS07.1", "WL67", "DS12.7", "WL66", "DS02", "DS07.3", "DS06.8", "DS12.1", "DS14.6", "DS06.2", "DS06.4", "DS07.4", "DS06.5", "DS07.9", "DS07.11", "DS06", "DS12.6"], "DISTRICT": "District13", "Capacity": 2089, "Population": 2051, "Area": 1806872979.5206416, "Perimeter": 408344.3311700313, "F1": 0.01819004778271882, "F2": 0.8638290630769028, "F": 0.27188175237097395}, "District14": {"MEMBERS": ["DN01.4", "DN40", "CL14.1", "CL34.1", "DN01", "DN01.1", "DN01.5", "CL12", "DN07.1", "DN07", "CL34.4", "DN08", "CL34.6", "DN06", "CL12.1", "DN39", "DN01.6", "CL14.2", "CL15", "CL15.3", "CL19", "CL19.2", "CL15.2", "DN01.2", "DN39.1"], "DISTRICT": "District14", "Capacity": 1749, "Population": 1892, "Area": 255620320.28766912, "Perimeter": 136818.14979685252, "F1": 0.0817615718595679, "F2": 0.828399791008117, "F": 0.3057530376041326}, "District15": {"MEMBERS": ["DN36.3", "DS11.1", "DN36.8", "DN36.2", "DN36.6", "DN37", "DN36.9", "DN36.11", "DN36.14", "DN36.15", "DS09", "DS11", "DS17.1", "DS17.5", "DS07.12", "DS17.3", "DS09.2", "DS19.1", "DS17.2", "DS07.8"], "DISTRICT": "District15", "Capacity": 2148, "Population": 1089, "Area": 236240955.02712986, "Perimeter": 136638.75729153774, "F1": 0.4930162965874475, "F2": 0.8409926328343817, "F": 0.5974091974615278}}, "district_ids": {"WL03.4": "District4", "WL03": "District12", "WL27.2": "District9", "WL32.1": "District4", "WL02": "District4", "WL01": "District4", "WL55": "District12", "WL56": "District12", "CL03": "District12",