{"solution": {"districts": {"District0": {"MEMBERS": ["CL27", "CL28.1", "CL07.1", "CL28", "CL24", "CL25", "CL37", "CL23", "CL25.1", "CL06", "WL25", "WL38", "WL26", "CL21.1", "CL20.1", "WL30", "WL26.2", "WL51", "CL21", "WL39", "CL20", "WL26.1", "WL31", "CL34.3", "CL20.2", "WL26.3", "WL40", "WL63", "WL28", "CL29", "WL27", "CL34.4", "CL19", "WL38.1", "CL22", "WL37"], "DISTRICT": "District0", "Capacity": 1361, "Population": 1813, "Area": 1068261816.0170954, "Perimeter": 298500.60043595074, "F1": 0.3321094685370356, "F2": 0.8493402816689513, "F": 0.48727871247661025}, "District1": {"MEMBERS": ["EL27", "EL56", "EL26", "EL16", "EL12", "EL14", "EL25", "EL15", "EL17", "EL49", "EL20", "EL29", "EL28", "EL24"], "DISTRICT": "District1", "Capacity": 1423, "Population": 1300, "Area": 101857372.81027082, "Perimeter": 76739.46206403375, "F1": 0.08643640838765698, "F2": 0.782647403175596, "F": 0.2952997068240386}, "District2": {"MEMBERS": ["DN33", "DN36.1", "DN32.4", "DN32.7", "DN32.6", "DN36", "DN36.16", "DN36.2", "DN32.1", "DN50.3", "CL35", "DN50", "DN32.8", "DN32", "DN32.2", "DN32.3"], "DISTRICT": "District2", "Capacity": 1855, "Population": 1081, "Area": 171793884.74484769, "Perimeter": 121662.79074812286, "F1": 0.4172501379123982, "F2": 0.8541514835391089, "F": 0.5483205416004113}, "District3": {"MEMBERS": ["EL09", "EL08", "EL07", "EL11", "EL18", "EL10", "EL04", "EL05", "EL21", "EL55", "EL02", "EL33", "EL23", "EL13", "EL35.1", "EL34", "EL19", "EL03", "EL22", "EL01", "EL54", "EL35", "EL06"], "DISTRICT": "District3", "Capacity": 1438, "Population": 1642, "Area": 280544908.7193126, "Perimeter": 118435.31446581127, "F1": 0.14186438705240345, "F2": 0.7486668232345395, "F": 0.32390511790704424}, "District4": {"MEMBERS": ["WL22.1", "WL22", "WL15", "WL53.1", "WL21", "WL49", "WL32", "WL16", "WL53", "WL20", "WL22.2", "WL21.2", "WL32.1", "WL31.1", "WL36", "WL09", "WL35", "WL34", "WL08", "WL53.2", "WL09.1", "WL54", "WL21.1", "WL02", "WL17", "WL03", "WL48", "WL03.5", "WL19", "WL01", "WL03.2"], "DISTRICT": "District4", "Capacity": 1669, "Population": 1074, "Area": 2266684844.489776, "Perimeter": 442966.3469749676, "F1": 0.35650030343618755, "F2": 0.8548357955579484, "F": 0.5060009510727158}, "District5": {"MEMBERS": ["DN13", "DN08.4", "DN08.5", "DN13.2", "DN11", "DN12", "DN13.1", "DN08.2", "DN08.3", "DN10.2", "DN10", "CL34.1", "DN10.1", "DN14.1", "DN08.1", "CL34.6", "DN09", "DN39", "DN39.1"], "DISTRICT": "District5", "Capacity": 1651, "Population": 1401, "Area": 161780399.55669397, "Perimeter": 96950.79716957487, "F1": 0.1514227792160946, "F2": 0.783711714045231, "F": 0.34110945966483547}, "District6": {"MEMBERS": ["CL13", "CL37.2", "CL33", "CL37.1", "CL32", "CL32.1", "CL32.2", "CL26", "CL28.2", "CL34", "CL34.5", "CL34.2", "CL31", "DN50.1", "CL36", "DN50.2", "CL28.3", "CL39", "WL66", "WL41", "DN35", "CL30", "DN28.1", "WL42", "WL45", "WL43", "WL44", "WL33", "WL33.1", "WL46", "WL18"], "DISTRICT": "District6", "Capacity": 1687, "Population": 1524, "Area": 3279002320.1618857, "Perimeter": 651739.4905824232, "F1": 0.0966206336892671, "F2": 0.9029929016343021, "F": 0.33853231407277756}, "District7": {"MEMBERS": ["DN27", "DN24.1", "DN46", "DN46.1", "DN45", "DN23", "DN45.3", "DN45.2", "DN27.1", "DN47.1", "DN20", "DN44.2", "DN25", "DN43", "DN44.5", "DN46.2", "DN24", "DN26", "DN49", "DN15", "DN28", "DN14", "DN34.2", "DN19.2", "DN15.1", "DN19.4", "DN19.6", "DN20.1", "DN19.1", "DN19.5", "DN29", "DN19.7", "DN17.2", "DN19.3", "DN23.1", "DN17.1", "DN05.3"], "DISTRICT": "District7", "Capacity": 1787, "Population": 1780, "Area": 202177785.58284563, "Perimeter": 128430.55044738472, "F1": 0.003916625607629398, "F2": 0.8459695402653424, "F": 0.25653250000494326}, "District8": {"MEMBERS": ["EL37", "EL47", "EL48", "EL36", "EL30", "EL40", "DN21", "DN22", "EL35.2", "EL36.1", "EL52", "EL38", "EL32", "EL39", "EL50", "EL31", "DN03", "EL53", "DN04.1", "EL46", "EL43", "DN05.1", "DN02", "EL45", "EL51", "DN05.2", "EL41", "EL44", "EL42"], "DISTRICT": "District8", "Capacity": 1498, "Population": 2101, "Area": 517032649.90376943, "Perimeter": 188027.7914894221, "F1": 0.40253737381483745, "F2": 0.81622613758722, "F": 0.5266440029465521}, "District9": {"MEMBERS": ["WL29", "WL29.1", "WL26.4", "WL59.1", "WL28.1", "WL59", "WL23", "WL61", "WL60", "WL27.1", "WL24", "WL50", "WL27.2", "WL14", "WL10", "WL52", "WL06", "WL05", "WL03.4", "WL04", "WL07", "WL03.3", "WL55", "WL03.1"], "DISTRICT": "District9", "Capacity": 1346, "Population": 757, "Area": 1343454294.5308762, "Perimeter": 415564.1316887413, "F1": 0.4375921289926291, "F2": 0.902241022849975, "F": 0.5769867971498328}, "District10": {"MEMBERS": ["DS13.4", "DS13.1", "DS13.9", "DS13.8", "DS13", "DS12", "DS13.2", "DS12.5", "DS13.7", "DS13.12", "DS09.2", "DN53", "DS16.1", "DS13.14", "DS09", "DS12.6", "DS12.1", "DS17", "DS12.7", "DS12.3", "DS14.4", "DS12.4", "DS14.7", "DS14.11", "DS17.5", "DS14.5", "DS02", "EL41.1", "DS14.9", "DS03", "DS09.3", "DS16.2", "DS09.1", "DS13.13", "DS14.2", "DS14.1", "DS14", "DS14.3", "DS13.6", "DS16.3", "DS13.5", "DS15", "DS16", "DS13.11", "DS14.6", "DS01", "DS14.8"], "DISTRICT": "District10", "Capacity": 1858, "Population": 3189, "Area": 905574052.6113652, "Perimeter": 240153.22636578235, "F1": 0.7163622082004188, "F2": 0.802686416970283, "F": 0.7422594708313781}, "District11": {"MEMBERS": ["DN47", "DN51", "DN47.2", "DN51.1", "DN34", "DN48", "DN34.1", "DN52", "DN36.12", "DN36.13", "DN34.3", "DN36.11", "DN48.1", "DN44.1", "DN44", "DN44.4", "DN45.1", "DN30.1", "DN30", "DN36.15", "DN48.2", "DN32.5", "DN31", "DN44.3", "DN38"], "DISTRICT": "District11", "Capacity": 1935, "Population": 2246, "Area": 230674182.13991714, "Perimeter": 168909.8294626012, "F1": 0.16072402500917837, "F2": 0.8983987604070887, "F": 0.3820264456285514}, "District12": {"MEMBERS": ["CL07.2", "CL04", "CL07", "CL38", "CL04.1", "CL10.2", "CL10.1", "CL16", "CL15.1", "CL10", "CL09", "CL18", "CL05.1", "CL19.2", "CL05", "CL12", "CL17.1", "WL12.1", "CL19.1", "CL03", "CL11", "WL62", "WL11", "WL56", "CL02", "CL02.1", "CL08", "WL12", "CL01", "WL47", "WL11.1", "WL57", "WL14.1", "WL58", "WL58.1", "WL13", "CL12.1"], "DISTRICT": "District12", "Capacity": 1722, "Population": 1988, "Area": 1887752729.180589, "Perimeter": 328476.3511742774, "F1": 0.15447211873128852, "F2": 0.7801397308422016, "F": 0.34217240236456237}, "District13": {"MEMBERS": ["DS17.7", "DS07.7", "DS07.5", "DS07.8", "DS17.6", "DS07.6", "DS07.3", "DS17.1", "DS07.2", "DS17.4", "DS06.4", "DS17.2", "DS12.2", "DS07.4", "DS07.11", "DS06.5", "DS17.3", "DS19.1", "DS12.8", "DS06", "DS07.9", "DS07", "DS06.1", "DS06.8", "DS13.3", "DS07.12", "DS19", "DS07.1"], "DISTRICT": "District13", "Capacity": 2089, "Population": 1349, "Area": 395838690.3939785, "Perimeter": 149909.65015952688, "F1": 0.35423600117646725, "F2": 0.7786554037856043, "F": 0.4815618219592083}, "District14": {"MEMBERS": ["DN01.4", "DN01.6", "DN40", "DN01.3", "DN01.5", "CL14", "CL17", "CL15", "CL15.2", "DN01.1", "DN07.1", "DN01", "DN08", "CL14.1", "CL15.3", "DN06", "DN04.2", "DN16", "DN05.5", "DN01.2", "DN04", "DN18", "DN19", "DN17", "DN05", "DN05.4", "DN07", "CL14.2"], "DISTRICT": "District14", "Capacity": 1749, "Population": 2359, "Area": 247965734.0597068, "Perimeter": 156417.15389351835, "F1": 0.34877129017283437, "F2": 0.8726400805024237, "F": 0.5059319272717111}, "District15": {"MEMBERS": ["DN36.3", "DS08.2", "DS11.1", "DN37", "DN42", "DN36.9", "DS11", "DN36.4", "DS08", "DN36.14", "DS06.6", "DN36.8", "DN36.5", "DN41", "DN36.7", "DS18", "DN36.6", "DS04.1", "DS04", "DS08.1", "WL67.1", "DS06.7", "WL67", "DS10", "WL65", "DS05", "DS06.2", "DS06.3"], "DISTRICT": "District15", "Capacity": 2148, "Population": 1124, "Area": 1469987153.975815, "Perimeter": 390946.5735864199, "F1": 0.4767220694752232, "F2": 0.8791383326583129, "F": 0.5974469484301501}}, "district_ids": {"WL03.4": "District9", "WL03": "District4", "WL27.2": "District9", "WL32.1": "District4", "WL02": "District4", "WL01": "District4", "WL55": "District9", "WL56": "District12", "CL03": "District12",