{"solution": {"districts": {"District0": {"MEMBERS": ["EL03", "EL04", "EL07", "EL02", "EL09", "EL12", "EL06", "EL13", "EL05", "EL11", "EL15", "EL16", "EL20", "EL08", "EL26"], "DISTRICT": "District0", "Capacity": 1216, "Population": 1103, "Area": 155233290.971757, "Perimeter": 74835.73391947214, "F1": 0.09292681667000968, "F2": 0.6516813853731058, "F": 0.2605531872809385}, "District1": {"MEMBERS": ["EL27", "EL14", "EL56", "EL30", "EL25", "EL21", "EL18", "EL10", "EL17", "EL49", "EL32", "EL29", "EL31", "EL55", "EL19", "EL22", "EL23", "EL24", "EL28", "EL48"], "DISTRICT": "District1", "Capacity": 1264, "Population": 875, "Area": 172959532.3431484, "Perimeter": 84521.46693202016, "F1": 0.30775237889436413, "F2": 0.6957571963815306, "F": 0.42415382414051406}, "District2": {"MEMBERS": ["CL37", "CL37.2", "CL28", "CL33", "CL26", "CL37.1", "CL32", "CL31", "CL13", "CL28.1", "CL30", "CL28.3", "DS18", "CL34", "WL63", "WL39", "CL28.2", "WL38.1", "CL34.2"], "DISTRICT": "District2", "Capacity": 1255, "Population": 530, "Area": 824252119.0318884, "Perimeter": 244027.22780481318, "F1": 0.5776884495801717, "F2": 0.826062443885774, "F": 0.6522006478718524}, "District3": {"MEMBERS": ["DN36.3", "DN37", "DS11", "DN53", "DS15", "DN41", "DS08.1", "DS09", "DS08", "EL41", "DS16.1", "DN36.8", "DS11.1", "DN36.2", "DN36.7", "DN36.4", "DS08.2", "DN36.14", "DS09.2", "DN36.5", "DN36", "DN36.16", "EL41.1"], "DISTRICT": "District3", "Capacity": 1269, "Population": 1048, "Area": 917332661.4284652, "Perimeter": 278234.16308874433, "F1": 0.17415209476633497, "F2": 0.8510927604003569, "F": 0.3772342944565415}, "District4": {"MEMBERS": ["WL30", "WL38", "WL22", "WL25", "WL26.2", "WL59.1", "WL28", "WL31", "WL26.1", "WL29", "WL27", "WL37", "WL51", "WL59", "WL31.1", "CL06", "WL36", "WL40", "CL05", "CL29", "WL12", "CL07.1", "WL26", "WL13", "WL58", "WL24", "WL12.1", "WL58.1", "WL21", "WL23"], "DISTRICT": "District4", "Capacity": 1187, "Population": 824, "Area": 1253826765.1526003, "Perimeter": 370659.77394296485, "F1": 0.3058121372720123, "F2": 0.8853176754368118, "F": 0.4796637987214521}, "District5": {"MEMBERS": ["DN01.4", "DN01.2", "DN01.3", "DN01.1", "DN40", "CL14.2", "CL12.1", "DN01.5", "CL12", "CL17", "CL17.1"], "DISTRICT": "District5", "Capacity": 1242, "Population": 803, "Area": 103854357.23592591, "Perimeter": 82928.67200093757, "F1": 0.35346135786263, "F2": 0.8102310455994499, "F": 0.490492264183676}, "District6": {"MEMBERS": ["DS17", "DS17.4", "DS19", "DS07.8", "DS13.7", "DS13.1", "DS12.6", "DS13.2", "DS17.6", "DS19.1", "DS13.12", "DS17.5", "DS13.8", "DS07.5", "DS13.13", "DS12.3", "DS14.4", "DS12.8", "DS07.7", "DS17.7", "DS14.7", "DS17.1", "DS07", "DS17.2", "DS07.12", "DS12.2", "DS07.2", "DS13.3", "DS13", "DS17.3"], "DISTRICT": "District6", "Capacity": 1388, "Population": 1948, "Area": 247123791.13161683, "Perimeter": 120094.8103051884, "F1": 0.40345892360620383, "F2": 0.7846841796223113, "F": 0.5178265004110361}, "District7": {"MEMBERS": ["CL15.3", "CL14.1", "CL34.4", "CL34.6", "CL19", "CL15.2", "CL34.1", "CL19.1", "CL34.3", "CL15", "CL15.1", "CL34.5", "CL14", "CL16", "CL32.1", "CL32.2", "CL25", "CL21.1", "CL20.2", "CL09", "CL38", "CL21"], "DISTRICT": "District7", "Capacity": 1197, "Population": 1206, "Area": 175587744.16658884, "Perimeter": 123815.97141979999, "F1": 0.007519623997329861, "F2": 0.8560701990784607, "F": 0.26208479652166905}, "District8": {"MEMBERS": ["DN32.3", "DN44.4", "DN30.1", "DN44.5", "DN32.5", "DN32", "DN50.2", "DN50.3", "DN43", "DN38", "DN32.1", "DN42", "DN10.1", "DN32.2", "DN24.1", "DN27.1", "DN44.2", "DN50.1", "CL36", "DN24", "DN32.6", "DN32.8", "DN32.4", "CL35", "DN30", "DN33", "DN31", "DN50"], "DISTRICT": "District8", "Capacity": 1260, "Population": 1545, "Area": 481891548.0370708, "Perimeter": 168330.5754613064, "F1": 0.22619126010959323, "F2": 0.786285909410291, "F": 0.3942196548998025}, "District9": {"MEMBERS": ["DN17.1", "DN05.1", "DN04.1", "DN04.2", "DN21", "DN19.3", "DN06", "DN39", "DN23", "DN19.4", "DN27", "DN07", "DN26", "DN23.1", "DN04", "DN46", "DN48.2", "DN19.7", "DN05.3", "DN48.1", "DN19", "DN45", "DN44", "DN46.1", "DN34.2", "DN45.2", "DN19.2", "DN44.1", "DN44.3", "DN20", "DN45.1", "DN20.1", "DN45.3", "DN17.2", "DN46.2"], "DISTRICT": "District9", "Capacity": 1241, "Population": 1574, "Area": 308384203.50803554, "Perimeter": 167471.76494472087, "F1": 0.26833278591190335, "F2": 0.8618283978618252, "F": 0.44638146949687985}, "District10": {"MEMBERS": ["WL29.1", "WL26.4", "WL27.2", "WL22.2", "WL61", "WL26.3", "WL27.1", "WL28.1", "WL22.1", "WL60", "WL50", "WL15", "WL49", "WL53.2", "WL21.2", "WL14", "WL53.1", "WL10", "WL32", "WL53", "WL52", "WL57", "WL54", "WL21.1", "WL20", "WL07", "WL17", "WL14.1", "WL11.1", "WL48", "WL46", "WL05", "WL03.4", "WL08", "WL18", "WL06", "WL01", "WL09.1", "WL19", "WL03", "WL03.1", "WL03.2", "WL32.1", "WL02", "WL09", "WL16"], "DISTRICT": "District10", "Capacity": 1224, "Population": 948, "Area": 2975844117.138984, "Perimeter": 409203.5859588695, "F1": 0.22548938541266839, "F2": 0.7766730266486657, "F": 0.39084447778346754}, "District11": {"MEMBERS": ["EL38", "EL37", "EL36", "EL35.2", "EL39", "EL53", "EL35.1", "EL46", "EL33", "EL40", "EL45", "EL43", "EL35", "EL01", "EL47", "DN03", "DN02", "EL54", "EL50", "EL34", "DN01", "DN01.6", "EL36.1", "EL44", "EL42", "DN22", "EL51", "EL52"], "DISTRICT": "District11", "Capacity": 1169, "Population": 1518, "Area": 446179456.7448183, "Perimeter": 200238.07531050337, "F1": 0.2985466099354439, "F2": 0.8601617082484168, "F": 0.4670311394293357}, "District12": {"MEMBERS": ["DS12.5", "DS14.11", "DS14.1", "DS03", "DS13.11", "DS13.6", "DS12.4", "DS01", "DS13.4", "DS14.2", "DS13.9", "DS14.5", "DS02", "DS14.8", "DS14.3", "DS16.2", "DS14.6", "DS12", "DS09.3", "DS16", "DS16.3", "DS14.9", "DS13.5", "DS12.1", "DS14", "DS12.7", "DS13.14", "DS09.1"], "DISTRICT": "District12", "Capacity": 1452, "Population": 1431, "Area": 309174075.2752607, "Perimeter": 124332.2094893117, "F1": 0.014462127999572139, "F2": 0.7486692475092982, "F": 0.2347242638524899}, "District13": {"MEMBERS": ["CL07.2", "CL08", "CL10", "CL07", "CL24", "CL10.1", "CL25.1", "CL04.1", "CL23", "CL11", "CL27", "CL18", "CL10.2", "CL04", "CL22", "CL20", "WL11", "WL62", "CL19.2", "CL20.1", "CL05.1", "WL47", "WL56", "WL55", "CL03", "CL01", "CL02", "WL04", "WL03.5", "CL02.1", "WL03.3"], "DISTRICT": "District13", "Capacity": 1215, "Population": 1181, "Area": 1856342238.3760602, "Perimeter": 344664.50271136756, "F1": 0.027982724049524954, "F2": 0.8036301556716937, "F": 0.26067695353617554}, "District14": {"MEMBERS": ["DN51", "DN36.12", "DN47", "DN52", "DN36.11", "DN36.9", "DN51.1", "DN49", "DN36.1", "DN48", "DN36.15", "DN47.2", "DN36.13", "DN47.1", "DN34", "DN36.6", "DN34.1", "DN34.3", "DN32.7"], "DISTRICT": "District14", "Capacity": 1339, "Population": 1325, "Area": 209121511.37570602, "Perimeter": 121552.79094816282, "F1": 0.010454824417813091, "F2": 0.8221398300528404, "F": 0.25396032610832125}, "District15": {"MEMBERS": ["DN08.4", "DN08.1", "DN13.2", "DN08.2", "DN16", "DN13", "DN11", "DN18", "DN05", "DN05.2", "DN15", "DN08", "DN19.6", "DN19.1", "DN25", "DN39.1", "DN07.1", "DN05.4", "DN10.2", "DN10", "DN29", "DN12", "DN15.1", "DN19.5", "DN08.3", "DN28", "DN17", "DN13.1", "DN28.1", "DN05.5", "DN14.1", "DN09", "DN14", "DN08.5", "DN35"], "DISTRICT": "District15", "Capacity": 1269, "Population": 1515, "Area": 208639802.98909315, "Perimeter": 101045.38897548628, "F1": 0.19385420651021112, "F2": 0.7432124120687466, "F": 0.3586616681777717}, "District16": {"MEMBERS": ["DS07.11", "DS06.5", "DS06", "DS06.1", "DS06.3", "DS07.4", "DS04.1", "DS07.6", "CL39", "DS06.7", "DS04", "DS06.2", "DS07.9", "WL66", "WL65", "DS06.6", "DS07.3", "WL45", "WL67.1", "WL44", "WL41", "DS07.1", "WL35", "DS10", "DS06.8", "DS06.4", "WL43", "WL34", "WL33", "WL33.1", "DS05", "WL67", "WL42"], "DISTRICT": "District16", "Capacity": 1445, "Population": 685, "Area": 3884635600.211663, "Perimeter": 405422.9537152556, "F1": 0.52595086833252, "F2": 0.7030088670154576,