{"solution": {"districts": {"District0": {"MEMBERS": ["EL03", "EL04", "EL07", "EL08", "EL06", "EL11", "EL05", "EL09", "EL18", "EL55", "EL19", "EL22", "EL17", "EL49", "EL20", "EL23", "EL10"], "DISTRICT": "District0", "Capacity": 1216, "Population": 884, "Area": 171167323.26061368, "Perimeter": 86921.33913222149, "F1": 0.2730254993994614, "F2": 0.7153062676496692, "F": 0.4057097298745237}, "District1": {"MEMBERS": ["EL27", "EL29", "EL30", "EL14", "EL13", "EL34", "EL31", "EL33", "EL47", "EL26", "EL52", "EL36", "EL35.1", "EL35", "EL12", "EL21", "EL25", "EL28", "EL16", "EL24", "EL56", "EL51", "EL15", "EL48", "EL35.2"], "DISTRICT": "District1", "Capacity": 1264, "Population": 1357, "Area": 229374045.57699427, "Perimeter": 139277.26137771428, "F1": 0.0735767320128422, "F2": 0.8514085908551489, "F": 0.30692628966553415}, "District2": {"MEMBERS": ["CL37", "CL33", "CL32.1", "CL31", "CL34.2", "CL37.2", "CL36", "CL30", "DS04.1", "CL34", "CL34.3", "CL37.1", "CL19", "WL66", "WL65", "DN50.1", "CL13", "CL19.1", "CL26", "CL19.2", "WL40", "CL25", "WL41", "CL32", "CL39", "CL32.2", "WL45", "WL34", "WL38.1", "WL33", "WL44", "WL43", "WL33.1", "WL42"], "DISTRICT": "District2", "Capacity": 1255, "Population": 1022, "Area": 3876517554.042612, "Perimeter": 521005.7764865043, "F1": 0.18565658019397147, "F2": 0.8205404633549314, "F": 0.3761217451422594}, "District3": {"MEMBERS": ["DN36.3", "DN36.4", "DN36.14", "DN36", "DN36.7", "DN36.15", "DN36.6", "DN36.2", "DN36.13", "DN36.5", "DN36.1", "DN36.11", "DN36.16", "DN36.8", "DN37", "DN41", "DS11", "DN32.1", "DS04", "DN50", "DN42", "CL35", "DN50.3", "DN36.9", "DS18", "DS08.1", "DS06.6"], "DISTRICT": "District3", "Capacity": 1269, "Population": 1537, "Area": 632981941.9780489, "Perimeter": 207788.52298836442, "F1": 0.21119069179518757, "F2": 0.8157709670551003, "F": 0.3925647743731614}, "District4": {"MEMBERS": ["WL30", "WL31.1", "WL21", "WL38", "WL39", "WL59", "WL63", "CL29", "WL22", "WL37", "CL06", "WL36", "CL28.3", "WL25", "CL28.1", "WL31", "WL59.1", "WL29", "WL35", "CL07.1", "CL05", "WL21.1", "WL49", "WL48", "WL32", "CL28.2", "WL32.1", "WL20", "WL46", "WL19", "WL18", "WL17"], "DISTRICT": "District4", "Capacity": 1187, "Population": 1278, "Area": 1558903890.8718693, "Perimeter": 389330.0852189636, "F1": 0.07666469185623681, "F2": 0.8707610933182514, "F": 0.31489361229484114}, "District5": {"MEMBERS": ["DN01.4", "DN01.3", "CL34.1", "DN01", "CL34.6", "DN40", "CL12", "CL34.4", "DN01.6", "CL34.5", "DN02", "DN03", "EL01", "EL02", "EL54", "DN04.2", "DN07"], "DISTRICT": "District5", "Capacity": 1242, "Population": 1007, "Area": 285343570.45882744, "Perimeter": 169844.81565686368, "F1": 0.1892101514556348, "F2": 0.8756993598662803, "F": 0.3951569139788284}, "District6": {"MEMBERS": ["DS17", "DS07.8", "DS07.5", "DS13.7", "DS19", "DS13.12", "DS17.4", "DS17.1", "DS13.1", "DS17.7", "DS12.2", "DS17.2", "DS12.3", "DS13.11", "DS13.3", "DS17.6", "DS17.3", "DS19.1", "DS12.6", "DS12.8", "DS07.12", "DS07.7"], "DISTRICT": "District6", "Capacity": 1388, "Population": 1506, "Area": 151978916.19673726, "Perimeter": 83714.72220033998, "F1": 0.08501512186588522, "F2": 0.7274855558008273, "F": 0.2777562520463678}, "District7": {"MEMBERS": ["CL15.3", "CL15.2", "CL15", "CL14", "CL17", "CL14.1", "CL12.1", "CL15.1", "CL10.1", "CL10.2", "CL14.2", "CL18", "CL20.1", "CL16", "CL21.1", "CL38", "CL09", "CL20.2", "CL07", "CL25.1", "CL23", "CL22", "CL21", "CL24", "CL10", "CL27", "CL20", "CL17.1", "CL28"], "DISTRICT": "District7", "Capacity": 1197, "Population": 1637, "Area": 225970356.94664153, "Perimeter": 112221.44164878638, "F1": 0.36758645474029694, "F2": 0.7745191576694899, "F": 0.4896662656190548}, "District8": {"MEMBERS": ["DN32.3", "DN32.2", "DN44.4", "DN32.4", "DN32.5", "DN30", "DN44.1", "DN34.3", "DN30.1", "DN44.5", "DN33", "DN32.8", "DN34.1", "DN32", "DN44.3", "DN31", "DN44.2", "DN46.1", "DN32.7", "DN32.6", "DN50.2", "DN45.1", "DN34", "DN38", "DN46.2", "DN34.2", "DN46", "DN45.2", "DN48.2", "DN44", "DN52", "DN28", "DN45.3", "DN45"], "DISTRICT": "District8", "Capacity": 1260, "Population": 1730, "Area": 264997510.69351125, "Perimeter": 156732.8751306081, "F1": 0.373016655769709, "F2": 0.864440032048202, "F": 0.5204436686532568}, "District9": {"MEMBERS": ["DN17.1", "DN17", "DN16", "DN05.2", "DN13.1", "DN05.4", "DN14.1", "DN15.1", "DN19.3", "DN19.2", "DN19.7", "DN12", "DN05.5", "DN19.4", "DN19.5", "DN10.1", "DN19", "DN05.1", "DN27", "DN35", "DN18", "DN14", "DN19.6", "DN28.1", "DN27.1", "DN19.1", "DN43", "DN29", "DN25", "DN15", "DN26"], "DISTRICT": "District9", "Capacity": 1241, "Population": 1302, "Area": 158055550.72846785, "Perimeter": 94368.02657845334, "F1": 0.04915470548626355, "F2": 0.7769666179572611, "F": 0.26749827922756275}, "District10": {"MEMBERS": ["WL29.1", "WL28.1", "WL28", "WL23", "WL26.3", "WL61", "WL27.2", "WL27", "WL26.2", "WL22.2", "WL26.4", "WL26", "WL26.1", "WL22.1", "WL24", "WL27.1", "WL58", "WL15", "WL50", "WL21.2", "WL14.1", "WL60", "WL53.1", "WL54", "WL53.2", "WL09", "WL16", "WL51", "WL52", "WL08", "WL02", "WL03.4", "WL03.1", "WL09.1", "WL01"], "DISTRICT": "District10", "Capacity": 1224, "Population": 472, "Area": 1908090083.761265, "Perimeter": 403426.4273827852, "F1": 0.6143782711243606, "F2": 0.8526737786902406, "F": 0.6858669233941246}, "District11": {"MEMBERS": ["EL38", "EL45", "EL37", "EL39", "EL44", "EL46", "EL32", "EL50", "EL43", "EL42", "EL40", "DN21", "DN17.2", "DN05.3", "EL53", "DN20", "EL36.1", "DN04", "EL41", "DN04.1", "DN23", "DN20.1", "EL41.1"], "DISTRICT": "District11", "Capacity": 1169, "Population": 1165, "Area": 325605127.8586955, "Perimeter": 149016.23670449306, "F1": 0.003420881065689607, "F2": 0.8157387907220612, "F": 0.24711625396260106}, "District12": {"MEMBERS": ["DS12.5", "DS14.11", "DS13.14", "DS03", "DS13.5", "DS14.1", "DS01", "DS13", "DS14.7", "DS13.6", "DS12", "DS13.8", "DS14.3", "DS12.1", "DS14.2", "DS13.4", "DS13.2", "DS14.4", "DS12.7", "DS17.5", "DS16.1", "DS14", "DS13.9", "DS14.6", "DS14.9", "DS14.8", "DS09.3", "DS13.13", "DS12.4", "DS16.2", "DS14.5", "DS02"], "DISTRICT": "District12", "Capacity": 1452, "Population": 1634, "Area": 336025854.29381794, "Perimeter": 127576.88702841067, "F1": 0.12534503357200388, "F2": 0.7405590318892314, "F": 0.3099092330671721}, "District13": {"MEMBERS": ["CL07.2", "CL04", "CL08", "WL62", "CL03", "CL02", "CL11", "CL02.1", "WL11", "WL56", "WL11.1", "WL12.1", "CL04.1", "WL55", "WL57", "WL12", "CL05.1", "WL13", "CL01", "WL58.1", "WL10", "WL14", "WL04", "WL53", "WL03.5", "WL05", "WL47", "WL07", "WL03.3", "WL03", "WL06", "WL03.2"], "DISTRICT": "District13", "Capacity": 1215, "Population": 680, "Area": 2723259499.4186683, "Perimeter": 378783.3163225616, "F1": 0.440328399668079, "F2": 0.7614841704302857, "F": 0.536675130896741}, "District14": {"MEMBERS": ["DN51", "DN36.12", "DN53", "DN47", "DN47.2", "DN22", "DN51.1", "DS15", "DN23.1", "DS09.1", "DN48", "DN24", "DN47.1", "DN49", "DN48.1", "DN24.1", "DS16", "DS16.3"], "DISTRICT": "District14", "Capacity": 1339, "Population": 921, "Area": 686658978.9966327, "Perimeter": 218558.03863488272, "F1": 0.3121725219404592, "F2": 0.8193585551717566, "F": 0.46432833190984835}, "District15": {"MEMBERS": ["DN08.4", "DN13.2", "DN08.2", "DN39", "DN08.5", "DN13", "DN39.1", "DN01.1", "DN09", "DN08.1", "DN07.1", "DN01.2", "DN01.5", "DN10.2", "DN08", "DN11", "DN10", "DN06", "DN08.3", "DN05"], "DISTRICT": "District15", "Capacity": 1269, "Population": 1125, "Area": 157835518.7666645, "Perimeter": 82609.2897257532, "F1": 0.11347439626891731, "F2": 0.7093590330013079, "F": 0.2922397872886344}, "District16": {"MEMBERS": ["DS07.11", "DS07.4", "DS07.2", "DS10", "DS06", "DS08", "DS06.1", "DS06.8", "DS08.2", "DS07.6", "DS07.3", "DS07.9", "DS11.1", "DS06.3", "DS09", "DS07.1", "DS06.7", "DS05", "DS09.2", "DS07", "DS06.2", "WL67.1", "WL67", "DS06.4", "DS06.5"], "DISTRICT": "District16", "Capacity": 1445, "Population": 802, "Area": 837617091.2692589, "Perimeter": 283502.03146244795, "F1": 0.44498201076137023, "F2": 0.8690386799562361,