{"solution": {"districts": {"District0": {"MEMBERS": ["EL03", "EL02", "EL35.1", "EL09", "EL35", "EL08", "EL11", "EL36", "EL16", "EL15", "EL19", "EL12", "EL17", "EL13", "EL10", "EL14", "EL07", "EL18", "EL01", "EL54", "EL35.2", "EL22", "EL05", "EL06", "EL04"], "DISTRICT": "District0", "Capacity": 1216, "Population": 1556, "Area": 293296643.210086, "Perimeter": 119902.16545083115, "F1": 0.2796060750032394, "F2": 0.7436325383690192, "F": 0.41881401401297336}, "District1": {"MEMBERS": ["EL27", "EL29", "EL48", "EL26", "EL20", "EL21", "EL25", "EL47", "EL51", "EL28", "EL24", "EL30", "EL49", "EL23", "EL32", "EL55", "EL56", "EL31"], "DISTRICT": "District1", "Capacity": 1264, "Population": 834, "Area": 148023230.94399446, "Perimeter": 80211.87249732266, "F1": 0.3401890874985041, "F2": 0.710890452566846, "F": 0.4513994970190066}, "District2": {"MEMBERS": ["CL37", "CL37.1", "CL27", "CL32", "CL24", "CL28", "CL28.2", "CL25.1", "CL26", "CL37.2", "CL09", "CL25", "CL20", "CL28.1", "CL10.2", "CL34", "CL10.1", "CL33", "CL21.1", "CL23", "CL21", "CL13", "CL22"], "DISTRICT": "District2", "Capacity": 1255, "Population": 1190, "Area": 213860393.65710574, "Perimeter": 142022.9516799768, "F1": 0.05179203942795185, "F2": 0.8667635179562538, "F": 0.2962834829864424}, "District3": {"MEMBERS": ["DN36.3", "DN36.4", "DS11.1", "DN36", "DN37", "DN42", "DN36.8", "DN36.9", "CL35", "DN36.12", "DS11", "DN36.1", "DN36.2", "DN36.7", "DN36.16", "DN36.5", "DN50.3", "DN36.14", "DN36.11", "DN36.13", "DN36.15"], "DISTRICT": "District3", "Capacity": 1269, "Population": 1316, "Area": 343159620.37764657, "Perimeter": 159747.3911715517, "F1": 0.03703781688701491, "F2": 0.8310187595442513, "F": 0.27523209968418577}, "District4": {"MEMBERS": ["WL30", "WL31", "WL22", "WL37", "WL31.1", "WL35", "WL22.2", "WL21", "WL59.1", "WL61", "WL32", "WL38.1", "WL32.1", "WL36", "WL14.1", "WL10", "WL53", "WL22.1", "WL58.1", "WL09", "WL14", "WL48", "WL46", "WL18", "WL49", "WL39", "WL08", "WL01", "WL53.1", "WL16", "WL21.1", "WL17", "WL54", "WL19", "WL53.2", "WL15", "WL21.2", "WL50", "WL09.1", "WL20"], "DISTRICT": "District4", "Capacity": 1187, "Population": 1019, "Area": 2471186606.41537, "Perimeter": 495817.88313737384, "F1": 0.14153244194159698, "F2": 0.8736803156342859, "F": 0.3611768040494036}, "District5": {"MEMBERS": ["DN01.4", "DN01.5", "DN40", "DN01", "DN02", "CL12", "DN03", "DN01.1", "DN08", "CL12.1", "DN01.6", "CL17", "DN01.2"], "DISTRICT": "District5", "Capacity": 1242, "Population": 925, "Area": 199023946.4093219, "Perimeter": 111783.20407720376, "F1": 0.2552326952074663, "F2": 0.7998470064185157, "F": 0.4186169885707811}, "District6": {"MEMBERS": ["DS17", "DS07.8", "DS07.6", "DS07.1", "DS13.3", "DS12.2", "DS07.4", "DS12.8", "DS10", "DS07.9", "DS17.3", "DS17.6", "DS07.2", "DS17.1", "DS07.7", "DS09", "DS17.7", "DS08", "DS19.1", "DS12.6", "DS17.4", "DS13.12", "DS19", "DS13.1", "DS07.12", "DS13.7", "DS07.5", "DS17.2"], "DISTRICT": "District6", "Capacity": 1388, "Population": 1769, "Area": 318133586.2014879, "Perimeter": 153673.8914374226, "F1": 0.27449638851227376, "F2": 0.8307147156601398, "F": 0.4413618866566335}, "District7": {"MEMBERS": ["CL15.3", "CL15.2", "CL34.4", "CL34.3", "CL34.5", "CL34.2", "DN50.1", "CL32.2", "CL36", "CL19.1", "CL16", "CL18", "CL15", "CL20.1", "DS18", "DN10.2", "CL14", "CL14.1", "DN01.3", "CL32.1", "CL17.1", "CL31", "CL19.2", "CL14.2", "CL34.6", "CL20.2", "CL34.1", "CL19", "CL15.1"], "DISTRICT": "District7", "Capacity": 1197, "Population": 1261, "Area": 651043394.4086885, "Perimeter": 214168.3115748952, "F1": 0.0534678274564091, "F2": 0.8216351080348591, "F": 0.283918011629944}, "District8": {"MEMBERS": ["DN32.3", "DN44.1", "DN44.3", "DN34.3", "DN45.2", "DN45", "DN30", "DN32.7", "DN32", "DN50.2", "DN44", "DN38", "DN44.4", "DN50", "DN32.1", "DN10.1", "DN34", "DN32.4", "DN32.5", "DN47.1", "DN44.5", "DN34.1", "DN32.8", "DN32.2"], "DISTRICT": "District8", "Capacity": 1260, "Population": 1201, "Area": 185266587.54552737, "Perimeter": 136425.95462885816, "F1": 0.04682461073948718, "F2": 0.8749127734300124, "F": 0.29525105954664466}, "District9": {"MEMBERS": ["DN17.1", "DN05.3", "DN17", "DN05.5", "DN04.1", "DN07", "DN04", "EL36.1", "DN05.2", "DN19", "DN05.4", "DN19.5", "DN21", "DN19.7", "DN05.1", "DN23", "DN19.4", "DN20", "DN17.2", "DN20.1", "DN24", "DN05", "DN19.1", "DN19.3", "DN19.2"], "DISTRICT": "District9", "Capacity": 1241, "Population": 842, "Area": 215200282.85636425, "Perimeter": 96646.28289748532, "F1": 0.32151410699827476, "F2": 0.7104774526839479, "F": 0.43820311070397666}, "District10": {"MEMBERS": ["WL29.1", "WL26.3", "WL28", "WL29", "WL26.1", "WL23", "WL27.1", "WL25", "CL06", "WL26.2", "WL38", "CL29", "WL26", "WL28.1", "WL27", "WL51", "CL28.3", "WL26.4", "WL27.2", "WL60", "WL59", "WL58"], "DISTRICT": "District10", "Capacity": 1224, "Population": 442, "Area": 616589791.4111315, "Perimeter": 213531.2908836581, "F1": 0.6388880748456857, "F2": 0.8300648798349335, "F": 0.69624111634246}, "District11": {"MEMBERS": ["EL38", "EL45", "EL39", "EL42", "EL40", "EL46", "DN22", "EL43", "EL41", "EL52", "DN53", "EL37", "EL33", "EL34", "DS15", "EL44", "EL50", "EL53", "DS09.1", "EL41.1", "DS09.2", "DS17.5", "DS09.3", "DS16", "DS14", "DS14.5", "DS16.3", "DS14.9", "DS14.8", "DS14.4"], "DISTRICT": "District11", "Capacity": 1169, "Population": 1615, "Area": 798765237.4535269, "Perimeter": 236568.3212098856, "F1": 0.3815235125618177, "F2": 0.8206440271035293, "F": 0.5132596669243311}, "District12": {"MEMBERS": ["DS12.5", "DS13.14", "DS14.11", "DS13.6", "DS01", "DS12.4", "DS12.1", "DS12.7", "DS13", "DS07", "DS12.3", "DS13.4", "DS13.2", "DS13.9", "DS14.2", "DS02", "DS14.1", "DS13.8", "DS13.5", "DS03", "DS12", "DS13.13", "DS13.11", "DS14.6", "DS16.1", "DS16.2", "DS14.3", "DS14.7"], "DISTRICT": "District12", "Capacity": 1452, "Population": 1417, "Area": 359090128.7610108, "Perimeter": 150692.04440610824, "F1": 0.02410400121140499, "F2": 0.80128407121004, "F": 0.2572580222109954}, "District13": {"MEMBERS": ["CL07.2", "CL05.1", "CL10", "WL12.1", "CL07", "CL07.1", "CL04.1", "CL03", "CL02", "CL08", "CL05", "CL02.1", "WL62", "WL11", "WL12", "WL13", "WL57", "CL11", "CL38", "CL04", "WL24", "WL47", "CL01", "WL05", "WL11.1", "WL06", "WL55", "WL03.3", "WL56", "WL07", "WL52", "WL03.1", "WL03.2", "WL03.4", "WL03", "WL04", "WL03.5", "WL02"], "DISTRICT": "District13", "Capacity": 1215, "Population": 1111, "Area": 3184474592.0265217, "Perimeter": 333800.5903893698, "F1": 0.08559589229962228, "F2": 0.6408520009139835, "F": 0.2521727248839306}, "District14": {"MEMBERS": ["DN51", "DN47", "DN48", "DN52", "DN49", "DN48.1", "DN51.1", "DN47.2", "DN46.1", "DN46", "DN45.3", "DN45.1", "DN24.1", "DN44.2", "DN23.1", "DN27", "DN26", "DN43", "DN33", "DN46.2", "DN34.2", "DN30.1", "DN31", "DN48.2", "DN36.6", "DN32.6"], "DISTRICT": "District14", "Capacity": 1339, "Population": 1616, "Area": 265217042.4140555, "Perimeter": 179017.5656634889, "F1": 0.20687153691656812, "F2": 0.8960031949240335, "F": 0.41361103431880764}, "District15": {"MEMBERS": ["DN08.4", "DN08.5", "DN09", "DN16", "DN10", "DN13.1", "DN18", "DN12", "DN06", "DN13", "DN14.1", "DN39", "DN13.2", "DN15.1", "DN11", "DN08.3", "DN07.1", "DN29", "DN08.1", "DN08.2", "DN04.2", "DN15", "DN19.6", "DN35", "DN14", "DN39.1", "DN28.1", "DN25", "DN28", "DN27.1"], "DISTRICT": "District15", "Capacity": 1269, "Population": 1398, "Area": 180184522.93703014, "Perimeter": 120410.8691296597, "F1": 0.10165562567647268, "F2": 0.8438305912961955, "F": 0.3243081153623895}, "District16": {"MEMBERS": ["DS07.11", "DS07.3", "DS06.5", "DS06", "DS06.4", "DS06.1", "DS06.3", "DS05", "DS04.1", "DS04", "DN41", "CL39", "WL67.1", "CL30", "WL66", "WL63", "DS08.1", "DS06.7", "DS08.2", "WL40", "WL65", "DS06.6", "DS06.2", "WL41", "WL45", "WL44", "WL42", "WL33", "WL34", "WL43", "WL33.1", "WL67", "DS06.8"], "DISTRICT": "District16", "Capacity": 1445, "Population": 547, "Area": 4087867208.0777335, "Perimeter": 478785.63446652767, "F1": 0.6214525977754146, "F2": 0.7759089967415727, "F": 0.667789517465262}},