{"solution": {"districts": {"District0": {"MEMBERS": ["CL27", "CL28", "CL26", "CL24", "CL07.1", "CL25", "CL23", "CL25.1", "CL22", "CL34.3", "CL32.2", "CL20", "CL32.1", "CL32", "CL19.1", "CL28.1", "CL21.1", "CL21", "CL34"], "DISTRICT": "District0", "Capacity": 1361, "Population": 1239, "Area": 149979222.7615304, "Perimeter": 98168.70729487138, "F1": 0.08963924254489908, "F2": 0.8044333401618096, "F": 0.3040774718299722}, "District1": {"MEMBERS": ["EL27", "EL15", "EL29", "EL26", "EL56", "EL13", "EL48", "EL12", "EL25", "EL20", "EL16", "EL19", "EL24", "EL17", "EL31", "EL30", "EL28", "EL07", "EL21"], "DISTRICT": "District1", "Capacity": 1423, "Population": 1671, "Area": 135539986.16296327, "Perimeter": 97577.18851615138, "F1": 0.17428038528263956, "F2": 0.8211122096347386, "F": 0.36832993258826924}, "District2": {"MEMBERS": ["DN33", "DN32.7", "DN34", "DN34.1", "DN44.3", "DN44.1", "DN47.1", "DN46.1", "DN34.3", "DN32.2", "DN32.8", "DN32.5", "DN34.2", "DN32", "DN32.3", "DN44", "DN44.4", "DN36.7", "DN36.1", "DN36.6", "DN36.2"], "DISTRICT": "District2", "Capacity": 1855, "Population": 1820, "Area": 114896469.92132136, "Perimeter": 78735.32217960838, "F1": 0.01886739073386856, "F2": 0.7670957938425766, "F": 0.24333591166648091}, "District3": {"MEMBERS": ["EL09", "EL03", "EL02", "EL01", "EL10", "EL04", "EL05", "EL08", "EL23", "EL18", "EL54", "EL55", "EL49", "EL22", "EL35", "EL11", "EL06", "DN03", "EL35.2"], "DISTRICT": "District3", "Capacity": 1438, "Population": 1508, "Area": 253790809.89553633, "Perimeter": 118490.02577067853, "F1": 0.04867940856273023, "F2": 0.7728450694960269, "F": 0.2659291068427192}, "District4": {"MEMBERS": ["WL22.1", "WL50", "WL14.1", "WL21.2", "WL49", "WL48", "WL21.1", "WL46", "WL10", "WL32.1", "WL14", "WL18", "WL22", "WL31.1", "WL34", "WL36", "WL20", "WL21", "WL06", "WL53", "WL17", "WL58", "WL11.1", "WL19", "WL52", "WL13", "WL03.5", "WL53.1", "WL03.3", "WL57", "WL07", "WL15", "WL03.1", "WL53.2", "WL16", "WL58.1", "WL54"], "DISTRICT": "District4", "Capacity": 1669, "Population": 1199, "Area": 1896158203.2763977, "Perimeter": 453179.8024922726, "F1": 0.2816051570904424, "F2": 0.8839772001321363, "F": 0.46231677000295057}, "District5": {"MEMBERS": ["DN13", "DN09", "DN08.4", "DN13.2", "DN10.2", "DN16", "DN11", "DN08", "DN08.3", "DN39.1", "DN39", "DN17", "DN05.5", "DN05", "DN08.2", "DN17.1", "DN19", "DN19.3", "DN19.4", "DN19.6", "DN05.1", "DN05.4", "DN05.2", "DN07.1", "DN08.1", "DN08.5", "DN19.7", "DN15", "DN29", "DN19.5"], "DISTRICT": "District5", "Capacity": 1651, "Population": 1711, "Area": 171075152.6726489, "Perimeter": 113307.20288921504, "F1": 0.03634221056122233, "F2": 0.8325513066494385, "F": 0.27520493938768714}, "District6": {"MEMBERS": ["CL13", "CL37.2", "CL37", "CL31", "DS04.1", "CL36", "DN42", "CL35", "DN50.1", "CL33", "CL37.1", "CL34.2", "CL28.3", "DN50.2", "DS18", "DN30.1", "DN50.3", "CL28.2", "DS05", "DN37", "WL66", "WL67.1", "WL67", "WL40", "WL45", "WL44", "WL43", "WL33.1"], "DISTRICT": "District6", "Capacity": 1687, "Population": 1269, "Area": 3049095256.8000355, "Perimeter": 611896.9875574571, "F1": 0.2477765308371278, "F2": 0.8976649923984725, "F": 0.4427430693055312}, "District7": {"MEMBERS": ["DN27", "DN27.1", "DN28", "DN35", "DN23", "DN28.1", "DN12", "DN14", "DN10.1", "DN19.1", "DN15.1", "DN13.1", "DN19.2", "DN25", "DN10", "DN21", "DN26", "DN18", "DN14.1", "DN20"], "DISTRICT": "District7", "Capacity": 1787, "Population": 1488, "Area": 189623912.9363868, "Perimeter": 126687.75680064742, "F1": 0.167318975001013, "F2": 0.851531720643126, "F": 0.37258279869364685}, "District8": {"MEMBERS": ["EL37", "EL47", "EL36", "EL40", "EL41", "EL36.1", "EL33", "EL51", "EL43", "EL32", "EL34", "EL35.1", "EL14", "EL42", "EL38", "DN04", "DN04.2", "DN07", "DN02", "DN06", "EL53", "EL39", "EL46", "DN04.1", "EL45", "DN17.2", "DN20.1", "EL50", "DN05.3", "EL44", "EL52"], "DISTRICT": "District8", "Capacity": 1498, "Population": 2217, "Area": 401227241.1257112, "Perimeter": 180508.52252807986, "F1": 0.47997395540738363, "F2": 0.8452591947357233, "F": 0.5895595272058856}, "District9": {"MEMBERS": ["WL29", "WL59", "WL59.1", "WL38", "WL25", "WL26.1", "WL27.2", "WL26", "WL39", "CL30", "WL24", "CL39", "WL23", "CL29", "WL29.1", "WL30", "WL31", "WL51", "WL26.2", "WL22.2", "WL60", "WL61", "WL28.1", "WL12", "WL37", "WL26.3", "WL38.1", "WL35", "WL63", "WL32", "WL41", "WL28", "WL65", "WL42", "WL27", "WL33", "WL27.1", "WL26.4"], "DISTRICT": "District9", "Capacity": 1346, "Population": 1263, "Area": 2433158172.8063564, "Perimeter": 608172.2236822377, "F1": 0.06166345422241115, "F2": 0.9173339771740849, "F": 0.31836461110791325}, "District10": {"MEMBERS": ["DS13.4", "DS13.2", "DS13.1", "DS17.5", "DS13.8", "DS13.11", "DS13.5", "DS01", "DS19.1", "DS09.2", "DS13.9", "DS15", "DS13.6", "DS14.11", "DS13", "DS14.7", "DS12.5", "DS14.2", "DS16.1", "DS14.4", "DS09.3", "DS16", "DS14.3", "DS13.13", "DS13.14", "DS09.1"], "DISTRICT": "District10", "Capacity": 1858, "Population": 1604, "Area": 182649175.43006665, "Perimeter": 97562.80047299873, "F1": 0.1367056020629408, "F2": 0.758865659279494, "F": 0.32335361922790673}, "District11": {"MEMBERS": ["DN47", "DN51.1", "DN48", "DN46", "DN45.3", "DN52", "DN48.1", "DN46.2", "DN51", "DN47.2", "DN48.2", "DN53", "DN45.1", "DN45.2", "DN22", "DN45", "DN24.1", "DN43", "DN36.12", "DN31", "DS11", "DN44.2", "DN24", "DN36.13", "DN44.5", "DN49", "DN23.1", "DN38", "DN36.14", "DN36", "DN36.16", "DN36.15", "EL41.1"], "DISTRICT": "District11", "Capacity": 1935, "Population": 1748, "Area": 805636602.6273923, "Perimeter": 210533.20038309513, "F1": 0.09664031474604484, "F2": 0.7715938104272977, "F": 0.29912636345042065}, "District12": {"MEMBERS": ["CL07.2", "CL07", "CL05.1", "CL05", "CL04", "WL12.1", "CL09", "CL20.1", "CL06", "CL19.2", "CL08", "WL62", "CL04.1", "CL10", "WL11", "CL20.2", "CL38", "CL03", "CL18", "CL02", "WL47", "CL02.1", "CL10.1", "WL05", "WL04", "WL56", "WL03", "CL11", "WL02", "CL01", "WL03.4", "WL03.2", "WL08", "WL09.1", "CL10.2", "WL01", "WL09", "WL55"], "DISTRICT": "District12", "Capacity": 1722, "Population": 1893, "Area": 3252058385.035415, "Perimeter": 519798.6694617252, "F1": 0.09930371022471718, "F2": 0.848749133616249, "F": 0.3241373372421767}, "District13": {"MEMBERS": ["DS17.7", "DS17.2", "DS07.12", "DS07.8", "DS12.8", "DS17.3", "DS07.7", "DS12.2", "DS07.6", "DS07.1", "DS07.4", "DS07.11", "DS07.3", "DS07.9", "DS06.5", "DS06.4", "DS07", "DS12", "DS13.12", "DS03", "DS12.4", "DS14.1", "DS14", "DS14.5", "DS14.9", "DS16.2", "DS12.6", "DS12.3", "DS16.3", "DS02", "DS14.6", "DS06.8", "DS14.8", "DS12.7", "DS12.1"], "DISTRICT": "District13", "Capacity": 2089, "Population": 2140, "Area": 536620242.3904256, "Perimeter": 209606.335297391, "F1": 0.024414068815634016, "F2": 0.846514234263931, "F": 0.2710441184501231}, "District14": {"MEMBERS": ["DN01.4", "DN01.5", "DN01.3", "DN01.1", "DN01.2", "DN40", "CL14.2", "CL14.1", "CL34.1", "CL34.4", "DN01", "CL15.3", "CL34.6", "CL34.5", "CL19", "CL15.2", "CL14", "CL12.1", "DN01.6", "CL15.1", "CL16", "CL15", "CL17.1", "CL12", "CL17"], "DISTRICT": "District14", "Capacity": 1749, "Population": 2058, "Area": 240920231.9279848, "Perimeter": 91817.74845225856, "F1": 0.17667294924715304, "F2": 0.640888048531907, "F": 0.3159374790325792}, "District15": {"MEMBERS": ["DN36.3", "DN36.8", "DS08", "DS09", "DN36.9", "DN36.5", "DS17.1", "DS08.2", "DN32.6", "DS06.6", "DS11.1", "DS06.7", "DS07.2", "DS10", "DN41", "DS07.5", "DN36.11", "DS06.3", "DN32.1", "DS17.4", "DS13.7", "DS19", "DN36.4", "DS06.1", "DN32.4", "DS17", "DS06.2", "DS08.1", "DN30", "DN50", "DS17.6", "DS06", "DS13.3", "DS04"], "DISTRICT": "District15", "Capacity": 2148, "Population": 1900, "Area": 717953749.2140281, "Perimeter": 304865.35554488836, "F1": 0.11545577692990805, "F2": 0.9029288482332483, "F": 0.3516976983209101}}, "district_ids": {"WL03.4": "District12", "WL03": "District12", "WL27.2": "District9", "WL32.1": "District4", "WL02": "District12", "WL01": "District12", "WL55": "District12", "WL56": "District12", "CL03": "District12",