{"solution": {"districts": {"District0": {"MEMBERS": ["CL27", "CL24", "CL23", "CL06", "WL24", "WL58", "CL25", "WL26.1", "WL58.1", "WL27.2", "WL26", "CL26", "CL29", "CL34.3", "WL51", "CL32.2", "WL23", "WL12", "CL22", "WL60", "CL09", "CL21", "CL10.2", "CL05"], "DISTRICT": "District0", "Capacity": 1361, "Population": 1211, "Area": 614212799.8998752, "Perimeter": 322727.7103596181, "F1": 0.1102123504025544, "F2": 0.9258935152278527, "F": 0.35491669985014385}, "District1": {"MEMBERS": ["EL27", "EL14", "EL28", "EL15", "EL13", "EL56", "EL32", "EL26", "EL21", "EL20", "EL12", "EL25", "EL18", "EL49", "EL30", "EL33", "EL35", "EL34", "EL35.1", "EL29", "EL31", "EL36.1", "DN04.1", "DN07", "DN06", "DN05", "DN05.1", "DN04.2", "DN04", "DN17.1"], "DISTRICT": "District1", "Capacity": 1423, "Population": 1673, "Area": 257417911.580608, "Perimeter": 140575.28827687755, "F1": 0.17568586665013441, "F2": 0.836306791587594, "F": 0.37387214413137226}, "District2": {"MEMBERS": ["DN33", "DN32.4", "DN32.2", "DN32.3", "DN44.1", "DN44.4", "DN36.1", "DN32.1", "DN34.3", "DN36", "DN32.7", "DN32.8", "DN44.5", "DN36.7", "DN36.4", "DN50.3", "DN32.5", "DN50", "DN44.3", "DN36.16", "DN50.2", "DN30", "DN38", "DN27.1", "DN32"], "DISTRICT": "District2", "Capacity": 1855, "Population": 1948, "Area": 172435848.45413077, "Perimeter": 136427.48607343013, "F1": 0.05013530431193902, "F2": 0.8835783716723381, "F": 0.3001682245200587}, "District3": {"MEMBERS": ["EL09", "EL10", "EL08", "EL55", "EL11", "EL22", "EL17", "EL19", "EL03", "EL16", "EL04", "EL23", "EL05", "EL02", "EL07", "EL54", "EL01", "EL24", "EL06"], "DISTRICT": "District3", "Capacity": 1438, "Population": 1911, "Area": 256006407.60330477, "Perimeter": 98493.6214999524, "F1": 0.3289297543189864, "F2": 0.6683771197770159, "F": 0.4307639639563952}, "District4": {"MEMBERS": ["WL22.1", "WL21.2", "WL21.1", "WL15", "WL17", "WL18", "WL54", "WL22.2", "WL48", "WL20", "WL53.1", "WL32.1", "WL33", "WL19", "WL50", "WL61", "WL14.1", "WL42", "WL09", "WL07", "WL57", "WL13", "WL10", "WL03.4", "WL16", "WL08", "WL02", "WL09.1", "WL43", "WL53.2", "WL53", "WL33.1", "WL03", "WL03.2", "WL01", "WL52", "WL14"], "DISTRICT": "District4", "Capacity": 1669, "Population": 1098, "Area": 3375429995.2710795, "Perimeter": 540858.3251551286, "F1": 0.34212043533780445, "F2": 0.8549986881263865, "F": 0.495983911174379}, "District5": {"MEMBERS": ["DN13", "DN13.1", "DN12", "DN13.2", "DN14.1", "DN10", "DN09", "DN08.1", "DN08.2", "DN08.5", "DN15.1", "DN16", "DN08", "DN08.4", "DN14", "DN08.3"], "DISTRICT": "District5", "Capacity": 1651, "Population": 1518, "Area": 112701639.0920473, "Perimeter": 52993.03076305116, "F1": 0.0805566379130428, "F2": 0.49568419402112884, "F": 0.2050949047454686}, "District6": {"MEMBERS": ["CL13", "CL31", "CL30", "WL39", "DS18", "CL28.2", "CL33", "WL40", "CL37.1", "CL37", "CL28", "CL36", "WL41", "CL32", "CL35", "CL28.3", "WL63", "CL32.1", "WL44", "CL34", "WL66", "CL28.1", "WL45", "DN41", "WL67", "CL37.2", "WL65", "CL39"], "DISTRICT": "District6", "Capacity": 1687, "Population": 1372, "Area": 2883239233.7083297, "Perimeter": 445536.06408188504, "F1": 0.18672140375387436, "F2": 0.8174739669218706, "F": 0.3759471727042732}, "District7": {"MEMBERS": ["DN27", "DN26", "DN19.1", "DN19.6", "DN19.7", "DN24.1", "DN24", "DN19.4", "DN46", "DN19.5", "DN48.1", "DN52", "DN28", "DN53", "DN29", "DN22", "DN46.2", "DN28.1", "DN35", "DN10.1", "DN15", "DN43", "DN30.1", "DN31", "DN23", "DN23.1", "DN18", "DN11", "DN49", "DN25"], "DISTRICT": "District7", "Capacity": 1787, "Population": 1582, "Area": 753634077.4465234, "Perimeter": 216484.59982386394, "F1": 0.11471684882643063, "F2": 0.797923236444494, "F": 0.31967876511184956}, "District8": {"MEMBERS": ["EL37", "EL36", "EL40", "EL50", "EL47", "EL39", "DN21", "EL51", "DN20.1", "EL46", "DN19.2", "EL52", "EL48", "EL35.2", "EL41", "EL53", "EL44", "DN17.2", "DN20", "EL43", "DN05.3", "EL41.1", "EL38", "EL42", "EL45", "DN19.3", "DN19", "DN17", "DN05.5", "DN05.4", "DN05.2"], "DISTRICT": "District8", "Capacity": 1498, "Population": 2257, "Area": 334216354.0669127, "Perimeter": 146532.9738350212, "F1": 0.5066762249220547, "F2": 0.8044009081142747, "F": 0.5959936298797206}, "District9": {"MEMBERS": ["WL29", "WL59", "WL22", "WL21", "WL30", "WL31.1", "WL32", "WL29.1", "WL38", "WL46", "WL37", "WL38.1", "WL49", "WL26.4", "WL28", "WL25", "WL34", "WL26.2", "WL26.3", "WL28.1", "WL59.1", "WL36", "WL27.1", "WL35", "WL27", "WL31"], "DISTRICT": "District9", "Capacity": 1346, "Population": 1160, "Area": 1001065835.1101663, "Perimeter": 251498.5858025218, "F1": 0.13818648485745555, "F2": 0.8011152841537155, "F": 0.3370651246463335}, "District10": {"MEMBERS": ["DS13.4", "DS13.11", "DS13.2", "DS17.5", "DS13.5", "DS19.1", "DS13.9", "DS03", "DS13", "DS19", "DS13.7", "DS13.1", "DS12.5", "DS14.7", "DS14.2", "DS13.14", "DS13.6", "DS12.4", "DS12", "DS12.3", "DS14.3", "DS14.5", "DS14.11", "DS14.9", "DS16.2", "DS16", "DS14", "DS14.1", "DS02", "DS14.6", "DS16.3", "DS14.8", "DS01"], "DISTRICT": "District10", "Capacity": 1858, "Population": 2496, "Area": 265366203.52224898, "Perimeter": 87612.70458398202, "F1": 0.34338050945435694, "F2": 0.5655685067661185, "F": 0.4100369086478854}, "District11": {"MEMBERS": ["DN47", "DN51", "DN47.2", "DN34", "DN34.1", "DN45.1", "DN45", "DN51.1", "DN36.12", "DN45.3", "DN36.11", "DN36.15", "DN46.1", "DN36.13", "DN44", "DN45.2", "DN47.1", "DN36.9", "DN44.2", "DN36.14", "DN36.5", "DN34.2", "DN48", "DN48.2"], "DISTRICT": "District11", "Capacity": 1935, "Population": 1500, "Area": 151397603.20425507, "Perimeter": 102413.42052561711, "F1": 0.22480568876069407, "F2": 0.8186092564990773, "F": 0.402946759082209}, "District12": {"MEMBERS": ["CL07.2", "CL04.1", "CL04", "CL10", "CL07", "CL10.1", "CL38", "CL03", "CL08", "WL62", "CL18", "CL20.1", "CL07.1", "WL11", "CL20.2", "WL12.1", "CL21.1", "WL56", "CL02", "WL05", "CL11", "WL11.1", "CL05.1", "WL04", "WL47", "WL55", "WL03.5", "CL20", "WL06", "WL03.3", "CL19.2", "WL03.1", "CL02.1", "CL01"], "DISTRICT": "District12", "Capacity": 1722, "Population": 1555, "Area": 2207579530.608774, "Perimeter": 351737.1662904536, "F1": 0.0969796800407684, "F2": 0.7757720731261112, "F": 0.3006173979663712}, "District13": {"MEMBERS": ["DS17.7", "DS07.8", "DS17.6", "DS07.7", "DS13.12", "DS17.1", "DS17.4", "DS07.6", "DS09", "DS17.2", "DS07.12", "DS12.2", "DS07.1", "DS13.3", "DS09.2", "DS07.9", "DS17", "DS15", "DS07.3", "DS12.6", "DS13.8", "DS12.8", "DS07", "DS07.4", "DS07.5", "DS09.1", "DS16.1", "DS09.3", "DS12.7", "DS12.1", "DS13.13", "DS14.4", "DS17.3"], "DISTRICT": "District13", "Capacity": 2089, "Population": 1881, "Area": 483105276.1670413, "Perimeter": 240390.28322445307, "F1": 0.09956869746496566, "F2": 0.8949447340947648, "F": 0.3381815084539054}, "District14": {"MEMBERS": ["DN01.4", "DN01.2", "DN01.5", "DN40", "CL14.2", "DN01.3", "CL12.1", "CL14", "DN01.6", "CL17", "DN01", "DN01.1", "CL16", "DN10.2", "CL34.2", "CL12", "CL15.2", "CL34.5", "CL34.1", "DN02", "DN39.1", "DN03", "CL19", "CL34.4", "DN07.1", "CL15", "CL15.1", "DN50.1", "CL14.1", "CL17.1", "CL19.1", "DN39", "CL34.6", "CL15.3", "CL25.1"], "DISTRICT": "District14", "Capacity": 1749, "Population": 2454, "Area": 434090512.59596634, "Perimeter": 184246.30241130662, "F1": 0.4030880422922354, "F2": 0.8393086141176345, "F": 0.5339542138398551}, "District15": {"MEMBERS": ["DN36.3", "DS11.1", "DS08", "DN36.8", "DN37", "DN32.6", "DS06.7", "DS11", "DS06", "DN36.2", "DS08.1", "DS06.4", "DS06.5", "DN36.6", "DS06.3", "DS06.8", "DN42", "DS06.1", "DS07.2", "DS07.11", "DS06.2", "DS06.6", "DS04", "DS05", "DS10", "WL67.1", "DS08.2", "DS04.1"], "DISTRICT": "District15", "Capacity": 2148, "Population": 1112, "Area": 1228483590.547561, "Perimeter": 345881.91881177254, "F1": 0.4823086616279858, "F2": 0.870960252492375, "F": 0.5989041388873025}}, "district_ids": {"WL03.4": "District4", "WL03": "District4", "WL27.2": "District0", "WL32.1": "District4", "WL02": "District4", "WL01": "District4", "WL55": "District12", "WL56": "District12", "CL03": "District12",