{"solution": {"districts": {"District0": {"MEMBERS": ["CL27", "CL24", "CL26", "CL28.1", "CL06", "WL24", "CL37.1", "CL09", "CL10.2", "WL26.1", "CL25", "CL28.3", "WL26", "CL23", "CL18", "CL10.1", "CL20.1", "CL16", "CL12", "CL17.1", "WL26.2", "CL20.2", "WL58", "WL27.2", "WL13", "WL51", "CL19.2", "WL11.1", "WL23", "CL20"], "DISTRICT": "District0", "Capacity": 1361, "Population": 1667, "Area": 553964658.967718, "Perimeter": 347945.7935408138, "F1": 0.22483540613640418, "F2": 0.9424998811775825, "F": 0.4401347486487577}, "District1": {"MEMBERS": ["EL27", "EL30", "EL32", "EL14", "EL15", "EL13", "EL16", "EL20", "EL48", "EL19", "EL26", "EL29", "EL51", "EL21", "EL28", "EL18", "EL49", "EL56", "EL52", "EL46"], "DISTRICT": "District1", "Capacity": 1423, "Population": 1258, "Area": 114987248.90300253, "Perimeter": 77866.77466527067, "F1": 0.11595151710504903, "F2": 0.7616829165063194, "F": 0.3096709369254301}, "District2": {"MEMBERS": ["DN33", "DN36.1", "DN32.4", "DN44.1", "DN36.7", "DN32.3", "DN34.3", "DN44", "DN44.3", "DN34", "DN45", "DN45.1", "DN44.2", "DN30", "DN32.7", "DN36.6", "DN50", "DN36.2", "DN32.5", "DN50.3", "DN32.2", "DN45.2", "DN46"], "DISTRICT": "District2", "Capacity": 1855, "Population": 2124, "Area": 143313729.2282481, "Perimeter": 117567.88444231382, "F1": 0.14501400999992464, "F2": 0.8697072488724611, "F": 0.36242198166168554}, "District3": {"MEMBERS": ["EL09", "EL10", "EL11", "EL07", "EL05", "EL35", "EL04", "EL17", "EL22", "EL03", "EL06", "EL23", "EL55", "EL24", "EL08", "EL25", "EL12"], "DISTRICT": "District3", "Capacity": 1438, "Population": 1705, "Area": 211668992.44317356, "Perimeter": 101292.6715608005, "F1": 0.18567523514829465, "F2": 0.7407546022965432, "F": 0.3521990452927692}, "District4": {"MEMBERS": ["WL22.1", "WL21.2", "WL15", "WL21.1", "WL32", "WL53.1", "WL53", "WL31.1", "WL54", "WL31", "WL53.2", "WL09", "WL07", "WL49", "WL21", "WL17", "WL52", "WL34", "WL36", "WL35", "WL08", "WL16", "WL02", "WL46", "WL19", "WL01", "WL48", "WL03", "WL32.1", "WL03.1", "WL30", "WL18", "WL09.1", "WL20"], "DISTRICT": "District4", "Capacity": 1669, "Population": 1438, "Area": 2639890484.076202, "Perimeter": 420012.28137652867, "F1": 0.13840563727737787, "F2": 0.8119506678460986, "F": 0.34046914644799403}, "District5": {"MEMBERS": ["DN13", "DN09", "DN12", "DN14", "DN14.1", "DN10.2", "CL34.1", "DN08.5", "DN08", "CL34.5", "DN11", "DN15", "DN10", "DN19", "DN18", "DN35", "DN13.2", "DN08.4", "DN16", "DN17", "DN17.1", "DN05.1", "DN05", "DN39", "DN08.3", "DN13.1", "DN19.5", "DN19.7", "DN05.5", "DN01.3", "DN05.2", "DN08.1", "DN19.4", "DN15.1", "DN08.2", "DN05.4"], "DISTRICT": "District5", "Capacity": 1651, "Population": 2545, "Area": 242515734.85367012, "Perimeter": 113988.63605335323, "F1": 0.5414906024137458, "F2": 0.7654547340912322, "F": 0.6086798419169916}, "District6": {"MEMBERS": ["CL13", "CL37", "CL31", "CL32.1", "CL39", "CL30", "CL32", "CL37.2", "CL29", "DS04.1", "CL32.2", "CL36", "DN41", "DS08.2", "WL40", "DS05", "DS06.3", "DS06.1", "WL63", "WL67.1", "CL28.2", "WL38.1", "WL41", "WL39", "WL66", "WL42", "CL28", "DS18", "WL33", "WL65", "WL45", "WL44", "WL43", "DS06.2", "WL33.1", "WL67"], "DISTRICT": "District6", "Capacity": 1687, "Population": 1225, "Area": 4403600580.192011, "Perimeter": 522615.8386414992, "F1": 0.27385833269793525, "F2": 0.797393838221445, "F": 0.43091898435498815}, "District7": {"MEMBERS": ["DN27", "DN24", "DN43", "DN19.1", "DN30.1", "DN24.1", "DN25", "DN44.5", "DN31", "DN23", "DN44.4", "DN50.2", "DN19.2", "CL35", "DN19.6", "DN19.3", "DN17.2", "DN38", "DN29", "DN28", "DN20", "DN28.1", "DN26", "DN05.3", "DN10.1", "DN27.1"], "DISTRICT": "District7", "Capacity": 1787, "Population": 1580, "Area": 201356070.89991444, "Perimeter": 160940.30011745996, "F1": 0.11583604300035788, "F2": 0.9023111541887733, "F": 0.3517785763568825}, "District8": {"MEMBERS": ["EL37", "EL33", "EL31", "EL35.2", "EL39", "EL35.1", "EL34", "EL44", "EL47", "EL02", "EL45", "EL54", "EL42", "EL43", "EL38", "EL40", "EL53", "EL36.1", "DN04", "DN03", "EL50", "EL36", "DN04.1", "DN04.2", "DN06", "DN02", "EL01"], "DISTRICT": "District8", "Capacity": 1498, "Population": 2050, "Area": 396375341.918062, "Perimeter": 167014.78878629656, "F1": 0.3684919801836317, "F2": 0.821430765705071, "F": 0.5043736158400635}, "District9": {"MEMBERS": ["WL29", "WL22.2", "WL29.1", "WL26.3", "WL22", "WL59.1", "WL28", "WL61", "WL28.1", "WL26.4", "WL27.1", "WL14.1", "WL58.1", "WL27", "WL60", "WL57", "WL10", "WL25", "WL50", "WL38", "WL37", "WL06", "WL59", "WL03.5", "WL14", "WL03.2", "WL03.3", "WL03.4"], "DISTRICT": "District9", "Capacity": 1346, "Population": 865, "Area": 970819820.6858081, "Perimeter": 416517.12993719504, "F1": 0.3573543881325826, "F2": 0.9296793681752585, "F": 0.5290518821453853}, "District10": {"MEMBERS": ["DS13.4", "DS13.11", "DS03", "DS13.9", "DS12", "DS12.4", "DS07", "DS12.5", "DS02", "DS13.8", "DS07.1", "DS12.1", "DS13.5", "DS07.9", "DS14.1", "DS12.3", "DS12.7", "DS13.1", "DS14.2", "DS14.7", "DS01", "DS14.6", "DS13.7", "DS16.3", "DS13", "DS16.1", "DS13.6", "DS14.4", "DS14.5", "DS13.14", "DS14.3", "DS14.9", "DS14.11", "DS13.13"], "DISTRICT": "District10", "Capacity": 1858, "Population": 2256, "Area": 417970549.51174504, "Perimeter": 158810.9058819376, "F1": 0.21420935837346966, "F2": 0.7917452575422614, "F": 0.38747012812410714}, "District11": {"MEMBERS": ["DN47", "DN47.2", "DN51", "DN51.1", "DN47.1", "DN46.1", "DN36.12", "DN34.2", "DS11", "DN48", "DS11.1", "DN45.3", "DS09", "DN48.2", "DN34.1", "DN48.1", "DN46.2", "DN53", "DS15", "DN52", "DS09.1", "DS09.3", "DN49", "DN22", "DN23.1", "DS16", "DN21", "DS14.8", "DS16.2", "EL41", "EL41.1", "DN20.1", "DS14"], "DISTRICT": "District11", "Capacity": 1935, "Population": 2137, "Area": 1015755682.1731492, "Perimeter": 250567.28627449047, "F1": 0.104393275946288, "F2": 0.796693911163485, "F": 0.312083466511447}, "District12": {"MEMBERS": ["CL07.2", "CL07", "CL38", "CL04.1", "CL04", "WL62", "WL12.1", "CL08", "CL07.1", "CL11", "CL05.1", "CL03", "WL12", "CL05", "CL02", "CL01", "CL02.1", "CL10", "WL11", "WL55", "WL05", "WL47", "WL04", "WL56"], "DISTRICT": "District12", "Capacity": 1722, "Population": 1118, "Area": 2048864650.913408, "Perimeter": 258998.11550894068, "F1": 0.35075435917099673, "F2": 0.6161779458437517, "F": 0.43038143517282323}, "District13": {"MEMBERS": ["DS17.7", "DS17.2", "DS17.3", "DS07.5", "DS07.4", "DS07.3", "DS07.6", "DS06.5", "DS06.8", "DS07.11", "DS17.1", "DS09.2", "DS10", "DS17.5", "DS06", "DS17", "DS07.8", "DS19", "DS12.8", "DS06.4", "DS13.12", "DS17.6", "DS13.3", "DS12.2", "DS13.2", "DS12.6", "DS17.4", "DS19.1"], "DISTRICT": "District13", "Capacity": 2089, "Population": 1556, "Area": 312535467.03422326, "Perimeter": 142564.30539841158, "F1": 0.2551455277398491, "F2": 0.8067642095395361, "F": 0.4206311322797551}, "District14": {"MEMBERS": ["DN01.4", "DN40", "CL12.1", "CL17", "DN01", "CL14", "CL15", "CL14.1", "CL15.3", "CL19", "CL34.3", "CL19.1", "CL34", "DN01.1", "CL15.1", "CL21.1", "CL34.2", "CL33", "DN01.6", "CL21", "DN50.1", "CL15.2", "CL25.1", "DN07.1", "DN07", "CL34.4", "CL22", "DN39.1", "CL34.6", "DN01.5", "CL14.2", "DN01.2"], "DISTRICT": "District14", "Capacity": 1749, "Population": 2206, "Area": 361676909.9757678, "Perimeter": 191995.05985838475, "F1": 0.26129273149632537, "F2": 0.8767035594204785, "F": 0.44591597987357123}, "District15": {"MEMBERS": ["DN36.3", "DN36.4", "DN36.9", "DN32.6", "DN37", "DS08", "DN42", "DN36.11", "DN36.16", "DN36.15", "DN36", "DN32.1", "DN36.5", "DS08.1", "DS07.2", "DS07.7", "DN32.8", "DS07.12", "DS04", "DS06.6", "DN36.13", "DN36.14", "DN32", "DS06.7", "DN36.8"], "DISTRICT": "District15", "Capacity": 2148, "Population": 998, "Area": 495086897.1026357, "Perimeter": 205429.75010898145, "F1": 0.5353812870792305, "F2": 0.8525772117742167, "F": 0.6305400644877264}}, "district_ids": {"WL03.4": "District9", "WL03": "District4", "WL27.2": "District0", "WL32.1": "District4", "WL02": "District4", "WL01": "District4", "WL55": "District12", "WL56": "District12", "CL03": "District12",