{"solution": {"districts": {"District0": {"MEMBERS": ["EL03", "EL02", "EL54", "EL01", "DN03", "EL35.1", "EL04", "DN04.2", "DN04.1", "EL36.1", "DN06", "DN07", "DN04"], "DISTRICT": "District0", "Capacity": 1216, "Population": 734, "Area": 234400334.56151372, "Perimeter": 94694.5970544305, "F1": 0.39638076154292134, "F2": 0.6715133754366351, "F": 0.4789205457110355}, "District1": {"MEMBERS": ["EL27", "EL14", "EL32", "EL26", "EL13", "EL21", "EL49", "EL55", "EL20", "EL10", "EL15", "EL56", "EL12", "EL22", "EL11", "EL29", "EL19", "EL08", "EL09", "EL25", "EL07", "EL06", "EL17", "EL24", "EL18", "EL16", "EL23"], "DISTRICT": "District1", "Capacity": 1264, "Population": 1474, "Area": 240368858.66159123, "Perimeter": 93382.47162903038, "F1": 0.1661400224197782, "F2": 0.6536163883296909, "F": 0.31238293219275204}, "District2": {"MEMBERS": ["CL37", "CL32", "CL34", "CL32.1", "CL13", "CL31", "CL32.2", "CL33", "CL28.1", "CL29", "DS18", "CL36", "CL25", "CL28.2", "CL37.1", "CL06", "CL25.1", "CL30", "CL23", "CL21.1", "CL07.1", "CL28.3", "CL24", "CL20.2", "WL63", "CL20", "CL09", "CL20.1", "CL37.2", "CL28", "CL21", "CL22", "CL38", "CL11"], "DISTRICT": "District2", "Capacity": 1255, "Population": 1659, "Area": 935161711.7232114, "Perimeter": 222949.84842166075, "F1": 0.32191313687718615, "F2": 0.7635810858076276, "F": 0.45441352155631853}, "District3": {"MEMBERS": ["DN36.3", "DN32.6", "DS08.2", "DN37", "DN32.1", "DS11", "DN32.8", "DS08.1", "DN32.2", "DN32.4", "DN36.8", "DN53", "DS08", "DN36.9", "EL41.1", "DN42", "DN30", "DN50.2", "DS09.2", "DN36.2", "DN36.4"], "DISTRICT": "District3", "Capacity": 1269, "Population": 1068, "Area": 823642878.3628653, "Perimeter": 313785.8708132787, "F1": 0.15839165359817453, "F2": 0.8948808009333403, "F": 0.37933839779872425}, "District4": {"MEMBERS": ["WL30", "WL37", "WL31", "WL59", "WL38.1", "WL31.1", "WL22", "WL22.1", "WL38", "WL21", "WL21.1", "WL59.1", "WL21.2", "WL35", "WL25", "WL41", "WL50", "WL34", "WL49", "WL51", "WL39", "WL48", "WL32", "WL36", "WL42", "WL17", "WL54", "WL16", "WL22.2", "WL09.1", "WL08", "WL01", "WL26", "WL07", "WL26.2"], "DISTRICT": "District4", "Capacity": 1187, "Population": 837, "Area": 2622265073.128427, "Perimeter": 713963.5462930549, "F1": 0.29486015758331796, "F2": 0.935355083560869, "F": 0.48700863537658323}, "District5": {"MEMBERS": ["DN01.4", "DN01.6", "DN01", "DN40", "CL12", "DN01.2", "DN01.3", "CL12.1", "CL14", "CL15.1", "DN01.5", "CL10.1"], "DISTRICT": "District5", "Capacity": 1242, "Population": 864, "Area": 142958290.06852493, "Perimeter": 80050.45604031275, "F1": 0.3043470265350481, "F2": 0.7196557918272728, "F": 0.42893965612271545}, "District6": {"MEMBERS": ["DS17", "DS17.6", "DS17.4", "DS07.8", "DS17.1", "DS07.12", "DS19.1", "DS19", "DS12.8", "DS07.6", "DS07.5", "DS17.3", "DS13.1", "DS13.11", "DS07.7", "DS17.2", "DS12", "DS12.3", "DS12.2", "DS09", "DS13.3", "DS11.1", "DS12.6", "DS17.5", "DS07.1", "DS13.12", "DS17.7", "DS12.4", "DS07", "DS12.1", "DS13.4", "DS02", "DS13.7", "DS13.2", "DS13.5", "DS12.7", "DS01", "DS13.6", "DS07.9"], "DISTRICT": "District6", "Capacity": 1388, "Population": 2252, "Area": 518382566.8699296, "Perimeter": 198870.29732718805, "F1": 0.6224790949389116, "F2": 0.8352898336593833, "F": 0.6863223165550532}, "District7": {"MEMBERS": ["CL15.3", "CL34.4", "CL34.3", "CL34.5", "CL14.1", "CL14.2", "CL15.2", "CL19.1", "CL19", "CL34.6", "CL16", "CL34.1", "CL17", "CL17.1", "CL19.2", "CL15"], "DISTRICT": "District7", "Capacity": 1197, "Population": 603, "Area": 132318713.32798426, "Perimeter": 69477.42767030554, "F1": 0.49623977029039457, "F2": 0.6555361338836772, "F": 0.5440286793683793}, "District8": {"MEMBERS": ["DN32.3", "DN44.4", "DN44.5", "DN44.2", "DN24.1", "DN23.1", "DN44", "DN27", "DN43", "DN44.3", "DN32.5", "DN32", "DN24", "DN44.1", "DN23", "DN19.2", "DN45.2", "DN25", "DN22", "EL40", "DN49", "DN45", "EL41", "DN45.3", "DN34.1", "DN27.1", "DN48.1", "DN34.3", "DN31", "DN30.1", "DN34"], "DISTRICT": "District8", "Capacity": 1260, "Population": 1385, "Area": 322086571.6751049, "Perimeter": 166397.22199534185, "F1": 0.09920713413327675, "F2": 0.8538191981382737, "F": 0.3255907533347758}, "District9": {"MEMBERS": ["DN17.1", "DN17.2", "DN19.3", "DN05.1", "DN19.4", "DN20.1", "DN19.7", "DN20", "DN19", "DN18", "DN19.1", "DN15", "DN05.3", "DN19.6", "DN16", "DN05.5", "DN05.2", "DN13.1", "DN29", "DN05", "DN28", "DN26", "DN05.4", "DN38", "DN19.5", "DN17"], "DISTRICT": "District9", "Capacity": 1241, "Population": 1044, "Area": 105937977.95919113, "Perimeter": 90958.32585746812, "F1": 0.15874215021158622, "F2": 0.8390923742529559, "F": 0.36284721742399706}, "District10": {"MEMBERS": ["WL29.1", "WL29", "WL23", "WL60", "WL26.4", "WL28.1", "WL14.1", "WL26.3", "WL10", "WL14", "WL28", "WL53", "WL57", "WL06", "WL27.1", "WL05", "WL61", "WL03.4", "WL58.1", "WL03.1", "WL26.1", "WL58", "WL55", "WL52", "WL27.2", "WL15", "WL02", "WL03.2", "WL27", "WL47", "WL09", "WL53.2", "WL53.1"], "DISTRICT": "District10", "Capacity": 1224, "Population": 523, "Area": 1629675440.925279, "Perimeter": 475597.93949311576, "F1": 0.5727116047981078, "F2": 0.9094619667627326, "F": 0.6737367133874952}, "District11": {"MEMBERS": ["EL38", "EL37", "EL31", "EL33", "EL39", "EL34", "EL48", "EL05", "EL50", "EL51", "EL35", "EL35.2", "EL36", "DN21", "EL46", "EL28", "EL30", "EL45", "EL53", "EL42", "EL47", "EL44", "EL52", "EL43"], "DISTRICT": "District11", "Capacity": 1169, "Population": 1420, "Area": 267429761.35900733, "Perimeter": 122107.15450781921, "F1": 0.21471427532323117, "F2": 0.7746085803438232, "F": 0.38268256682940877}, "District12": {"MEMBERS": ["DS12.5", "DS14.1", "DS14.11", "DS14.2", "DS14", "DS14.6", "DS16.3", "DS14.7", "DS03", "DS13.8", "DS14.3", "DS16.1", "DS13", "DS09.3", "DS13.14", "DS14.5", "DS16", "DS16.2", "DS09.1", "DS14.9", "DS13.9", "DS15", "DS14.4", "DS13.13", "DS14.8"], "DISTRICT": "District12", "Capacity": 1452, "Population": 1358, "Area": 176158427.9341681, "Perimeter": 83894.59612159114, "F1": 0.06473760974698617, "F2": 0.6854821380962595, "F": 0.2509609682517681}, "District13": {"MEMBERS": ["CL07.2", "CL07", "CL08", "CL27", "CL26", "CL05.1", "CL10", "CL05", "CL10.2", "WL12", "WL11", "CL03", "CL02", "WL56", "CL01", "WL24", "CL18", "WL13", "WL04", "WL62", "CL04.1", "CL02.1", "WL03", "WL03.5", "CL04", "WL03.3", "WL11.1", "WL12.1"], "DISTRICT": "District13", "Capacity": 1215, "Population": 918, "Area": 2129017469.906996, "Perimeter": 404382.5141884985, "F1": 0.24444362761774796, "F2": 0.8363920688547288, "F": 0.4220281599888422}, "District14": {"MEMBERS": ["DN51", "DN47", "DN47.1", "DN36.12", "DN47.2", "DN48", "DN36.11", "DN36.15", "DN33", "DN32.7", "DN46.1", "DN51.1", "DN36.1", "DN52", "DN36.5", "DN46", "DN36.7", "DN36.13", "DN46.2", "DN36", "DN34.2", "DN36.16", "DN45.1", "DN48.2", "DN36.14", "DN36.6"], "DISTRICT": "District14", "Capacity": 1339, "Population": 1670, "Area": 241031971.14846918, "Perimeter": 128983.51554772582, "F1": 0.24720014005078306, "F2": 0.8179393466866542, "F": 0.4184219020415444}, "District15": {"MEMBERS": ["DN08.4", "DN08.1", "DN13.2", "DN13", "DN09", "DN08.2", "DN10.2", "DN08", "CL34.2", "DN39.1", "DN39", "DN07.1", "DN12", "DN14.1", "CL35", "DN01.1", "DN02", "DN11", "DN08.5", "DN10", "DN35", "DN14", "DN15.1", "DN10.1", "DN28.1", "DN50.1", "DN50.3", "DN08.3", "DN50"], "DISTRICT": "District15", "Capacity": 1269, "Population": 1244, "Area": 364093681.471722, "Perimeter": 160406.77880625348, "F1": 0.019699771318362758, "F2": 0.8221812426702698, "F": 0.2604442127239348}, "District16": {"MEMBERS": ["DS07.11", "DS06.5", "DS06", "DS07.4", "DS06.8", "DS07.3", "DS10", "DS06.4", "DS06.1", "DS07.2", "DS05", "WL67.1", "DS06.2", "DS06.7", "DS04.1", "CL39", "DN41", "WL66", "DS06.6", "WL40", "WL67", "WL45", "DS04", "WL65", "DS06.3", "WL44", "WL43", "WL33", "WL46", "WL18", "WL32.1", "WL19", "WL20", "WL33.1"], "DISTRICT": "District16", "Capacity": 1445, "Population": 1006, "Area": 3645453089.8010077, "Perimeter": 635296.5896576757, "F1": 0.3038055411501347, "F2": 0.8864967413833152,