{"solution": {"districts": {"District0": {"MEMBERS": ["CL27", "CL07", "CL38", "CL28", "CL08", "CL37", "CL28.1", "CL11", "CL26", "CL37.1", "CL32", "CL24", "CL25.1", "CL09", "CL21.1", "CL34", "CL32.1", "CL34.5", "CL19.1", "CL19", "CL34.1", "CL20.2", "CL22", "CL18", "CL16", "CL21", "DN01.3", "CL15", "CL14.2", "CL20.1", "CL15.1", "CL32.2", "CL20", "CL19.2", "CL23"], "DISTRICT": "District0", "Capacity": 1361, "Population": 2404, "Area": 288586033.67338765, "Perimeter": 172805.40896336193, "F1": 0.7663489951039753, "F2": 0.878557553129361, "F": 0.8000115625115909}, "District1": {"MEMBERS": ["EL27", "EL28", "EL30", "EL15", "EL26", "EL48", "EL56", "EL32", "EL29", "EL14", "EL16", "EL19", "EL18", "EL51", "EL20", "EL52", "EL45", "EL38", "EL39", "EL44", "EL53"], "DISTRICT": "District1", "Capacity": 1423, "Population": 1821, "Area": 132329711.50668815, "Perimeter": 98847.92053067785, "F1": 0.27969148784475406, "F2": 0.829810738102191, "F": 0.44472726292198506}, "District2": {"MEMBERS": ["DN33", "DN32.4", "DN36.6", "DN34", "DN47.1", "DN34.1", "DN34.3", "DN47.2", "DN32.7", "DN44.3", "DN44", "DN32.3", "DN30", "DN45.2", "DN30.1", "DN32", "DN44.1", "DN45", "DN32.8", "DN32.2", "DN32.5"], "DISTRICT": "District2", "Capacity": 1855, "Population": 1887, "Area": 123128639.11270115, "Perimeter": 71673.11076831006, "F1": 0.017251207454171302, "F2": 0.6987989822141568, "F": 0.2217155398821669}, "District3": {"MEMBERS": ["EL09", "EL08", "EL04", "EL10", "EL11", "EL55", "EL22", "EL12", "EL23", "EL24", "EL49", "EL03", "EL25", "EL17", "EL21", "EL02", "EL35", "EL06", "EL54", "EL35.1", "EL01"], "DISTRICT": "District3", "Capacity": 1438, "Population": 1849, "Area": 279993170.6453033, "Perimeter": 130990.3999887508, "F1": 0.2858143165103315, "F2": 0.7949412215276433, "F": 0.43855238801552504}, "District4": {"MEMBERS": ["WL22.1", "WL22.2", "WL21.2", "WL21.1", "WL60", "WL21", "WL22", "WL15", "WL53.1", "WL09", "WL31.1", "WL50", "WL61", "WL08", "WL32", "WL16", "WL32.1", "WL09.1", "WL10", "WL53.2", "WL52", "WL01", "WL46", "WL36", "WL37", "WL34", "WL18", "WL42", "WL49", "WL43", "WL33.1", "WL44", "WL35", "WL41", "WL20", "WL48", "WL19", "WL53", "WL54", "WL17", "WL33"], "DISTRICT": "District4", "Capacity": 1669, "Population": 1289, "Area": 3947692161.7123175, "Perimeter": 514208.2947512841, "F1": 0.22768065172150598, "F2": 0.812381790374725, "F": 0.40309099331747167}, "District5": {"MEMBERS": ["DN13", "DN11", "DN12", "DN29", "DN28", "DN13.1", "DN10", "DN10.1", "DN09", "DN28.1", "DN13.2", "DN15.1", "CL34.2", "DN08.3", "DN18", "DN15", "DN08.5", "DN10.2", "DN35", "DN14.1", "DN08", "DN14"], "DISTRICT": "District5", "Capacity": 1651, "Population": 1594, "Area": 245266043.16092238, "Perimeter": 104951.89463906814, "F1": 0.03452393074182958, "F2": 0.7201877507030925, "F": 0.2402230767302084}, "District6": {"MEMBERS": ["CL13", "CL37.2", "CL31", "DS04.1", "DS18", "CL30", "CL28.2", "DS05", "DS06.3", "WL39", "CL33", "DS04", "DS06.2", "WL66", "WL40", "WL38.1", "WL67.1", "CL39", "WL67", "WL63", "WL45", "WL65"], "DISTRICT": "District6", "Capacity": 1687, "Population": 487, "Area": 2418692425.80652, "Perimeter": 370924.54975261766, "F1": 0.7113212820905674, "F2": 0.7790879772424317, "F": 0.7316512906361268}, "District7": {"MEMBERS": ["DN27", "DN43", "DN24.1", "DN44.2", "DN31", "DN27.1", "DN26", "DN50.2", "DN24", "DN44.5", "DN19.7", "CL35", "DN46", "DN46.1", "DN49", "DN34.2", "DN38", "DN48", "DN50", "DN25", "DN32.1", "DN45.3", "DN45.1", "DN46.2", "DN37", "DN19.1", "DN19.4", "DN44.4", "DN50.3", "DN50.1"], "DISTRICT": "District7", "Capacity": 1787, "Population": 1518, "Area": 253000821.60107955, "Perimeter": 193841.47564842502, "F1": 0.1505310623921038, "F2": 0.9153867491548164, "F": 0.3799877684209175}, "District8": {"MEMBERS": ["EL37", "EL33", "EL05", "EL36", "EL31", "EL47", "EL34", "EL07", "EL13", "EL46", "EL36.1", "DN04.1", "EL35.2", "DN04.2", "DN06", "DN16", "DN05.3", "DN05.5", "DN05.1", "DN08.4", "DN17.1", "EL50", "DN17", "DN05.4", "DN08.1", "DN05.2", "DN05", "DN04"], "DISTRICT": "District8", "Capacity": 1498, "Population": 1690, "Area": 277751298.6480651, "Perimeter": 176470.3176137975, "F1": 0.1281715545515918, "F2": 0.8879214180395184, "F": 0.35609651359796973}, "District9": {"MEMBERS": ["WL29", "WL29.1", "WL59", "WL28.1", "WL23", "WL24", "WL14.1", "WL27.1", "WL26.1", "WL25", "WL27.2", "WL30", "WL28", "WL14", "WL26.4", "WL38", "WL58", "CL05", "WL31", "WL26.3", "WL58.1", "WL26.2", "WL51", "WL57", "WL11.1", "WL26", "WL06", "WL59.1", "WL04", "WL07", "WL03.5", "WL02", "WL03.3", "WL03", "WL03.2", "WL03.4", "WL27", "WL03.1"], "DISTRICT": "District9", "Capacity": 1346, "Population": 1411, "Area": 1912245892.557015, "Perimeter": 482039.5251204963, "F1": 0.0482919684376526, "F2": 0.8965838654371318, "F": 0.3027795375374963}, "District10": {"MEMBERS": ["DS13.4", "DS13.2", "DS09.2", "DS13.8", "DS14.7", "DS13.6", "DS14.2", "DS13.11", "DS13.1", "DS01", "DS14.3", "DS12", "DS13.7", "DS14.1", "DS14.4", "DS03", "DS14.11", "DS14", "DS14.6", "DS14.9", "DS13.5", "DS02", "DS13.13", "DS13.14", "DS16.2", "DS12.6", "DS12.3", "DS12.5", "DS12.4", "DS13.9", "DS12.1", "DS13"], "DISTRICT": "District10", "Capacity": 1858, "Population": 2391, "Area": 329156774.85686064, "Perimeter": 134589.2545859002, "F1": 0.2868681308564687, "F2": 0.771654800035473, "F": 0.43230413161016995}, "District11": {"MEMBERS": ["DN47", "DN52", "DN22", "EL41", "DN21", "DN23", "DN20.1", "EL40", "EL41.1", "EL43", "DN19.3", "DN17.2", "DN48.1", "DN19.2", "DN48.2", "DN19", "EL42", "DN20", "DN19.6", "DN19.5", "DN23.1"], "DISTRICT": "District11", "Capacity": 1935, "Population": 1072, "Area": 393963378.11370695, "Perimeter": 191772.71368500488, "F1": 0.4459943181085565, "F2": 0.865385423519023, "F": 0.5718116497316964}, "District12": {"MEMBERS": ["CL07.2", "CL05.1", "CL07.1", "CL06", "WL12.1", "CL29", "CL04", "WL11", "CL10", "WL13", "CL04.1", "WL12", "CL28.3", "WL56", "WL55", "WL47", "CL10.1", "CL10.2", "CL02.1", "WL05", "CL01", "CL03", "CL02", "WL62"], "DISTRICT": "District12", "Capacity": 1722, "Population": 1169, "Area": 1952278668.2857296, "Perimeter": 386842.38362819573, "F1": 0.3211376346043111, "F2": 0.8360605130238498, "F": 0.4756144981301727}, "District13": {"MEMBERS": ["DS17.7", "DS17.2", "DS07.7", "DS09", "DS07.2", "DS11.1", "DS17.3", "DS07.4", "DS07.5", "DS06.7", "DS06.5", "DS07.6", "DS07.3", "DS17.1", "DS06.8", "DS07.9", "DS07.1", "DS06", "DS17.5", "DS07.11", "DS07.8", "DS06.1", "DS17.4", "DS19", "DS07", "DS12.2", "DS13.12", "DS06.4", "DS07.12", "DS10", "DS17.6", "DS12.8", "DS19.1", "DS12.7", "DS17", "DS13.3"], "DISTRICT": "District13", "Capacity": 2089, "Population": 1853, "Area": 552313145.6637925, "Perimeter": 206580.81174003263, "F1": 0.11297223976557103, "F2": 0.8373645241033942, "F": 0.33028992506691796}, "District14": {"MEMBERS": ["DN01.4", "DN01.6", "DN01", "DN02", "DN40", "DN07.1", "DN39.1", "CL14.1", "CL12", "CL17", "DN01.1", "CL14", "DN01.2", "CL34.4", "CL12.1", "DN07", "DN01.5", "DN39", "DN08.2", "DN03", "CL17.1", "CL34.6", "CL15.3", "CL34.3", "CL25", "CL15.2"], "DISTRICT": "District14", "Capacity": 1749, "Population": 2132, "Area": 281191022.24065435, "Perimeter": 182280.2188291508, "F1": 0.2189828403717391, "F2": 0.8936512886008896, "F": 0.4213833748404842}, "District15": {"MEMBERS": ["DN36.3", "DS11", "DN36.4", "DN36.2", "DS08", "DN41", "DN36.8", "DN36.7", "DN53", "DS08.2", "DN36.12", "DN42", "DN36.13", "DN51", "DN36.11", "CL36", "DN32.6", "DN36.5", "DS06.6", "DN36.15", "DN36.1", "DN36.14", "DN36.16", "DS08.1", "DN51.1", "DS15", "DS16.1", "DS09.3", "DS16", "DS14.8", "DS14.5", "DN36.9", "DS09.1", "DS16.3", "DN36"], "DISTRICT": "District15", "Capacity": 2148, "Population": 2161, "Area": 1142793627.5240965, "Perimeter": 373512.69542330987, "F1": 0.006052602392678796, "F2": 0.8970640828246961, "F": 0.2733560465222839}}, "district_ids": {"WL03.4": "District9", "WL03": "District9", "WL27.2": "District9", "WL32.1": "District4", "WL02": "District9", "WL01": "District4", "WL55": "District12", "WL56": "District12", "CL03": "District12",