{"solution": {"districts": {"District0": {"MEMBERS": ["EL03", "EL04", "EL09", "EL08", "EL07", "EL10", "EL55", "EL05", "EL02", "EL11", "EL35", "EL23", "EL22", "EL06", "EL54", "EL01"], "DISTRICT": "District0", "Capacity": 1216, "Population": 1022, "Area": 225703780.06755573, "Perimeter": 102997.48363108288, "F1": 0.15953865822747815, "F2": 0.7326405938988589, "F": 0.33146923892889235}, "District1": {"MEMBERS": ["EL27", "EL26", "EL29", "EL30", "EL48", "EL21", "EL56", "EL15", "EL28", "EL18", "EL17", "EL32", "EL49", "EL14", "EL19", "EL25", "EL31", "EL16", "EL12", "EL24", "EL51", "EL20"], "DISTRICT": "District1", "Capacity": 1264, "Population": 1154, "Area": 143304063.6885946, "Perimeter": 83942.00396434567, "F1": 0.08702453253936293, "F2": 0.7444300994708593, "F": 0.2842462026188118}, "District2": {"MEMBERS": ["CL37", "CL33", "CL13", "CL32.1", "CL34", "CL26", "CL28", "CL37.2", "CL27", "CL07.1", "CL25", "CL05.1", "WL62", "CL06", "CL31", "WL24", "CL28.2", "CL36", "WL58", "WL12", "WL14.1", "CL05", "DN42", "WL58.1", "DS18", "CL32.2", "WL50", "WL10", "WL07", "WL09"], "DISTRICT": "District2", "Capacity": 1255, "Population": 1166, "Area": 1534050413.4238296, "Perimeter": 607549.4753072776, "F1": 0.07091554525166899, "F2": 0.9477740683781192, "F": 0.333973102189604}, "District3": {"MEMBERS": ["DN36.3", "DS08", "DN32.6", "DN36.4", "DS11", "DN36.16", "DN36.2", "DS11.1", "DN33", "DN36.9", "DS08.1", "DN36.8", "DN37", "DN36.14", "DN36.12", "DN36.5", "DN36", "DN36.13", "DN36.11", "DN36.15", "DN41", "DS08.2"], "DISTRICT": "District3", "Capacity": 1269, "Population": 1199, "Area": 441371536.5441725, "Perimeter": 180442.869571124, "F1": 0.055160763946723645, "F2": 0.8296529030984778, "F": 0.28750840569224984}, "District4": {"MEMBERS": ["WL30", "WL31", "WL21", "WL59.1", "WL37", "WL40", "WL35", "WL38.1", "WL31.1", "WL32", "WL59", "WL29", "CL39", "WL21.1", "WL36", "WL21.2", "CL30", "WL46", "WL48", "WL49", "WL32.1", "WL20", "WL18", "WL19"], "DISTRICT": "District4", "Capacity": 1187, "Population": 878, "Area": 1275812802.593159, "Perimeter": 330588.9544246877, "F1": 0.26031929856512803, "F2": 0.8533033683044127, "F": 0.43821451948691337}, "District5": {"MEMBERS": ["DN01.4", "DN40", "CL14.1", "CL12.1", "CL12", "DN01.5", "DN01.6", "CL34.1", "DN10.2", "DN08.3", "CL14", "CL15.1", "DN09", "DN13", "DN12", "DN01.2", "DN08.5", "CL14.2", "DN11", "DN35", "DN10", "DN13.1", "DN29", "DN10.1", "DN28", "DN28.1"], "DISTRICT": "District5", "Capacity": 1242, "Population": 1636, "Area": 241233841.73220146, "Perimeter": 150186.42946585015, "F1": 0.3172310682992667, "F2": 0.8656038857719071, "F": 0.4817429135410588}, "District6": {"MEMBERS": ["DS17", "DS17.2", "DS17.3", "DS17.6", "DS07.8", "DS17.7", "DS13.7", "DS17.1", "DS07.12", "DS09.2", "DS13.1", "DS09", "DS17.4", "DS07.7", "DS12.6", "DS13.2", "DS13.3", "DS15", "DS19.1", "DS09.3", "DS17.5", "DS16.1", "DS09.1", "DS14.4", "DS19", "DS16"], "DISTRICT": "District6", "Capacity": 1388, "Population": 1440, "Area": 218360364.6421236, "Perimeter": 141104.32490443968, "F1": 0.03746468993181051, "F2": 0.8621829262480805, "F": 0.28488016082669143}, "District7": {"MEMBERS": ["CL15.3", "CL34.4", "CL34.3", "CL34.5", "CL34.6", "CL15", "CL32", "CL25.1", "CL16", "CL22", "CL34.2", "CL35", "CL21", "DN50.3", "DN50.2", "CL21.1", "CL17", "DN32.1", "CL20.2", "CL19.2", "CL19.1", "CL19", "DN50", "CL15.2", "CL17.1", "DN50.1"], "DISTRICT": "District7", "Capacity": 1197, "Population": 1045, "Area": 311150518.4140359, "Perimeter": 202280.8554832561, "F1": 0.12698329885561155, "F2": 0.9044411687090623, "F": 0.36022065981164675}, "District8": {"MEMBERS": ["DN32.3", "DN44.1", "DN44.4", "DN32.2", "DN44", "DN46", "DN23.1", "DN32.5", "DN32.4", "DN34.3", "DN49", "DN24.1", "DN30", "DN32.8", "DN45", "DN30.1", "DN32.7", "DN31", "DN44.2", "DN38", "DN32"], "DISTRICT": "District8", "Capacity": 1260, "Population": 1091, "Area": 146058742.32607472, "Perimeter": 108653.97353768344, "F1": 0.13412619734820475, "F2": 0.8445301448051337, "F": 0.34724738158528334}, "District9": {"MEMBERS": ["DN17.1", "DN17.2", "DN21", "DN23", "DN27", "DN04.1", "DN19.7", "DN05.3", "EL40", "EL41", "DN24", "DN07", "DN07.1", "EL42", "DN20.1", "DN19.4", "DN27.1", "EL41.1", "DN05.1", "DN53", "DN17", "DN43", "DN44.5", "DN25", "DN05.4", "DN19.5", "DN26"], "DISTRICT": "District9", "Capacity": 1241, "Population": 897, "Area": 684446166.2791005, "Perimeter": 268410.81105693994, "F1": 0.2771950098533843, "F2": 0.880615168569483, "F": 0.45822105746821384}, "District10": {"MEMBERS": ["WL29.1", "WL28.1", "WL28", "WL25", "WL22.2", "WL26", "WL60", "WL26.4", "WL51", "WL26.1", "CL29", "CL28.3", "WL38", "WL61", "CL28.1", "WL39", "WL26.2", "WL63", "WL22", "WL27.1", "WL23", "WL22.1", "WL15", "WL53", "WL16", "WL27", "WL53.2", "WL26.3", "WL52", "WL54", "WL14", "CL37.1", "WL27.2", "WL53.1", "WL17", "WL09.1", "WL08", "WL01"], "DISTRICT": "District10", "Capacity": 1224, "Population": 607, "Area": 1849210296.9523585, "Perimeter": 570286.367847988, "F1": 0.5040841543783974, "F2": 0.9285486915099211, "F": 0.6314235155178545}, "District11": {"MEMBERS": ["EL38", "EL44", "EL52", "EL47", "EL45", "EL39", "EL36", "EL33", "EL35.1", "EL43", "EL34", "EL13", "EL50", "EL36.1", "DN03", "DN04.2", "DN04", "EL35.2", "EL53", "EL37", "EL46"], "DISTRICT": "District11", "Capacity": 1169, "Population": 1267, "Area": 258439606.43341506, "Perimeter": 131328.76088764102, "F1": 0.08383318148987873, "F2": 0.8117004675054734, "F": 0.3021933672945571}, "District12": {"MEMBERS": ["DS12.5", "DS12", "DS07", "DS14.1", "DS12.2", "DS14.11", "DS03", "DS13.11", "DS13.12", "DS13.5", "DS13.4", "DS12.8", "DS12.1", "DS12.7", "DS12.4", "DS13.14", "DS14", "DS13.9", "DS16.3", "DS14.8", "DS13.8", "DS12.3", "DS14.7", "DS14.2", "DS14.5", "DS14.9", "DS02", "DS14.3", "DS01", "DS13", "DS13.13", "DS16.2", "DS13.6", "DS14.6"], "DISTRICT": "District12", "Capacity": 1452, "Population": 1927, "Area": 389117553.7786501, "Perimeter": 138981.2468624022, "F1": 0.32713566579107667, "F2": 0.7468497970834341, "F": 0.45304990517878385}, "District13": {"MEMBERS": ["CL07.2", "CL10", "CL08", "CL04", "CL38", "CL07", "CL10.2", "CL10.1", "CL09", "CL24", "CL18", "CL23", "CL03", "CL02", "CL02.1", "WL11", "CL20.1", "WL13", "CL20", "CL04.1", "WL57", "WL12.1", "WL06", "WL47", "WL11.1", "CL11", "WL04", "WL03.4", "WL02", "WL03", "WL56", "WL55", "WL03.5", "WL03.1", "WL05", "CL01", "WL03.3", "WL03.2"], "DISTRICT": "District13", "Capacity": 1215, "Population": 1447, "Area": 2721138328.355309, "Perimeter": 392131.1014291589, "F1": 0.1909473153008452, "F2": 0.7776188841180626, "F": 0.3669487859460103}, "District14": {"MEMBERS": ["DN51", "DN47", "DN36.1", "DN36.6", "DN47.2", "DN52", "DN48", "DN22", "DN48.2", "DN47.1", "DN36.7", "DN48.1", "DN34.1", "DN34", "DN45.1", "DN46.1", "DN51.1", "DN34.2", "DN45.3", "DN44.3", "DN46.2", "DN45.2"], "DISTRICT": "District14", "Capacity": 1339, "Population": 1425, "Area": 279513021.56583005, "Perimeter": 151940.6300351982, "F1": 0.06422777397888146, "F2": 0.84785276536784, "F": 0.299315271395569}, "District15": {"MEMBERS": ["DN08.4", "DN16", "DN08.2", "DN13.2", "DN08", "DN15.1", "DN05.5", "DN08.1", "DN14", "DN18", "DN19", "DN01.1", "DN02", "DN19.3", "DN01.3", "DN06", "DN19.6", "DN19.2", "DN39", "DN39.1", "DN20", "DN19.1", "DN01", "DN15", "DN05", "DN05.2", "DN14.1"], "DISTRICT": "District15", "Capacity": 1269, "Population": 1107, "Area": 202087696.67912963, "Perimeter": 153256.58123382487, "F1": 0.12765879332026164, "F2": 0.8918786470794459, "F": 0.35692474944801683}, "District16": {"MEMBERS": ["DS07.11", "DS07.3", "DS07.6", "DS07.1", "DS07.4", "DS07.5", "DS10", "DS07.2", "DS06.7", "DS04", "DS06.4", "DS04.1", "WL66", "DS06.6", "WL41", "WL65", "DS06.1", "DS06.3", "WL34", "WL33", "WL42", "DS07.9", "WL67", "DS06.2", "WL45", "WL44", "DS05", "DS06.5", "DS06.8", "WL67.1", "DS06", "WL43", "WL33.1"], "DISTRICT": "District16", "Capacity": 1445, "Population": 751, "Area": 3609384081.5100994, "Perimeter": 418155.00970134273, "F1": 0.4802761281641791, "F2": 0.7406009661273592,