{"solution": {"districts": {"District0": {"MEMBERS": ["EL03", "EL09", "EL04", "EL05", "EL07", "EL12", "EL15", "EL11", "EL10", "EL17", "EL16", "EL19", "EL55", "EL18", "EL22", "EL08", "EL06"], "DISTRICT": "District0", "Capacity": 1216, "Population": 1060, "Area": 156947523.0945726, "Perimeter": 65879.6631093408, "F1": 0.12828865848446824, "F2": 0.545575653947797, "F": 0.25347475712346684}, "District1": {"MEMBERS": ["EL27", "EL30", "EL14", "EL13", "EL34", "EL56", "EL31", "EL47", "EL28", "EL51", "EL37", "EL33", "EL29", "EL25", "EL24", "EL26", "EL21", "EL20", "EL48", "EL23", "EL32", "EL49"], "DISTRICT": "District1", "Capacity": 1264, "Population": 1023, "Area": 206009981.4741213, "Perimeter": 95003.46954262708, "F1": 0.19066377222576125, "F2": 0.71317355188293, "F": 0.34741670612291187}, "District2": {"MEMBERS": ["CL37", "CL28.1", "CL27", "CL07.1", "CL28", "CL33", "CL28.2", "CL34.2", "DN10.2", "CL05", "CL06", "CL24", "CL31", "CL32.1", "WL24", "WL25", "CL28.3", "WL27.1", "CL26", "CL35", "DN50.1", "DN50.3", "CL37.1", "WL26.2", "CL13", "WL58", "CL30", "CL37.2", "WL51"], "DISTRICT": "District2", "Capacity": 1255, "Population": 871, "Area": 1073365884.6179876, "Perimeter": 401457.6171730955, "F1": 0.3059753043348581, "F2": 0.9163090983695722, "F": 0.4890754425452723}, "District3": {"MEMBERS": ["DN36.3", "DS08.2", "DN36.9", "DN41", "DN36.4", "DN36.2", "DN36.7", "DN36", "DS04", "CL36", "DN36.8", "DN36.12", "DS06.7", "DS06.3", "DN36.5", "DN32.6", "DN53", "DN36.16", "DS06.1", "DS06.6", "DS04.1", "DN37", "DN36.11", "WL67.1", "WL67", "DS09.2", "DS06.2", "CL39", "DS18", "WL45", "WL44", "DS05", "DN36.15", "DN36.13", "DN36.14"], "DISTRICT": "District3", "Capacity": 1269, "Population": 1133, "Area": 2503831271.842808, "Perimeter": 608160.1097341677, "F1": 0.10717021980165309, "F2": 0.9149294849753573, "F": 0.3494979993537643}, "District4": {"MEMBERS": ["WL30", "WL59.1", "WL31.1", "WL36", "WL31", "WL21", "WL59", "WL38", "WL32", "WL32.1", "WL35", "WL37", "WL41", "WL38.1", "WL34", "WL42", "WL39", "WL63", "CL29", "WL43", "WL40", "WL66", "WL65", "WL33.1"], "DISTRICT": "District4", "Capacity": 1187, "Population": 642, "Area": 2547707523.463553, "Perimeter": 465386.23844265664, "F1": 0.4591398529137334, "F2": 0.8521802853295033, "F": 0.5770519826384644}, "District5": {"MEMBERS": ["DN01.4", "DN01.2", "DN01.3", "DN40", "CL14.1", "CL12.1", "DN01", "DN01.6", "DN01.5", "CL14", "CL15.1", "CL17.1", "CL17"], "DISTRICT": "District5", "Capacity": 1242, "Population": 876, "Area": 122975604.6072518, "Perimeter": 71902.65239054771, "F1": 0.29468519086404843, "F2": 0.701090988699995, "F": 0.41660693021483236}, "District6": {"MEMBERS": ["DS17", "DS17.2", "DS13.12", "DS17.6", "DS13.7", "DS13.1", "DS17.3", "DS17.7", "DS19", "DS07.5", "DS17.5", "DS07.12", "DS13.4", "DS13", "DS07.7", "DS17.4", "DS13.11", "DS13.9", "DS19.1", "DS13.2", "DS15", "DS09.3", "DS09.1", "DS16.1", "DS16", "DS14", "DS14.8"], "DISTRICT": "District6", "Capacity": 1388, "Population": 1747, "Area": 220096867.16236433, "Perimeter": 138605.10963231942, "F1": 0.258646244534249, "F2": 0.8560322413186802, "F": 0.4378620435695783}, "District7": {"MEMBERS": ["CL15.3", "CL34.4", "CL15.2", "CL34.1", "CL34.5", "CL34", "CL34.3", "CL34.6", "CL25.1", "CL21.1", "CL16", "CL18", "CL22", "CL21", "CL15", "CL32.2", "CL14.2", "CL20.1", "CL32", "CL25", "CL19.1", "CL19.2", "CL19"], "DISTRICT": "District7", "Capacity": 1197, "Population": 1006, "Area": 185876215.7185765, "Perimeter": 102281.13001048783, "F1": 0.1595647522175042, "F2": 0.7767236874691843, "F": 0.3447124327930082}, "District8": {"MEMBERS": ["DN32.3", "DN32.2", "DN32.1", "DN42", "DN44.1", "DN50", "DN32.8", "DN30", "DN50.2", "DN38", "DN27.1", "DN34.3", "DN31", "DN43", "DN32.5", "DN32", "DN10.1"], "DISTRICT": "District8", "Capacity": 1260, "Population": 1011, "Area": 222592926.81272805, "Perimeter": 139094.17537576036, "F1": 0.19761826033636298, "F2": 0.8554216261429796, "F": 0.3949592700783479}, "District9": {"MEMBERS": ["DN17.1", "DN05.1", "DN05.3", "DN04.1", "DN21", "DN23.1", "DN46", "DN04", "DN24.1", "EL36.1", "DN17.2", "DN06", "DN44.2", "DN44", "DN20.1", "DN44.3", "DN20", "DN39.1", "DN44.4", "DN19.2", "DN19.7", "DN30.1", "DN19.4", "DN24", "DN19.1", "DN27", "DN44.5", "DN19.5", "DN05.2", "DN05.4", "DN19.3", "DN23", "DN05", "DN17", "DN04.2"], "DISTRICT": "District9", "Capacity": 1241, "Population": 1385, "Area": 319064576.9264879, "Perimeter": 140203.92176354563, "F1": 0.1160362520867344, "F2": 0.7960291380498193, "F": 0.32003411787565983}, "District10": {"MEMBERS": ["WL29.1", "WL29", "WL28", "WL26.3", "WL28.1", "WL22.2", "WL60", "WL27.2", "WL22", "WL22.1", "WL50", "WL21.1", "WL26.1", "WL49", "WL48", "WL17", "WL23", "WL15", "WL27", "WL54", "WL14.1", "WL18", "WL26", "WL33", "WL20", "WL53.1", "WL46", "WL53", "WL57", "WL52", "WL61", "WL19", "WL58.1", "WL21.2", "WL09", "WL14", "WL08", "WL09.1", "WL16", "WL53.2", "WL26.4"], "DISTRICT": "District10", "Capacity": 1224, "Population": 821, "Area": 1995350937.9470804, "Perimeter": 467255.1142573116, "F1": 0.3292475544996115, "F2": 0.885152637387185, "F": 0.4960190793658835}, "District11": {"MEMBERS": ["EL38", "EL46", "EL44", "EL52", "EL43", "EL39", "EL45", "EL40", "EL53", "EL50", "EL36", "EL35.1", "EL35", "EL02", "EL35.2", "EL54", "EL01"], "DISTRICT": "District11", "Capacity": 1169, "Population": 1201, "Area": 206991606.39614868, "Perimeter": 113534.05122414416, "F1": 0.027374670424511027, "F2": 0.7982050335881865, "F": 0.2586237793736136}, "District12": {"MEMBERS": ["DS12.5", "DS12", "DS12.1", "DS12.4", "DS03", "DS14.1", "DS14.11", "DS12.3", "DS01", "DS07", "DS13.6", "DS13.5", "DS02", "DS14.7", "DS14.3", "DS13.14", "DS13.8", "DS14.2", "DS14.4", "DS14.6", "DS14.9", "DS14.5", "DS16.3", "DS13.13", "DS16.2", "DS12.7"], "DISTRICT": "District12", "Capacity": 1452, "Population": 1021, "Area": 319810815.37156826, "Perimeter": 134443.42414378378, "F1": 0.2968312720603907, "F2": 0.7776567852245304, "F": 0.4410789260096326}, "District13": {"MEMBERS": ["CL07.2", "CL07", "CL09", "CL04.1", "CL23", "CL10", "CL04", "WL62", "CL20.2", "WL12.1", "CL08", "WL12", "CL38", "CL10.1", "CL12", "CL11", "CL03", "CL20", "CL02.1", "CL01", "CL05.1", "CL02", "WL11", "CL10.2", "WL13", "WL11.1", "WL56", "WL06", "WL07", "WL03.5", "WL03.3", "WL03.1", "WL02", "WL05", "WL03.4", "WL01", "WL04", "WL03.2", "WL10", "WL55", "WL03", "WL47"], "DISTRICT": "District13", "Capacity": 1215, "Population": 1467, "Area": 3335908316.2771525, "Perimeter": 446936.9589771607, "F1": 0.20740822051515861, "F2": 0.790139148470573, "F": 0.38222749890178287}, "District14": {"MEMBERS": ["DN51", "DN52", "DN48.1", "DN48", "DN22", "DN51.1", "EL41", "DN36.1", "DN46.1", "DN46.2", "DN36.6", "DN48.2", "DN34.2", "EL42", "DN45.1", "DN49", "DN45.3", "EL41.1", "DN47.1", "DN47.2", "DN33", "DN47", "DN45.2", "DN45", "DN34", "DN32.4", "DN32.7", "DN34.1"], "DISTRICT": "District14", "Capacity": 1339, "Population": 1678, "Area": 361792498.8755153, "Perimeter": 165261.86717474778, "F1": 0.2531747479225186, "F2": 0.8335345489526126, "F": 0.4272826882315468}, "District15": {"MEMBERS": ["DN08.4", "DN08.2", "DN08", "DN13", "DN01.1", "DN13.1", "DN08.3", "DN07.1", "DN02", "DN08.1", "DN07", "DN10", "DN15.1", "DN12", "DN39", "DN35", "DN28.1", "DN03", "DN13.2", "DN28", "DN08.5", "DN11", "DN09", "DN15", "DN26", "DN16", "DN05.5", "DN18", "DN25", "DN19.6", "DN19", "DN14.1", "DN29", "DN14"], "DISTRICT": "District15", "Capacity": 1269, "Population": 1721, "Area": 255490825.26401275, "Perimeter": 117748.70207045601, "F1": 0.35618675054226356, "F2": 0.7684350013452178, "F": 0.4798612257831498}, "District16": {"MEMBERS": ["DS07.11", "DS06.5", "DS10", "DS07.4", "DS07.3", "DS06", "DS06.8", "DS07.6", "DS12.2", "DS07.8", "DS12.8", "DS13.3", "DS07.2", "DS12.6", "DS07.1", "DS08", "DS09", "DS17.1", "DS11.1", "DS08.1", "DS07.9", "DS11", "DS06.4"], "DISTRICT": "District16", "Capacity": 1445, "Population": 1396, "Area": 496569439.14268684, "Perimeter": 204608.71362019025, "F1": 0.03390934924630207, "F2": 0.8509466978395848,