{"solution": {"districts": {"District0": {"MEMBERS": ["CL27", "CL28.1", "CL28.3", "CL28", "CL06", "WL24", "CL07.1", "CL05.1", "CL37", "CL32.1", "CL24", "WL12", "WL58", "WL13", "CL04", "WL57", "CL30", "WL58.1", "CL39", "WL06", "WL11.1", "CL25", "WL05", "WL03.3", "CL34.3", "WL47", "WL03.1", "WL03.2", "WL55", "CL25.1", "CL26"], "DISTRICT": "District0", "Capacity": 1361, "Population": 1563, "Area": 1512409721.455218, "Perimeter": 508809.4747741015, "F1": 0.14842100552225568, "F2": 0.9265876807693703, "F": 0.38187100809638996}, "District1": {"MEMBERS": ["EL27", "EL15", "EL26", "EL20", "EL21", "EL25", "EL24", "EL55", "EL16", "EL19", "EL29", "EL49", "EL28", "EL56", "EL48", "EL51", "EL22", "EL14", "EL13", "EL30", "EL31", "EL52", "EL46"], "DISTRICT": "District1", "Capacity": 1423, "Population": 1863, "Area": 154400970.97330728, "Perimeter": 102364.3266847543, "F1": 0.3092065965621462, "F2": 0.8148334125074439, "F": 0.4608946413457355}, "District2": {"MEMBERS": ["DN33", "DN36.7", "DN36.6", "DN34", "DN34.1", "DN32.7", "DN44.3", "DN32.4", "DN45.1", "DN46.1", "DN47.1", "DN32.2", "DN32.3", "DN30", "DN32.6", "DN44.4", "DN34.3", "DN36.1", "DN34.2", "DN36", "DN30.1", "DN44.5", "DN32.5", "DN32", "DN32.8", "DN32.1"], "DISTRICT": "District2", "Capacity": 1855, "Population": 2019, "Area": 181443072.81724775, "Perimeter": 115716.942304117, "F1": 0.08841023672016046, "F2": 0.8297228559043959, "F": 0.31080402247543104}, "District3": {"MEMBERS": ["EL09", "EL08", "EL11", "EL12", "EL07", "EL34", "EL05", "EL06", "EL18", "EL04", "EL33", "EL10", "EL17", "EL03", "EL35.2", "EL36", "EL02", "EL50", "EL54", "EL23"], "DISTRICT": "District3", "Capacity": 1438, "Population": 1591, "Area": 254584804.88268736, "Perimeter": 138067.4498771548, "F1": 0.10639846240334871, "F2": 0.832173809746667, "F": 0.32413106660634416}, "District4": {"MEMBERS": ["WL22.1", "WL22.2", "WL29.1", "WL26.3", "WL26.1", "WL27.2", "WL28", "WL26", "WL27", "WL26.2", "WL21.2", "WL49", "WL50", "WL14.1", "WL61", "WL28.1", "WL15", "WL17", "WL53.2", "WL20", "WL53.1", "WL16", "WL10", "WL48", "WL26.4", "WL60", "WL09.1", "WL52", "WL53", "WL23", "WL14", "WL09", "WL54", "WL19"], "DISTRICT": "District4", "Capacity": 1669, "Population": 777, "Area": 1329525859.273145, "Perimeter": 264828.55960446683, "F1": 0.5344511711536779, "F2": 0.7617806606091737, "F": 0.6026500179903267}, "District5": {"MEMBERS": ["DN13", "DN13.2", "DN09", "DN10.2", "CL34.2", "CL36", "DN11", "DN01.3", "DN08.3", "CL34", "CL34.1", "DN08.4", "DN42", "CL34.5", "CL34.4", "DN08.5", "DN13.1", "CL34.6", "CL15.3", "CL35", "DN12", "DN15.1", "DN18", "DN29", "DN17", "CL32.2", "CL33", "CL19", "CL14.1", "CL15", "DN05.5", "CL32"], "DISTRICT": "District5", "Capacity": 1651, "Population": 1878, "Area": 592691421.7139049, "Perimeter": 239713.69882890885, "F1": 0.13749302763480897, "F2": 0.8703857356864948, "F": 0.3573608400503147}, "District6": {"MEMBERS": ["CL13", "CL31", "DS18", "CL28.2", "DN41", "DS04.1", "DS05", "DN37", "DS08.1", "DS06.3", "DS06.7", "CL37.1", "CL37.2", "WL67.1", "WL67", "WL65", "WL41", "WL66", "WL42", "DS06.2", "WL33", "WL43", "DS04", "WL45", "WL33.1", "WL44"], "DISTRICT": "District6", "Capacity": 1687, "Population": 715, "Area": 3608974096.1352644, "Perimeter": 463415.158976356, "F1": 0.5761701269936567, "F2": 0.7888198195100928, "F": 0.6399650347485875}, "District7": {"MEMBERS": ["DN27", "DN27.1", "DN26", "DN28", "DN28.1", "DN23", "DN43", "DN20", "DN19.2", "DN31", "DN50.2", "DN19.4", "DN50", "DN10.1", "DN10", "DN19.7", "DN50.1", "DN25", "DN50.3", "DN35", "DN19.6", "DN15", "DN19.1", "DN38", "DN19", "DN14", "DN14.1"], "DISTRICT": "District7", "Capacity": 1787, "Population": 1749, "Area": 171334077.74909684, "Perimeter": 119320.0556705584, "F1": 0.02126413530350235, "F2": 0.8487739110018835, "F": 0.2695170680130166}, "District8": {"MEMBERS": ["EL37", "EL39", "EL40", "EL38", "EL45", "DN22", "EL44", "DN23.1", "DN53", "EL41", "DN24.1", "DN21", "DN20.1", "EL32", "EL47", "EL41.1", "DN24", "DN19.3", "DN19.5", "EL43", "EL53", "EL42", "DN17.1", "DN05.1", "DN05.2"], "DISTRICT": "District8", "Capacity": 1498, "Population": 1562, "Area": 783616780.8850324, "Perimeter": 223149.28188653005, "F1": 0.042724292104644235, "F2": 0.8022472167933197, "F": 0.27058116951124683}, "District9": {"MEMBERS": ["WL29", "WL22", "WL21", "WL59", "WL59.1", "WL38", "WL31.1", "WL32", "WL25", "WL39", "WL27.1", "WL21.1", "WL32.1", "WL51", "CL29", "WL34", "WL35", "WL31", "WL40", "WL30", "WL46", "WL63", "WL38.1", "WL18", "WL37", "WL36"], "DISTRICT": "District9", "Capacity": 1346, "Population": 1262, "Area": 1553178499.899086, "Perimeter": 317869.21985616937, "F1": 0.062406396267411623, "F2": 0.8068324008395024, "F": 0.2857341976390388}, "District10": {"MEMBERS": ["DS13.4", "DS13", "DS13.11", "DS12", "DS13.5", "DS13.2", "DS17.5", "DS19", "DS12.4", "DS12.7", "DS13.9", "DS07", "DS03", "DS14.1", "DS07.9", "DS13.8", "DS02", "DS01", "DS14", "DS12.3", "DS14.2", "DS13.13", "DS13.6", "DS16", "DS14.3", "DS12.2", "DS12.5", "DS13.14", "DS14.7", "DS12.1", "DS16.3", "DS14.6", "DS14.11"], "DISTRICT": "District10", "Capacity": 1858, "Population": 2521, "Area": 406984069.75756913, "Perimeter": 149837.07114285894, "F1": 0.3568358376919494, "F2": 0.772202620548648, "F": 0.48144587254895893}, "District11": {"MEMBERS": ["DN47", "DN47.2", "DN52", "DN51.1", "DN48", "DN46", "DN45", "DN46.2", "DN45.3", "DN45.2", "DN49", "DN51", "DN44", "DN48.2", "DN44.1", "DN44.2", "DN48.1"], "DISTRICT": "District11", "Capacity": 1935, "Population": 1366, "Area": 180851738.20813197, "Perimeter": 111717.53127484661, "F1": 0.29405633439764167, "F2": 0.8179084088025181, "F": 0.4512119567191046}, "District12": {"MEMBERS": ["CL07.2", "CL04.1", "CL03", "CL02.1", "CL02", "CL01", "CL10", "CL11", "WL11", "WL62", "CL10.2", "WL12.1", "CL09", "CL23", "CL05", "CL08", "CL20.1", "WL04", "CL20", "CL10.1", "CL22", "CL07", "CL38", "CL18", "CL19.2", "CL19.1", "CL20.2", "CL21.1", "WL03.5", "WL56", "CL16", "WL03", "WL03.4", "CL15.2", "CL21", "WL07", "WL08", "WL01", "WL02"], "DISTRICT": "District12", "Capacity": 1722, "Population": 2112, "Area": 2619744219.228567, "Perimeter": 563570.0037789193, "F1": 0.22648140983460285, "F2": 0.8963491147562574, "F": 0.4274417213110992}, "District13": {"MEMBERS": ["DS17.7", "DS17.2", "DS07.7", "DS07.5", "DS07.2", "DS17", "DS17.4", "DS19.1", "DS13.7", "DS13.1", "DS10", "DS07.6", "DS07.1", "DS06", "DS17.6", "DS07.12", "DS06.1", "DS07.3", "DS06.8", "DS06.5", "DS13.12", "DS07.4", "DS12.6", "DS07.11", "DS07.8", "DS06.4", "DS13.3", "DS12.8"], "DISTRICT": "District13", "Capacity": 2089, "Population": 1390, "Area": 375205203.98027396, "Perimeter": 140160.61291845466, "F1": 0.33460938566486653, "F2": 0.759991434441738, "F": 0.46222400029792793}, "District14": {"MEMBERS": ["DN01.4", "DN01.5", "DN01", "DN01.6", "CL12.1", "DN02", "CL14", "CL17.1", "CL14.2", "DN03", "DN01.1", "EL36.1", "EL35.1", "DN04.1", "DN39.1", "DN08", "EL35", "CL17", "EL01", "DN40", "DN17.2", "DN07.1", "DN39", "DN06", "DN04", "DN08.2", "CL12", "DN05.3", "DN07", "DN05", "DN01.2", "DN08.1", "DN16", "DN05.4", "CL15.1", "DN04.2"], "DISTRICT": "District14", "Capacity": 1749, "Population": 2889, "Area": 440250098.88407564, "Perimeter": 157074.92319027835, "F1": 0.6518015914705457, "F2": 0.7757690204325107, "F": 0.6889918201591352}, "District15": {"MEMBERS": ["DN36.3", "DS11", "DS08.2", "DN36.12", "DS09.2", "DS11.1", "DN36.8", "DN36.13", "DS09", "DN36.2", "DS08", "DN36.4", "DN36.14", "DN36.9", "DN36.15", "DN36.5", "DS15", "DN36.16", "DS09.3", "DN36.11", "DS09.1", "DS17.1", "DS16.1", "DS14.4", "DS14.5", "DS06.6", "DS14.8", "DS14.9", "DS16.2", "DS17.3"], "DISTRICT": "District15", "Capacity": 2148, "Population": 1471, "Area": 365188179.14225274, "Perimeter": 148826.6540388001, "F1": 0.31517644639117115, "F2": 0.7928117417612738, "F": 0.45846703500220193}}, "district_ids": {"WL03.4": "District12", "WL03": "District12", "WL27.2": "District4", "WL32.1": "District9", "WL02": "District12", "WL01": "District12", "WL55": "District0", "WL56": "District12", "CL03": "District12",