{"solution": {"districts": {"District0": {"MEMBERS": ["EL03", "EL02", "EL04", "EL05", "EL07", "EL06", "EL33", "EL36", "DN21", "DN20.1", "EL35.2", "EL08", "EL12", "EL35.1", "EL11", "EL36.1", "DN20", "DN19.2", "DN23", "EL17", "EL54", "EL09", "EL34", "DN19.7", "EL35", "EL10", "DN19.6", "DN19.4"], "DISTRICT": "District0", "Capacity": 1216, "Population": 1301, "Area": 352895884.4790968, "Perimeter": 154701.05963356956, "F1": 0.06990212935935758, "F2": 0.8147023631244897, "F": 0.29334219948889717}, "District1": {"MEMBERS": ["EL27", "EL14", "EL26", "EL15", "EL29", "EL20", "EL13", "EL16", "EL21", "EL19", "EL25", "EL55", "EL18", "EL49", "EL56", "EL30", "EL24", "EL23", "EL32", "EL22"], "DISTRICT": "District1", "Capacity": 1264, "Population": 1022, "Area": 150270205.29158482, "Perimeter": 79918.54460994834, "F1": 0.1914549114600086, "F2": 0.70434337775128, "F": 0.34532145134739}, "District2": {"MEMBERS": ["CL37", "CL37.2", "CL37.1", "CL27", "CL33", "CL06", "WL25", "WL51", "CL31", "CL26", "CL34", "CL32.2", "CL28.2", "CL28.3", "CL30", "CL28", "CL29", "CL28.1", "WL63", "WL26", "CL05", "WL27", "CL13", "WL26.2", "WL27.2", "WL24", "WL23"], "DISTRICT": "District2", "Capacity": 1255, "Population": 807, "Area": 1058607031.6190946, "Perimeter": 260265.79578431972, "F1": 0.3569713198647704, "F2": 0.8036140359727977, "F": 0.49096413469717853}, "District3": {"MEMBERS": ["DN36.3", "DS08", "DN37", "DS08.1", "DN41", "CL36", "DS11.1", "DS08.2", "DS18", "CL35", "DS06.6", "DS04.1", "DN32.6", "DN36.9", "DN42", "WL66", "DS05", "WL65", "DS06.1", "WL67", "DN50.3", "DS06.2", "WL67.1", "DN32.1", "DN32.8", "DN32"], "DISTRICT": "District3", "Capacity": 1269, "Population": 1004, "Area": 1889887568.3143435, "Perimeter": 340961.37783274817, "F1": 0.20882506533628786, "F2": 0.7957154804533553, "F": 0.38489218987140805}, "District4": {"MEMBERS": ["WL30", "WL31", "WL59.1", "WL21", "WL29", "WL36", "WL31.1", "WL59", "WL35", "WL21.1", "WL22", "WL40", "WL39", "WL34", "WL38.1", "WL33", "WL41", "WL43", "WL45", "WL18", "WL33.1", "WL42", "CL39", "WL44", "WL19", "WL37", "WL17", "WL15", "WL54", "WL16", "WL53.2", "WL53.1", "WL09.1"], "DISTRICT": "District4", "Capacity": 1187, "Population": 957, "Area": 3606321870.015907, "Perimeter": 594768.4815969111, "F1": 0.1937649604569085, "F2": 0.8718913491313078, "F": 0.39720287705922824}, "District5": {"MEMBERS": ["DN01.4", "DN40", "CL14.1", "DN01.6", "CL14.2", "DN01.3", "CL34.4", "CL34.1", "CL34.2", "DN10.2", "DN09", "CL12.1", "CL12", "DN10", "CL17", "CL16", "CL18", "CL20.1", "DN01.5", "CL21.1", "DN10.1", "CL10.2", "CL11", "CL10.1", "DN12", "DN14.1", "CL34.6"], "DISTRICT": "District5", "Capacity": 1242, "Population": 1482, "Area": 353564266.4168076, "Perimeter": 189952.84416134728, "F1": 0.19323751052143723, "F2": 0.8768635500568583, "F": 0.39832532238206353}, "District6": {"MEMBERS": ["DS17", "DS13.12", "DS07.8", "DS13.7", "DS13.3", "DS13.1", "DS13.2", "DS07.5", "DS15", "DS09.3", "DS13.9", "DS17.5", "DS16.1", "DS17.2", "DS16.2", "DS19.1", "DS17.3", "DS13.8", "DS13", "DS13.13", "DS17.6"], "DISTRICT": "District6", "Capacity": 1388, "Population": 1279, "Area": 167502593.407343, "Perimeter": 141139.21547798562, "F1": 0.07852954554373526, "F2": 0.8943338214344666, "F": 0.32327082831095466}, "District7": {"MEMBERS": ["CL15.3", "CL15", "CL15.1", "CL17.1", "CL19", "CL34.3", "CL32.1", "CL34.5", "CL25", "CL15.2", "CL24", "CL32", "CL14", "CL25.1", "CL19.1", "CL22", "CL19.2", "CL23"], "DISTRICT": "District7", "Capacity": 1197, "Population": 888, "Area": 107346344.25781302, "Perimeter": 89489.94480533485, "F1": 0.2581445341842562, "F2": 0.8315586775505095, "F": 0.43016877719413216}, "District8": {"MEMBERS": ["DN32.3", "DN30", "DN44.1", "DN44.3", "DN34.3", "DN50.2", "DN50", "DN50.1", "DN32.5", "DN28", "DN27.1", "DN33", "DN36.1", "DN30.1", "DN36.6", "DN34", "DN32.4", "DN34.1", "DN46.1", "DN34.2", "DN35", "DN27", "DN32.7", "DN46.2", "DN24", "DN32.2", "DN44.4", "DN45.1", "DN44.5", "DN38", "DN45"], "DISTRICT": "District8", "Capacity": 1260, "Population": 1935, "Area": 189395947.81492457, "Perimeter": 142351.7780735301, "F1": 0.5357150671768645, "F2": 0.88254953119616, "F": 0.639765406382653}, "District9": {"MEMBERS": ["DN17.1", "DN17", "DN16", "DN05", "DN13.1", "DN13.2", "DN05.2", "DN19.3", "DN19", "DN17.2", "DN05.3", "DN13", "DN15", "DN05.1", "DN14", "DN11", "DN05.4", "DN29", "DN25", "DN28.1", "DN26", "DN19.1", "DN19.5", "DN15.1", "DN18", "DN05.5"], "DISTRICT": "District9", "Capacity": 1241, "Population": 1044, "Area": 104129569.73818247, "Perimeter": 71542.89185516938, "F1": 0.15874215021158622, "F2": 0.7443469630803947, "F": 0.33442359407222877}, "District10": {"MEMBERS": ["WL29.1", "WL28", "WL22.2", "WL50", "WL26.3", "WL22.1", "WL26.4", "WL61", "WL28.1", "WL14", "WL26.1", "WL21.2", "WL60", "WL10", "WL27.1", "WL38", "WL14.1", "WL53", "WL58", "WL49", "WL48", "WL32", "WL06", "WL11.1", "WL46", "WL03.3", "WL05", "WL04", "WL20", "WL03.2", "WL52", "WL09", "WL32.1", "WL07", "WL02", "WL03.1", "WL08", "WL03", "WL01", "WL03.5", "WL03.4"], "DISTRICT": "District10", "Capacity": 1224, "Population": 768, "Area": 2674099229.2142687, "Perimeter": 540580.3974879263, "F1": 0.37254820774061925, "F2": 0.8850082200884897, "F": 0.5262862114449804}, "District11": {"MEMBERS": ["EL38", "EL39", "EL42", "EL41", "EL41.1", "EL50", "EL46", "EL52", "EL47", "EL37", "EL40", "DN53", "EL48", "EL31", "EL51", "EL28", "DN22", "EL43", "DN52", "DN48.2", "EL53", "DN49", "EL44", "EL45", "DN23.1", "DN24.1", "DN43", "DN31"], "DISTRICT": "District11", "Capacity": 1169, "Population": 1548, "Area": 819067668.707907, "Perimeter": 213363.7382516042, "F1": 0.3242095695106111, "F2": 0.7739063195167262, "F": 0.4591185945124456}, "District12": {"MEMBERS": ["DS12.5", "DS12", "DS14.1", "DS12.4", "DS12.7", "DS14.2", "DS14.5", "DS14", "DS14.11", "DS16", "DS13.11", "DS14.4", "DS16.3", "DS12.1", "DS02", "DS13.5", "DS09.1", "DS14.6", "DS13.14", "DS14.8", "DS13.4", "DS01", "DS14.7", "DS14.9", "DS14.3", "DS03", "DS13.6"], "DISTRICT": "District12", "Capacity": 1452, "Population": 1355, "Area": 299628197.99882394, "Perimeter": 125897.7309434011, "F1": 0.06680372543523605, "F2": 0.7624490669120032, "F": 0.27549732787826614}, "District13": {"MEMBERS": ["CL07.2", "CL04.1", "CL04", "CL08", "CL38", "CL07", "WL62", "CL05.1", "CL07.1", "WL11", "CL02.1", "CL10", "CL09", "CL20.2", "CL20", "WL12.1", "CL21", "WL13", "WL12", "WL56", "WL58.1", "CL01", "WL55", "CL03", "WL57", "CL02", "WL47"], "DISTRICT": "District13", "Capacity": 1215, "Population": 1072, "Area": 1702264642.3303497, "Perimeter": 314110.86575992027, "F1": 0.11769465746753371, "F2": 0.7831941367940144, "F": 0.31734450126547786}, "District14": {"MEMBERS": ["DN51", "DN36.12", "DN36", "DS11", "DS09", "DN51.1", "DN36.4", "DN36.11", "DS17.1", "DN36.8", "DN36.2", "DN36.7", "DN36.14", "DN36.13", "DS17.4", "DN47", "DS19", "DS09.2", "DN36.15", "DN47.2", "DN47.1", "DN36.5", "DN48", "DN46", "DN48.1", "DN45.3", "DN36.16", "DN44", "DN44.2", "DN45.2"], "DISTRICT": "District14", "Capacity": 1339, "Population": 1643, "Area": 268360345.59882742, "Perimeter": 183495.60078714348, "F1": 0.2270358384836757, "F2": 0.899844018086097, "F": 0.4288782923644021}, "District15": {"MEMBERS": ["DN08.4", "DN08.1", "DN08.5", "DN08.2", "DN08.3", "DN08", "DN39", "DN39.1", "DN01.1", "DN02", "DN01", "DN04.2", "DN07.1", "DN04.1", "DN01.2", "DN07", "DN04", "DN06", "DN03", "EL01"], "DISTRICT": "District15", "Capacity": 1269, "Population": 950, "Area": 289386094.48431945, "Perimeter": 121400.66988739603, "F1": 0.2513782564903211, "F2": 0.7532567070778252, "F": 0.4019417916665723}, "District16": {"MEMBERS": ["DS07.11", "DS07.3", "DS07.1", "DS07.9", "DS12.2", "DS07.6", "DS12.6", "DS07", "DS06.4", "DS06.5", "DS07.4", "DS06", "DS12.8", "DS07.2", "DS12.3", "DS06.8", "DS07.7", "DS07.12", "DS06.7", "DS04", "DS17.7", "DS10", "DS06.3"], "DISTRICT": "District16", "Capacity": 1445, "Population": 1004, "Area": 497655359.31034184, "Perimeter": 181025.00311867814, "F1": 0.30518962418553897, "F2": 0.8091635091015662,