{"solution": {"districts": {"District0": {"MEMBERS": ["EL03", "EL09", "EL10", "EL22", "EL55", "EL11", "EL02", "EL35", "EL16", "EL18", "EL54", "EL12", "EL35.1", "EL01", "EL07", "EL08", "EL06", "DN03", "DN04.2", "DN04", "EL17", "EL20", "EL23"], "DISTRICT": "District0", "Capacity": 1216, "Population": 1350, "Area": 298276019.75529116, "Perimeter": 149710.93724155863, "F1": 0.11019818165955453, "F2": 0.8327673218717393, "F": 0.3269689237232099}, "District1": {"MEMBERS": ["EL27", "EL26", "EL15", "EL14", "EL25", "EL28", "EL56", "EL13", "EL33", "EL34", "EL24", "EL36", "EL05", "EL49", "EL35.2", "EL30", "EL29", "EL04", "EL21", "EL19"], "DISTRICT": "District1", "Capacity": 1264, "Population": 1022, "Area": 186425635.04002997, "Perimeter": 132261.3692194914, "F1": 0.1914549114600086, "F2": 0.8660787585971812, "F": 0.3938420656011603}, "District2": {"MEMBERS": ["CL37", "CL37.1", "CL13", "CL37.2", "CL28", "CL28.2", "CL26", "CL33", "CL25", "CL32.1", "CL28.3", "CL24", "CL34.2", "CL31", "CL30", "CL23", "DS04.1", "CL29", "CL32", "CL39", "WL66", "WL40", "CL36", "DN41", "DN10.1", "WL65", "WL45", "CL35", "WL44", "CL28.1", "DN42", "WL43", "WL67.1", "WL33", "WL42", "WL18", "WL67", "WL48", "WL46", "WL33.1", "WL20", "WL17", "WL19", "DS18"], "DISTRICT": "District2", "Capacity": 1255, "Population": 1561, "Area": 4378872034.046543, "Perimeter": 642202.357057812, "F1": 0.2438254880970081, "F2": 0.8665777293681765, "F": 0.4306511604783586}, "District3": {"MEMBERS": ["DN36.3", "DS11", "DN36.12", "DN53", "DN36.13", "DS08.2", "DS15", "DN22", "DS13.8", "DN36.9", "DN21", "DN20", "DN19.2", "DN23", "DN52", "DN36.5", "DN48", "DS09.3", "DN20.1", "DS16", "DN19.4", "DS09.1", "DN23.1", "DN48.1", "DN36"], "DISTRICT": "District3", "Capacity": 1269, "Population": 1079, "Area": 888430521.1812928, "Perimeter": 265373.78330812755, "F1": 0.1497234109556863, "F2": 0.8414678673878984, "F": 0.3572467478853499}, "District4": {"MEMBERS": ["WL30", "WL38", "WL59", "WL38.1", "WL31.1", "WL25", "WL32", "WL21.1", "CL06", "WL35", "WL21.2", "WL36", "WL37", "WL21", "WL24", "WL12", "CL27", "WL12.1", "WL41", "WL22.1", "WL39", "WL63", "WL13", "WL26.2", "WL34", "WL27", "WL57", "WL26", "WL31", "WL51", "WL26.1"], "DISTRICT": "District4", "Capacity": 1187, "Population": 842, "Area": 1782527005.5184197, "Perimeter": 493101.93282157875, "F1": 0.2906478577030509, "F2": 0.9078760454229703, "F": 0.4758163140190267}, "District5": {"MEMBERS": ["DN01.4", "DN01.2", "DN40", "CL14.1", "DN01.1", "DN01.5", "DN01", "CL12", "DN01.6", "CL12.1", "CL14", "DN39.1", "DN02", "CL14.2", "DN01.3", "DN10.2", "CL15", "CL16", "CL15.1", "CL34.1"], "DISTRICT": "District5", "Capacity": 1242, "Population": 1173, "Area": 241253451.24057633, "Perimeter": 112053.08947085794, "F1": 0.05555475800680554, "F2": 0.7585452638705051, "F": 0.2664519097659154}, "District6": {"MEMBERS": ["DS17", "DS17.4", "DS17.1", "DS09", "DS09.2", "DS13.2", "DS07.8", "DS13.12", "DS07.12", "DS11.1", "DS07.5", "DS08", "DS13.9", "DS17.7", "DS07.6", "DS06.6", "DS07.3", "DS06.8", "DS13.3", "DS13.4", "DS07.7", "DS17.5", "DS17.6", "DS13.1", "DS17.3", "DS19.1", "DS12.8", "DS13.7", "DS12.6", "DS17.2", "DS19"], "DISTRICT": "District6", "Capacity": 1388, "Population": 1642, "Area": 320237128.34321433, "Perimeter": 161084.23843961518, "F1": 0.18299783009367565, "F2": 0.8449129802934965, "F": 0.38157237515362186}, "District7": {"MEMBERS": ["CL15.3", "CL34.4", "CL19", "CL19.2", "CL19.1", "CL15.2", "CL20.1", "CL34.6", "CL09", "CL25.1", "CL21.1", "CL18", "CL21", "CL22", "CL34.3", "CL34", "CL32.2", "CL34.5", "CL20.2", "CL20"], "DISTRICT": "District7", "Capacity": 1197, "Population": 938, "Area": 134610256.83145812, "Perimeter": 82592.57594315949, "F1": 0.2163734401305477, "F2": 0.7520260875635925, "F": 0.37706923436046114}, "District8": {"MEMBERS": ["DN32.3", "DN44.4", "DN32.5", "DN30.1", "DN44.5", "DN50.2", "DN30", "DN43", "DN50.3", "DN32", "DN32.1", "DN32.6", "DN44.2", "DN27.1", "DN35", "DN50.1", "DN37", "DN32.2", "DN32.8", "DN31", "DN38", "DN33", "DN50", "DN34.3", "DN34"], "DISTRICT": "District8", "Capacity": 1260, "Population": 1111, "Area": 202717750.6327055, "Perimeter": 110909.10883903345, "F1": 0.11825318160116527, "F2": 0.792906145612769, "F": 0.32064907080464633}, "District9": {"MEMBERS": ["DN17.1", "DN05.3", "DN04.1", "DN05.1", "DN05.2", "DN19.3", "DN19.5", "DN06", "DN17.2", "EL36.1", "DN19.7", "DN19.1", "DN27", "DN39", "DN07.1", "DN05", "DN19", "DN07", "DN26", "DN05.4", "DN25", "DN29", "DN28", "DN14", "DN28.1", "DN14.1"], "DISTRICT": "District9", "Capacity": 1241, "Population": 1144, "Area": 178023426.75284618, "Perimeter": 120965.33127614645, "F1": 0.07816197358451271, "F2": 0.847114892760242, "F": 0.3088478493372314}, "District10": {"MEMBERS": ["WL29.1", "WL22.2", "WL50", "WL22", "WL59.1", "WL28", "WL60", "WL28.1", "WL26.3", "WL29", "WL27.1", "WL27.2", "WL26.4", "WL15", "WL53.2", "WL54", "WL14.1", "WL61", "WL16", "WL49", "WL58", "WL53", "WL32.1", "WL10", "WL52", "WL14", "WL23", "WL58.1", "WL09", "WL53.1", "WL08", "WL07", "WL09.1", "WL01"], "DISTRICT": "District10", "Capacity": 1224, "Population": 526, "Area": 1780746510.1691675, "Perimeter": 367213.48841497995, "F1": 0.5702606244259754, "F2": 0.8340509710647522, "F": 0.6493977284176085}, "District11": {"MEMBERS": ["EL38", "EL44", "EL43", "EL39", "EL42", "EL41", "EL46", "EL45", "EL40", "EL53", "EL52", "EL51", "EL48", "EL47", "EL41.1", "EL50", "EL37", "EL31", "EL32"], "DISTRICT": "District11", "Capacity": 1169, "Population": 1174, "Area": 198983625.95834392, "Perimeter": 80946.24266958295, "F1": 0.004278006806860413, "F2": 0.6183776380042494, "F": 0.18850789616607708}, "District12": {"MEMBERS": ["DS12.5", "DS13.14", "DS13.6", "DS14.2", "DS14.5", "DS14.4", "DS03", "DS12", "DS13.5", "DS13.11", "DS07", "DS14.7", "DS07.1", "DS01", "DS14", "DS07.9", "DS14.11", "DS12.4", "DS13", "DS16.1", "DS14.1", "DS02", "DS16.2", "DS14.8", "DS14.9", "DS12.1", "DS14.6", "DS12.7", "DS16.3", "DS13.13", "DS12.2", "DS12.3", "DS14.3"], "DISTRICT": "District12", "Capacity": 1452, "Population": 1833, "Area": 421225058.9174879, "Perimeter": 131701.78368592967, "F1": 0.26239737422591336, "F2": 0.6948307642219609, "F": 0.3921273912247276}, "District13": {"MEMBERS": ["CL07.2", "CL07", "CL10", "CL11", "CL07.1", "CL10.1", "CL10.2", "CL08", "CL38", "CL17", "CL05", "CL17.1", "CL05.1", "CL04", "WL62", "WL11", "WL11.1", "CL02.1", "CL04.1", "WL56", "WL55", "WL04", "WL06", "WL03.3", "WL03.4", "CL03", "WL02", "WL03.5", "WL03.1", "WL47", "WL03.2", "WL05", "WL03", "CL02", "CL01"], "DISTRICT": "District13", "Capacity": 1215, "Population": 1207, "Area": 2663518897.7404876, "Perimeter": 336578.68590215885, "F1": 0.006583547270917256, "F2": 0.704544264211848, "F": 0.21597176235319643}, "District14": {"MEMBERS": ["DN51", "DN47", "DN51.1", "DN47.2", "DN36.1", "DN36.2", "DN36.4", "DN36.8", "DN36.14", "DN47.1", "DN36.7", "DN34.1", "DN46.1", "DN44.3", "DN46", "DN44.1", "DN24.1", "DN48.2", "DN36.16", "DN36.15", "DN49", "DN46.2", "DN24", "DN36.11", "DN45.3", "DN44", "DN45", "DN32.4", "DN34.2", "DN45.1", "DN32.7", "DN45.2", "DN36.6"], "DISTRICT": "District14", "Capacity": 1339, "Population": 1966, "Area": 197083631.19275048, "Perimeter": 144403.2078282201, "F1": 0.46826063130499906, "F2": 0.8812300051710207, "F": 0.5921514434648055}, "District15": {"MEMBERS": ["DN08.4", "DN09", "DN08.2", "DN08.5", "DN16", "DN13", "DN17", "DN08", "DN18", "DN13.1", "DN08.3", "DN11", "DN13.2", "DN08.1", "DN15", "DN19.6", "DN10", "DN12", "DN05.5", "DN15.1"], "DISTRICT": "District15", "Capacity": 1269, "Population": 1025, "Area": 129537519.58759616, "Perimeter": 74865.46858336701, "F1": 0.19227660210971942, "F2": 0.709569417093556, "F": 0.34746444660487036}, "District16": {"MEMBERS": ["DS07.11", "DS06.5", "DS06", "DS10", "DS07.2", "DS06.7", "DS06.4", "DS07.4", "DS04", "DS08.1", "DS06.3", "DS06.1", "DS06.2", "DS05"], "DISTRICT": "District16", "Capacity": 1445, "Population": 466, "Area": 527914342.07733154, "Perimeter": 181911.05535381733, "F1": 0.6775079607092875, "F2": 0.7995273468784168,