{"solution": {"districts": {"District0": {"MEMBERS": ["CL27", "CL26", "CL28.1", "CL28.2", "CL28.3", "CL07.1", "CL29", "CL37", "CL06", "CL25", "CL34.3", "CL32.1", "CL19.1", "CL30", "CL05", "WL24", "CL34.5", "CL37.2", "CL19", "CL32.2", "WL12", "CL28", "CL21.1", "WL25", "WL11", "WL12.1", "WL27", "WL27.2", "WL26.2", "WL62", "WL11.1", "WL51"], "DISTRICT": "District0", "Capacity": 1361, "Population": 1592, "Area": 1106471350.7758894, "Perimeter": 342297.3030206536, "F1": 0.16972886723197012, "F2": 0.8813294151152047, "F": 0.3832090315969405}, "District1": {"MEMBERS": ["EL27", "EL14", "EL30", "EL28", "EL29", "EL13", "EL31", "EL47", "EL48", "EL51", "EL52", "EL45", "EL46"], "DISTRICT": "District1", "Capacity": 1423, "Population": 863, "Area": 82287198.48359038, "Perimeter": 50105.75384681248, "F1": 0.39353408718528404, "F2": 0.5881235700403198, "F": 0.4519109320417948}, "District2": {"MEMBERS": ["DN33", "DN32.6", "DN32.4", "DN36.6", "DN32.2", "DN36.2", "DN34.3", "DN36.1", "DN37", "DN32.3", "DN44.4", "DN44", "DN44.2", "DN44.5", "DN30.1", "DN43", "DN44.3", "DN44.1", "DN32.7"], "DISTRICT": "District2", "Capacity": 1855, "Population": 1716, "Area": 128795947.75609818, "Perimeter": 108427.33878079246, "F1": 0.07493208045858712, "F2": 0.8623315363107469, "F": 0.31115191721423496}, "District3": {"MEMBERS": ["EL09", "EL10", "EL55", "EL21", "EL22", "EL23", "EL24", "EL20", "EL26", "EL25", "EL19", "EL56", "EL16", "EL11", "EL07", "EL03", "EL05", "EL15", "EL04", "EL17", "EL08", "EL35", "EL06", "EL02", "EL49", "EL18", "EL01", "DN03", "EL35.1", "EL54"], "DISTRICT": "District3", "Capacity": 1438, "Population": 2658, "Area": 344804972.5080018, "Perimeter": 107621.36770724766, "F1": 0.8484012388845534, "F2": 0.6259011524486753, "F": 0.78165121295379}, "District4": {"MEMBERS": ["WL22.1", "WL50", "WL14.1", "WL10", "WL53", "WL53.1", "WL58", "WL57", "WL14", "WL09", "WL53.2", "WL13", "WL16", "WL09.1", "WL06", "WL08", "WL58.1", "WL01", "WL05", "WL22", "WL21", "WL47", "WL04", "WL03", "WL07", "WL03.1", "WL54", "WL02", "WL03.2", "WL03.4", "WL52", "WL17", "WL03.3", "WL03.5", "WL20"], "DISTRICT": "District4", "Capacity": 1669, "Population": 1097, "Area": 2973912064.6735253, "Perimeter": 421041.620879854, "F1": 0.3427195965085704, "F2": 0.7891915917899676, "F": 0.47666119509298954}, "District5": {"MEMBERS": ["DN13", "DN13.2", "DN12", "DN14", "DN11", "DN29", "DN09", "DN08.4", "DN15", "DN14.1", "DN10", "DN15.1", "DN18", "DN10.1", "DN17", "DN28.1", "DN16", "DN50.2", "DN50", "DN08.5", "DN17.1", "DN19.6", "DN13.1", "DN05.4", "DN30"], "DISTRICT": "District5", "Capacity": 1651, "Population": 1994, "Area": 167144427.2856148, "Perimeter": 119714.6021681647, "F1": 0.20775347542245015, "F2": 0.8534426808408974, "F": 0.4014602370479843}, "District6": {"MEMBERS": ["CL13", "CL31", "CL36", "DS18", "DN42", "CL34.2", "DN41", "CL34", "CL32", "CL35", "DN32.1", "CL34.1", "CL34.6", "DN50.1", "CL33", "DN50.3", "CL37.1", "DN32", "DN32.5", "DS08.2", "DN32.8"], "DISTRICT": "District6", "Capacity": 1687, "Population": 914, "Area": 876696242.3259921, "Perimeter": 223999.29429228127, "F1": 0.4582092503959143, "F2": 0.7804336871290135, "F": 0.5548765814158441}, "District7": {"MEMBERS": ["DN27", "DN19.7", "DN19.5", "DN25", "DN19.2", "DN20", "DN19", "DN23", "DN19.3", "DN20.1", "DN17.2", "DN23.1", "DN05.3", "DN26", "DN28", "DN22", "DN27.1", "DN19.4", "DN35", "DN19.1", "DN24", "DN38", "DN31"], "DISTRICT": "District7", "Capacity": 1787, "Population": 1186, "Area": 222547763.20521143, "Perimeter": 125595.54161652869, "F1": 0.3363172952640331, "F2": 0.82270983206019, "F": 0.4822350563028801}, "District8": {"MEMBERS": ["EL37", "EL38", "EL32", "EL44", "EL33", "EL34", "EL36", "DN21", "EL40", "EL36.1", "EL12", "EL39", "DN04.1", "DN05.2", "DN05", "DN04.2", "DN05.5", "EL35.2", "DN06", "DN02", "DN07", "DN07.1", "DN05.1", "DN39", "EL50", "EL53", "DN04", "EL43"], "DISTRICT": "District8", "Capacity": 1498, "Population": 1881, "Area": 393328929.6188209, "Perimeter": 161803.8127284401, "F1": 0.25567489148414624, "F2": 0.8112059721242284, "F": 0.4223342156761708}, "District9": {"MEMBERS": ["WL29", "WL59", "WL30", "WL22.2", "WL37", "WL31.1", "WL31", "WL61", "WL36", "WL38.1", "WL29.1", "WL39", "WL59.1", "WL40", "WL63", "WL28", "WL28.1", "WL23", "WL38", "WL35", "WL26.4", "WL21.1", "WL27.1", "WL21.2", "WL15", "WL26.3", "WL34", "WL46", "WL26.1", "WL18", "WL26", "WL32", "WL19", "WL41", "WL45", "WL44", "WL49", "WL33", "WL48", "WL32.1", "WL42", "WL60", "WL43", "WL33.1"], "DISTRICT": "District9", "Capacity": 1346, "Population": 1639, "Area": 3451013334.3156114, "Perimeter": 480570.8583329332, "F1": 0.21768275469775067, "F2": 0.8122233279568609, "F": 0.3960449266754837}, "District10": {"MEMBERS": ["DS13.4", "DS13.2", "DS19", "DS15", "DS19.1", "DS09.3", "DS16", "DS09.2", "DS09.1", "DS17.5", "DS16.1", "DS09", "DS13.11", "DS12", "DS14", "DS14.1", "DS14.6", "DS12.5", "DS12.4", "DS13.1", "DS11.1", "DS14.2", "DS16.2", "DS02", "DS13.13", "DS13", "DS14.3", "DS12.7", "DS14.9", "DS13.5", "DS03", "DS13.8", "DS13.6", "DS13.14", "DS14.8", "DS14.11", "DS01", "DS14.7", "DS13.9", "DS16.3", "DS14.4", "DS14.5", "DS12.1"], "DISTRICT": "District10", "Capacity": 1858, "Population": 2802, "Area": 477017939.14029425, "Perimeter": 173038.58335960103, "F1": 0.5080737270824882, "F2": 0.7998024889010936, "F": 0.5955923556280698}, "District11": {"MEMBERS": ["DN47", "DN48", "DN47.1", "DN52", "DN46.1", "DN34.2", "DN53", "DS11", "DN49", "DN46", "EL41", "DN47.2", "DN34", "DN36.11", "DN48.1", "DN51.1", "DN45.1", "DN51", "DN36.13", "DN48.2", "EL41.1", "DN45.2", "DN45.3", "DN24.1", "DN45", "DN36.15", "DN36.12", "DN34.1", "EL42", "DN46.2", "DN36.14"], "DISTRICT": "District11", "Capacity": 1935, "Population": 1780, "Area": 754403407.3431247, "Perimeter": 183063.14570521025, "F1": 0.08010284713125149, "F2": 0.7171138640410442, "F": 0.27120615220418925}, "District12": {"MEMBERS": ["CL07.2", "CL07", "CL24", "CL05.1", "CL23", "CL04", "CL10", "CL22", "CL09", "CL20.1", "CL10.1", "CL04.1", "CL20.2", "CL10.2", "CL08", "CL03", "CL38", "CL25.1", "CL20", "CL11", "CL02.1", "CL21", "WL56", "CL01", "WL55", "CL02"], "DISTRICT": "District12", "Capacity": 1722, "Population": 1661, "Area": 1246275158.931755, "Perimeter": 261517.32335272853, "F1": 0.03542335054922563, "F2": 0.7710066463136945, "F": 0.25609833927856623}, "District13": {"MEMBERS": ["DS17.7", "DS17.2", "DS17.1", "DS07.8", "DS17.4", "DS07.5", "DS12.2", "DS07", "DS17.6", "DS07.7", "DS13.7", "DS07.1", "DS12.3", "DS07.6", "DS13.12", "DS13.3", "DS12.8", "DS07.4", "DS06.5", "DS12.6", "DS17.3", "DS07.3", "DS07.11", "DS06.8", "DS07.9", "DS07.12", "DS17", "DS06.4"], "DISTRICT": "District13", "Capacity": 2089, "Population": 1690, "Area": 350376526.7136172, "Perimeter": 106110.9952967319, "F1": 0.19100000387266647, "F2": 0.608957382817223, "F": 0.3163872175560334}, "District14": {"MEMBERS": ["DN01.4", "DN01.3", "DN01.5", "DN01.6", "CL14.1", "DN01.2", "CL14.2", "CL14", "DN10.2", "DN08.3", "CL12.1", "CL34.4", "CL12", "DN01", "CL15", "CL16", "DN40", "CL19.2", "CL17", "DN08.2", "CL15.3", "CL18", "CL15.2", "DN08", "DN39.1", "DN08.1", "CL15.1", "DN01.1", "CL17.1"], "DISTRICT": "District14", "Capacity": 1749, "Population": 2458, "Area": 271480381.4915519, "Perimeter": 110789.19992936483, "F1": 0.4053750634341049, "F2": 0.7220584579970476, "F": 0.5003800818029877}, "District15": {"MEMBERS": ["DN36.3", "DS08", "DS08.1", "DN36.9", "DN36.5", "DN36.8", "DS04", "DN36.4", "DS06.7", "DS10", "DS06.6", "DS07.2", "DS04.1", "DN36", "WL67.1", "DS06.3", "DN36.7", "CL39", "DS06.1", "DN36.16", "DS06", "WL67", "WL66", "WL65", "DS05", "DS06.2"], "DISTRICT": "District15", "Capacity": 2148, "Population": 797, "Area": 1683827174.3082125, "Perimeter": 297626.0054002666, "F1": 0.6289567056380042, "F2": 0.7611277902619588, "F": 0.6686080310251905}}, "district_ids": {"WL03.4": "District4", "WL03": "District4", "WL27.2": "District0", "WL32.1": "District9", "WL02": "District4", "WL01": "District4", "WL55": "District12", "WL56": "District12", "CL03": "District12",