{"solution": {"districts": {"District0": {"MEMBERS": ["CL27", "CL28.1", "CL37", "CL32.1", "CL28", "CL37.1", "CL34.3", "CL37.2", "CL34.5", "CL19", "CL19.1", "CL24", "CL21.1", "CL19.2", "CL25", "CL34.4", "CL15.3", "CL15.2", "CL26", "CL15"], "DISTRICT": "District0", "Capacity": 1361, "Population": 1222, "Area": 162359788.48725626, "Perimeter": 103087.62670803361, "F1": 0.10213005802990405, "F2": 0.8080114811463184, "F": 0.3138944849648283}, "District1": {"MEMBERS": ["EL27", "EL14", "EL28", "EL30", "EL26", "EL25", "EL29", "EL20", "EL13", "EL16", "EL12", "EL49", "EL24", "EL19", "EL15", "EL32", "EL56", "EL48"], "DISTRICT": "District1", "Capacity": 1423, "Population": 1497, "Area": 132594816.24976538, "Perimeter": 83054.20699811382, "F1": 0.05200350631058681, "F2": 0.7584466093799165, "F": 0.26393643723138566}, "District2": {"MEMBERS": ["DN33", "DN32.1", "DN32.7", "DN32.2", "DN50.3", "DN32", "DN34", "CL35", "DN44.1", "DN50.2", "DN50", "DN34.1", "DN47.2", "CL34.2", "DN10.1", "DN32.3", "DN45.2", "DN32.5", "DN45", "DN32.8", "DN32.4", "DN34.3", "CL34", "DN50.1", "DN45.3", "DN44.4", "DN30.1", "DN44.3", "DN30", "DN31", "DN45.1"], "DISTRICT": "District2", "Capacity": 1855, "Population": 2187, "Area": 370400863.65375596, "Perimeter": 168515.94468716683, "F1": 0.17897627396778293, "F2": 0.8360921113734132, "F": 0.376111025189472}, "District3": {"MEMBERS": ["EL09", "EL10", "EL11", "EL17", "EL03", "EL08", "EL23", "EL55", "EL18", "EL02", "EL21", "EL22", "EL04", "EL35.1", "EL54", "EL06", "EL05"], "DISTRICT": "District3", "Capacity": 1438, "Population": 1261, "Area": 203512017.27504814, "Perimeter": 105490.46394766573, "F1": 0.12308693238465274, "F2": 0.7701875681257415, "F": 0.3172171231069793}, "District4": {"MEMBERS": ["WL22.1", "WL50", "WL14", "WL14.1", "WL58.1", "WL13", "WL11", "WL15", "CL02.1", "WL16", "WL09", "WL57", "WL10", "WL06", "WL07", "WL53.1", "WL03.5", "WL54", "WL49", "WL09.1", "WL17", "WL20", "WL11.1", "WL04", "WL08", "WL48", "WL53", "WL01", "WL03.2", "WL52", "WL03.3", "WL47", "WL05", "WL03.4", "WL02", "WL53.2", "WL03.1", "WL03"], "DISTRICT": "District4", "Capacity": 1669, "Population": 1075, "Area": 3312259245.947339, "Perimeter": 455719.44300798123, "F1": 0.3559011422654216, "F2": 0.7995809176618083, "F": 0.48900507488433753}, "District5": {"MEMBERS": ["DN13", "DN08.4", "DN08.1", "DN13.2", "DN12", "DN35", "DN28", "DN29", "DN28.1", "DN16", "DN08.5", "DN38", "DN11", "DN13.1", "DN14.1", "DN05", "DN14", "DN06", "DN15.1", "DN05.2", "DN07"], "DISTRICT": "District5", "Capacity": 1651, "Population": 1439, "Area": 102066205.88223577, "Perimeter": 82899.26164545017, "F1": 0.12840642563048799, "F2": 0.8133661091546334, "F": 0.33389433068773156}, "District6": {"MEMBERS": ["CL13", "CL31", "CL39", "CL30", "CL33", "CL36", "WL66", "CL28.2", "DS18", "CL32", "DN41", "CL32.2", "CL28.3", "WL67", "DS04", "WL39", "WL38.1", "DS08.1", "WL40", "DS04.1", "WL35", "DS05", "WL67.1", "WL63", "WL65", "WL34", "WL42", "WL43", "DS06.2", "WL46", "WL33.1", "WL44", "WL33", "WL45", "WL18", "WL19", "WL41"], "DISTRICT": "District6", "Capacity": 1687, "Population": 1531, "Area": 4958952591.515004, "Perimeter": 472581.03460250224, "F1": 0.09247125612050233, "F2": 0.7209723490554862, "F": 0.28102158400099747}, "District7": {"MEMBERS": ["DN27", "DN19.1", "DN23", "DN26", "DN21", "DN19.6", "DN27.1", "DN25", "DN19", "DN19.3", "DN19.5", "DN23.1", "DN15", "DN24", "DN17", "DN19.4", "DN05.1", "DN05.5", "DN17.2", "DN19.2", "DN20", "DN18", "DN20.1", "DN05.4", "DN19.7"], "DISTRICT": "District7", "Capacity": 1787, "Population": 1184, "Area": 185327460.27988014, "Perimeter": 85826.21235774425, "F1": 0.33743648943796034, "F2": 0.6838379459044658, "F": 0.4413569263779119}, "District8": {"MEMBERS": ["EL37", "EL47", "EL33", "EL34", "EL31", "EL39", "EL38", "EL51", "EL36", "EL36.1", "DN04", "EL40", "EL07", "EL35.2", "DN22", "EL45", "DN03", "EL01", "EL53", "EL35", "EL44", "EL50", "EL52", "EL43", "EL46"], "DISTRICT": "District8", "Capacity": 1498, "Population": 2053, "Area": 386114843.0220358, "Perimeter": 205349.50199423652, "F1": 0.3704946503972322, "F2": 0.8849361097526905, "F": 0.5248270882038697}, "District9": {"MEMBERS": ["WL29", "WL22", "WL30", "WL22.2", "WL23", "WL59", "WL21", "WL60", "WL26.3", "WL31", "WL59.1", "WL37", "WL36", "WL21.1", "WL27.2", "WL24", "WL38", "WL26.1", "WL26.4", "CL05", "WL28", "WL26", "WL26.2", "WL25", "WL28.1", "WL58", "WL32", "WL32.1", "WL51", "WL61", "WL27", "WL21.2", "WL31.1", "WL27.1", "WL29.1"], "DISTRICT": "District9", "Capacity": 1346, "Population": 1238, "Area": 844532044.5337331, "Perimeter": 264232.7778475609, "F1": 0.08023700534742195, "F2": 0.8479968402253955, "F": 0.31056495581081395}, "District10": {"MEMBERS": ["DS13.4", "DS13.9", "DS13.11", "DS13.2", "DS15", "DS16.1", "DN53", "DS16.2", "DS13.13", "DS17.5", "DS13.5", "DS09.3", "DN36.12", "DN36.13", "DS17.1", "DS13", "DS01", "DS07.12", "DS03", "DS14.8", "DS14.4", "DS17.4", "DN36", "DS16", "DS16.3", "EL41.1", "DS14.6", "DS09.1", "DS14.7", "DS14", "DS02", "DS17.2", "EL41", "DS19.1", "DS12", "EL42", "DS14.9", "DS14.2", "DS12.4", "DS14.11", "DS13.6", "DS13.14", "DS13.8", "DS14.1", "DS14.5", "DS12.5", "DS14.3"], "DISTRICT": "District10", "Capacity": 1858, "Population": 2959, "Area": 810749528.8293257, "Perimeter": 225816.1265084932, "F1": 0.5925731884145686, "F2": 0.8002040585823126, "F": 0.6548624494648918}, "District11": {"MEMBERS": ["DN47", "DN51.1", "DN51", "DN36.1", "DN52", "DN48", "DN46.1", "DN47.1", "DN34.2", "DN49", "DN46.2", "DN48.2", "DN46", "DN48.1", "DN24.1", "DN43", "DN44", "DN44.2", "DN44.5"], "DISTRICT": "District11", "Capacity": 1935, "Population": 1656, "Area": 201856835.48344097, "Perimeter": 114375.95282285471, "F1": 0.14418553413857604, "F2": 0.806097291954926, "F": 0.34275906148348095}, "District12": {"MEMBERS": ["CL07.2", "CL05.1", "CL07.1", "CL08", "CL38", "CL06", "CL10.2", "CL11", "WL12.1", "CL10", "WL12", "CL29", "WL62", "CL18", "CL09", "CL20.1", "CL04", "CL23", "CL20", "CL21", "CL22", "CL07", "CL03", "CL16", "CL25.1", "CL10.1", "CL04.1", "CL20.2", "CL17.1", "CL02", "CL01", "WL55", "WL56"], "DISTRICT": "District12", "Capacity": 1722, "Population": 1937, "Area": 1515608251.3622744, "Perimeter": 461359.4209699603, "F1": 0.1248553941646029, "F2": 0.9105216353005339, "F": 0.36055526650538217}, "District13": {"MEMBERS": ["DS17.7", "DS07.5", "DS07.4", "DS07.3", "DS07.6", "DS06.8", "DS06", "DS07.9", "DS06.1", "DS07.1", "DS10", "DS06.4", "DS06.7", "DS07.11", "DS06.3", "DS07", "DS12.3", "DS07.8", "DS12.8", "DS06.5", "DS13.3", "DS12.2", "DS12.7", "DS17", "DS17.3", "DS17.6", "DS12.6", "DS13.12", "DS13.7", "DS12.1", "DS13.1", "DS19"], "DISTRICT": "District13", "Capacity": 2089, "Population": 1840, "Area": 561440993.1246328, "Perimeter": 191309.02142889804, "F1": 0.11919531297656638, "F2": 0.8072283864094678, "F": 0.32560523500643673}, "District14": {"MEMBERS": ["DN01.4", "DN01.2", "DN40", "DN01.3", "CL14.2", "CL34.1", "DN10.2", "CL34.6", "DN09", "DN10", "DN08", "DN08.3", "DN08.2", "DN01.1", "DN01.6", "DN02", "DN01", "DN39", "DN01.5", "DN04.2", "DN04.1", "CL12.1", "CL14.1", "CL14", "DN05.3", "DN17.1", "DN39.1", "CL17", "DN07.1", "CL15.1", "CL12"], "DISTRICT": "District14", "Capacity": 1749, "Population": 2533, "Area": 380905746.46847504, "Perimeter": 195723.70547619901, "F1": 0.44825670984415855, "F2": 0.8750487716058416, "F": 0.5762943283726634}, "District15": {"MEMBERS": ["DN36.3", "DN37", "DS11.1", "DN36.7", "DN36.8", "DS08.2", "DN36.9", "DN42", "DN36.6", "DS11", "DN36.11", "DS09.2", "DN36.14", "DN36.2", "DN36.4", "DN32.6", "DS09", "DS07.7", "DS08", "DS06.6", "DN36.15", "DS07.2", "DN36.16", "DN36.5"], "DISTRICT": "District15", "Capacity": 2148, "Population": 1116, "Area": 401701582.86951476, "Perimeter": 158094.835282477, "F1": 0.4804464642437316, "F2": 0.7980341032470983, "F": 0.5757227559447415}}, "district_ids": {"WL03.4": "District4", "WL03": "District4", "WL27.2": "District9", "WL32.1": "District9", "WL02": "District4", "WL01": "District4", "WL55": "District12", "WL56": "District12", "CL03": "District12",