{"solution": {"districts": {"District0": {"MEMBERS": ["EL03", "EL02", "EL05", "EL07", "EL54", "EL04", "EL09", "EL34", "EL11", "EL35", "EL16", "EL17", "EL10", "EL35.2", "EL23", "EL06", "EL01", "EL08", "EL19", "EL20", "EL15"], "DISTRICT": "District0", "Capacity": 1216, "Population": 1345, "Area": 238635595.03704217, "Perimeter": 138461.43061597244, "F1": 0.10608633958810576, "F2": 0.8435817370145231, "F": 0.3273349588160309}, "District1": {"MEMBERS": ["EL27", "EL30", "EL29", "EL26", "EL56", "EL32", "EL13", "EL48", "EL12", "EL28", "EL21", "EL55", "EL22", "EL25", "EL24", "EL18", "EL49", "EL14"], "DISTRICT": "District1", "Capacity": 1264, "Population": 834, "Area": 137431472.0358304, "Perimeter": 101308.97073419212, "F1": 0.3401890874985041, "F2": 0.8317324946603013, "F": 0.4876521096470432}, "District2": {"MEMBERS": ["CL37", "CL32", "CL28", "CL34.3", "CL19.1", "CL26", "CL19.2", "CL37.2", "CL32.2", "CL34", "CL33", "CL32.1", "CL21.1", "CL20.2", "CL20.1", "CL20", "CL37.1", "CL09", "CL28.1", "CL23", "CL28.3"], "DISTRICT": "District2", "Capacity": 1255, "Population": 882, "Area": 180838612.95229343, "Perimeter": 130325.40697882819, "F1": 0.2972103641656545, "F2": 0.8662040856905682, "F": 0.46790848062312856}, "District3": {"MEMBERS": ["DN36.3", "DS11.1", "DS08", "DS06.7", "DS10", "DS06", "DS06.1", "DN36.7", "DS06.6", "DN37", "DN36.9", "DN36.8", "DS06.3", "DN41", "DS18", "DS08.1", "DS04.1", "DS05", "WL67.1", "WL67", "WL66", "CL39", "DS04", "DS08.2", "DS06.2"], "DISTRICT": "District3", "Capacity": 1269, "Population": 690, "Area": 1668581168.8971863, "Perimeter": 280447.9388156652, "F1": 0.45626399167640674, "F2": 0.7334045720687705, "F": 0.5394061657941158}, "District4": {"MEMBERS": ["WL30", "WL31", "WL22", "WL22.1", "WL21", "WL31.1", "WL32", "WL46", "WL59.1", "WL18", "WL35", "WL19", "WL59", "WL37", "WL17", "WL54", "WL20", "WL38.1", "WL40", "WL32.1", "WL49", "WL41", "WL33", "WL65", "WL34", "WL36", "WL44", "WL42", "WL45", "WL21.2", "WL43", "WL21.1", "WL33.1", "WL48"], "DISTRICT": "District4", "Capacity": 1187, "Population": 1087, "Area": 3415436594.6044054, "Perimeter": 384796.3183445872, "F1": 0.08424516356996492, "F2": 0.710136003941469, "F": 0.2720124156814161}, "District5": {"MEMBERS": ["DN01.4", "DN01.5", "DN01.2", "DN01.1", "DN07.1", "DN08", "DN08.2", "DN01.6", "DN39", "DN08.3", "DN09", "DN39.1", "DN07", "DN10.2", "DN08.5", "DN04.1", "DN04.2", "DN03", "DN02", "DN06", "DN01", "DN40", "CL14.2", "DN04"], "DISTRICT": "District5", "Capacity": 1242, "Population": 1329, "Area": 315352271.7358505, "Perimeter": 132784.18073629224, "F1": 0.07004910571619072, "F2": 0.7752430390321745, "F": 0.2816072857109858}, "District6": {"MEMBERS": ["DS17", "DS17.6", "DS07.8", "DS17.7", "DS17.4", "DS13.7", "DS12.6", "DS17.1", "DS12", "DS07", "DS12.4", "DS12.3", "DS17.2", "DS17.3", "DS12.1", "DS12.7", "DS19.1", "DS12.8", "DS02"], "DISTRICT": "District6", "Capacity": 1388, "Population": 1141, "Area": 302098846.9910454, "Perimeter": 142568.3247683993, "F1": 0.17795317595134597, "F2": 0.8132275401016309, "F": 0.3685354851964314}, "District7": {"MEMBERS": ["CL15.3", "CL15.2", "CL14.1", "CL15", "DN01.3", "CL19", "CL34.4", "CL34.1", "CL34.6", "CL34.5", "CL34.2", "CL14", "CL12.1", "CL12", "CL17", "CL36", "DN42", "CL35", "DN50.3"], "DISTRICT": "District7", "Capacity": 1197, "Population": 977, "Area": 501918801.14526325, "Perimeter": 198663.708830719, "F1": 0.18379198676865505, "F2": 0.8401891541944545, "F": 0.3807111369963948}, "District8": {"MEMBERS": ["DN32.3", "DN44.1", "DN44", "DN34.3", "DN24.1", "DN24", "DN45", "DN45.3", "DN45.2", "DN44.2", "DN33", "DN46.1", "DN32.6", "DN32.1", "DN44.4", "DN30.1", "DN50", "DN30", "DN44.5", "DN32.8", "DN32", "DN32.4", "DN32.2", "DN32.5", "DN32.7"], "DISTRICT": "District8", "Capacity": 1260, "Population": 1280, "Area": 168912487.0617354, "Perimeter": 104756.51512179994, "F1": 0.015873801461319115, "F2": 0.8065763673526974, "F": 0.25308457122873257}, "District9": {"MEMBERS": ["DN17.1", "DN05.3", "DN05.1", "DN17.2", "DN05.2", "DN05", "DN20.1", "DN17", "DN21", "DN05.4", "EL36.1", "DN22", "DN20", "DN19.2", "DN19.7", "DN05.5", "DN23", "DN19.4", "DN19.3", "DN19.5", "DN19.1", "DN27", "DN19", "DN27.1", "DN38"], "DISTRICT": "District9", "Capacity": 1241, "Population": 851, "Area": 269161567.69247544, "Perimeter": 130219.412905842, "F1": 0.3142618911018381, "F2": 0.8005328203019304, "F": 0.46014316986186576}, "District10": {"MEMBERS": ["WL29.1", "WL28", "WL28.1", "WL25", "CL06", "WL29", "WL22.2", "WL39", "WL50", "WL24", "WL26.2", "CL30", "WL27", "WL38", "WL27.1", "WL60", "WL26.3", "CL29", "CL27", "WL51", "CL24", "WL61", "WL58", "CL25.1", "CL21", "WL26", "WL15", "CL31", "WL14", "WL58.1", "WL53", "WL16", "CL25", "CL28.2", "CL13", "CL22", "WL26.4", "WL14.1", "WL53.1", "CL07", "WL26.1", "WL63", "WL09", "WL53.2", "WL27.2", "WL23", "WL09.1"], "DISTRICT": "District10", "Capacity": 1224, "Population": 1088, "Area": 2006337126.1150558, "Perimeter": 430219.50468177604, "F1": 0.11111030137981781, "F2": 0.8637822878591199, "F": 0.3369118973236084}, "District11": {"MEMBERS": ["EL38", "EL44", "EL46", "EL53", "EL42", "EL52", "EL41", "EL40", "EL47", "EL43", "EL37", "EL36", "EL50", "EL41.1", "EL51", "EL33", "EL39", "EL45", "EL31", "EL35.1"], "DISTRICT": "District11", "Capacity": 1169, "Population": 1192, "Area": 251026872.12463212, "Perimeter": 110010.37044156219, "F1": 0.019675782551960896, "F2": 0.7393469419800082, "F": 0.235577130380375}, "District12": {"MEMBERS": ["DS12.5", "DS14.1", "DS14.11", "DS03", "DS13.11", "DS13.4", "DS13.2", "DS14.2", "DS13.5", "DS13.9", "DS14.5", "DS14.8", "DS19", "DS13.1", "DS14", "DS17.5", "DS01", "DS14.6", "DS16.3", "DS14.3"], "DISTRICT": "District12", "Capacity": 1452, "Population": 1175, "Area": 120590565.6827022, "Perimeter": 86996.42651137318, "F1": 0.19077066673022958, "F2": 0.7997740472577745, "F": 0.37347168088849303}, "District13": {"MEMBERS": ["CL07.2", "CL05.1", "WL12.1", "WL12", "CL04", "WL62", "WL11", "CL10", "CL02.1", "WL47", "CL02", "CL07.1", "CL10.2", "CL04.1", "CL10.1", "CL38", "CL16", "WL11.1", "CL15.1", "WL56", "WL13", "CL18", "CL17.1", "WL57", "WL10", "CL05", "WL07", "CL03", "WL08", "WL01", "WL05", "CL08", "WL02", "WL03", "WL04", "WL03.2", "WL52", "WL03.3", "WL03.1", "CL01", "WL03.4", "CL11", "WL06", "WL03.5", "WL55"], "DISTRICT": "District13", "Capacity": 1215, "Population": 1418, "Area": 3648945268.2059994, "Perimeter": 346222.29381433944, "F1": 0.16707900274009058, "F2": 0.6174685430475735, "F": 0.3021958648323354}, "District14": {"MEMBERS": ["DN51", "DN36.12", "DN52", "DN49", "DN48.1", "DN53", "DN36.13", "DN36", "DN46", "DN36.14", "DN48.2", "DN36.1", "DN48", "DN36.11", "DN36.5", "DN36.16", "DN47.2", "DN36.15", "DN47", "DN23.1", "DN34", "DN36.2", "DN34.1", "DN36.6", "DN51.1", "DN34.2", "DN47.1", "DN45.1", "DN44.3", "DN46.2", "DN36.4"], "DISTRICT": "District14", "Capacity": 1339, "Population": 1894, "Area": 690271669.3710104, "Perimeter": 181032.57618586588, "F1": 0.414489160459379, "F2": 0.7353228498899957, "F": 0.510739267288564}, "District15": {"MEMBERS": ["DN08.4", "DN13", "DN08.1", "DN16", "DN18", "DN15", "DN19.6", "DN13.2", "DN15.1", "DN10", "DN12", "DN10.1", "DN50.1", "DN35", "DN28", "DN13.1", "DN14.1", "DN50.2", "DN31", "DN25", "DN14", "DN26", "DN28.1", "DN43", "DN11", "DN29"], "DISTRICT": "District15", "Capacity": 1269, "Population": 1301, "Area": 167043273.0686817, "Perimeter": 94572.73123289575, "F1": 0.025217486010894463, "F2": 0.7653032952091022, "F": 0.24724322877035673}, "District16": {"MEMBERS": ["DS07.11", "DS06.5", "DS07.4", "DS07.6", "DS07.2", "DS06.8", "DS07.3", "DS07.5", "DS07.7", "DS09", "DS06.4", "DS11", "DS07.12", "DS07.1", "DS09.2", "DS12.2", "DS15", "DS16.1", "DS13.8", "DS14.7", "DS14.4", "DS07.9", "DS13.6", "DS14.9", "DS09.1", "DS13.3", "DS16", "DS16.2", "DS13.13", "DS13.12", "DS13", "DS13.14", "DS09.3"], "DISTRICT": "District16", "Capacity": 1445, "Population": 1575, "Area": 447800626.2787784, "Perimeter": 226110.40285983586, "F1": 0.08996608242238002, "F2": 0.8899339266544051,