{"solution": {"districts": {"District0": {"MEMBERS": ["CL27", "CL07", "CL07.1", "CL24", "CL26", "CL05", "WL12", "CL23", "CL06", "WL11", "CL28.1", "CL05.1", "CL37.1", "WL13", "CL22", "WL58", "CL29", "CL09", "CL20.1", "WL57", "CL21.1", "WL58.1"], "DISTRICT": "District0", "Capacity": 1361, "Population": 1045, "Area": 842042304.8693343, "Perimeter": 336543.4620888126, "F1": 0.23218148984436815, "F2": 0.9065753543718577, "F": 0.43449964920261497}, "District1": {"MEMBERS": ["EL27", "EL30", "EL48", "EL15", "EL14", "EL28", "EL56", "EL16", "EL12", "EL07", "EL20", "EL51", "EL34", "EL05", "EL25", "EL08", "EL04", "EL29", "EL06", "EL13", "EL33", "EL35.2"], "DISTRICT": "District1", "Capacity": 1423, "Population": 1689, "Area": 156289462.59237996, "Perimeter": 101798.53123864077, "F1": 0.18692971759009325, "F2": 0.8104793497143947, "F": 0.37399460722738365}, "District2": {"MEMBERS": ["DN33", "DN47.2", "DN34.3", "DN32.1", "CL35", "CL34.2", "CL34", "DN32.8", "DN34", "CL34.1", "DN50.1", "CL34.5", "DN10.1", "DN30", "DN42", "DN44.4", "DN37", "DN32", "DN50.3", "DN32.2", "DN32.3", "DN32.5"], "DISTRICT": "District2", "Capacity": 1855, "Population": 1611, "Area": 449695188.6043179, "Perimeter": 202170.2373459095, "F1": 0.1315358537383512, "F2": 0.861740919868923, "F": 0.3505973735775227}, "District3": {"MEMBERS": ["EL09", "EL10", "EL18", "EL22", "EL55", "EL21", "EL11", "EL17", "EL19", "EL26", "EL03", "EL49", "EL02", "EL01", "EL54", "DN03", "EL36.1", "EL23", "EL24"], "DISTRICT": "District3", "Capacity": 1438, "Population": 1613, "Area": 273939870.6687339, "Perimeter": 145154.50008958683, "F1": 0.12169748872254882, "F2": 0.8366180400504188, "F": 0.33617365412090977}, "District4": {"MEMBERS": ["WL22.1", "WL22.2", "WL15", "WL21.2", "WL10", "WL50", "WL17", "WL19", "WL14.1", "WL14", "WL18", "WL53", "WL06", "WL23", "WL16", "WL46", "WL03.5", "WL52", "WL61", "WL53.1", "WL34", "WL09", "WL08", "WL53.2", "WL03.3", "WL60", "WL20", "WL09.1", "WL01", "WL03.1", "WL54"], "DISTRICT": "District4", "Capacity": 1669, "Population": 944, "Area": 2172417063.0231295, "Perimeter": 524087.19339048007, "F1": 0.4343912556357624, "F2": 0.9006092484694074, "F": 0.574256653485856}, "District5": {"MEMBERS": ["DN13", "DN13.1", "DN08.4", "DN08.1", "DN09", "DN12", "DN14", "DN16", "DN39", "DN14.1", "DN39.1", "DN01.1", "DN17", "DN05.2", "DN13.2", "DN15.1", "DN07.1", "DN11", "DN02", "DN05.5", "DN15", "DN05.4", "DN07", "DN10", "DN35", "DN29", "DN28.1", "DN50.2", "DN30.1", "DN05", "DN08.5", "DN08.3", "DN31", "DN38", "DN43", "DN44.5", "DN50"], "DISTRICT": "District5", "Capacity": 1651, "Population": 2473, "Area": 222309571.0934575, "Perimeter": 161743.94481516682, "F1": 0.4978806693041753, "F2": 0.8932145793547508, "F": 0.616480842319348}, "District6": {"MEMBERS": ["CL13", "CL37.2", "CL33", "CL32", "CL31", "CL32.1", "CL34.3", "CL37", "CL28.2", "CL32.2", "CL28", "CL30", "WL40", "WL37", "CL28.3", "WL39", "WL63", "WL36", "WL35", "WL31", "WL41", "WL42", "CL34.4", "WL33", "CL34.6", "WL43", "WL44", "WL33.1", "CL39"], "DISTRICT": "District6", "Capacity": 1687, "Population": 1334, "Area": 2906486540.7841706, "Perimeter": 509320.96267954353, "F1": 0.20924659627002606, "F2": 0.8592024565207672, "F": 0.4042333543452483}, "District7": {"MEMBERS": ["DN27", "DN25", "DN19.7", "DN19.4", "DN27.1", "DN24", "DN19.3", "DN19.2", "DN19", "DN18", "DN24.1", "DN20.1", "DN19.6", "DN20", "DN28", "DN46", "DN44", "DN26", "DN49", "DN17.2", "DN19.5", "DN44.2", "DN19.1"], "DISTRICT": "District7", "Capacity": 1787, "Population": 1303, "Area": 124947178.89551926, "Perimeter": 108821.92602325333, "F1": 0.2708444360892869, "F2": 0.8674122188950494, "F": 0.4498147709310156}, "District8": {"MEMBERS": ["EL37", "EL32", "EL36", "EL38", "EL45", "EL35.1", "EL35", "DN21", "DN04.1", "EL47", "EL52", "DN04.2", "EL46", "EL44", "DN05.3", "DN17.1", "DN04", "EL53", "EL31", "DN05.1", "EL39", "EL43", "EL42", "EL50", "DN06", "EL40", "EL41", "EL41.1"], "DISTRICT": "District8", "Capacity": 1498, "Population": 2006, "Area": 392510669.1083404, "Perimeter": 171565.20900928855, "F1": 0.33911948371749334, "F2": 0.832427448352145, "F": 0.48711187310788884}, "District9": {"MEMBERS": ["WL29", "WL29.1", "WL22", "WL59", "WL26.3", "WL21.1", "WL59.1", "WL49", "WL28", "WL32", "WL21", "WL38", "WL25", "WL24", "WL31.1", "WL38.1", "WL26.2", "WL26", "WL26.1", "WL32.1", "WL27", "WL30", "WL48", "WL27.1", "WL27.2", "WL26.4", "WL51", "WL28.1"], "DISTRICT": "District9", "Capacity": 1346, "Population": 883, "Area": 617111433.6103871, "Perimeter": 223128.84343748898, "F1": 0.34398143132257486, "F2": 0.8442378158772138, "F": 0.49405834668896653}, "District10": {"MEMBERS": ["DS13.4", "DS13.2", "DS13.9", "DS19", "DS13", "DS17.4", "DS13.11", "DS13.5", "DS13.8", "DS17.5", "DS03", "DS01", "DS14.7", "DS13.6", "DS15", "DS09.1", "DS14.2", "DS09.2", "DS16.1", "DS14", "DS14.8", "DS16", "DS09.3", "DS14.6", "DS12", "DS14.11", "DS14.4", "DS16.2", "DS14.9", "DS16.3", "DS02", "DS13.13", "DS13.1", "DS13.14", "DS12.4", "DS12.1", "DS14.1", "DS13.7", "DS14.3", "DS12.5", "DS14.5"], "DISTRICT": "District10", "Capacity": 1858, "Population": 2778, "Area": 403170474.6380382, "Perimeter": 115742.76701420013, "F1": 0.49515661197439953, "F2": 0.6218092846251206, "F": 0.5331524137696159}, "District11": {"MEMBERS": ["DN47", "DN51", "DN36.1", "DN52", "DN47.1", "DN48", "DN34.2", "DN46.1", "DN48.1", "DN51.1", "DN36.6", "DN46.2", "DN22", "DN45.3", "DN45.1", "DN23.1", "DN45.2", "DN36.12", "DN48.2", "DN23", "DN45", "DN34.1", "DN44.3", "DN44.1", "DN32.4", "DN53", "DN32.7"], "DISTRICT": "District11", "Capacity": 1935, "Population": 1925, "Area": 736581483.367735, "Perimeter": 195903.61096722007, "F1": 0.0051674470017186724, "F2": 0.7588175076277576, "F": 0.23126246518953028}, "District12": {"MEMBERS": ["CL07.2", "CL04", "WL62", "CL04.1", "CL10", "CL03", "CL08", "CL02.1", "WL12.1", "CL02", "CL38", "CL01", "CL11", "WL56", "WL04", "WL47", "WL11.1", "WL03", "WL02", "WL07", "WL05", "WL03.2", "WL55", "WL03.4"], "DISTRICT": "District12", "Capacity": 1722, "Population": 1131, "Area": 2327888762.9832826, "Perimeter": 497151.93884935934, "F1": 0.3432049980069396, "F2": 0.8816430369351986, "F": 0.5047364096854173}, "District13": {"MEMBERS": ["DS17.7", "DS17.2", "DS17.1", "DS07.7", "DS19.1", "DS09", "DS17.3", "DS07.12", "DS17", "DS07.5", "DS13.12", "DS07.8", "DS11", "DS12.2", "DS12.8", "DS12.6", "DS07.4", "DS06.5", "DS07.11", "DS07", "DS11.1", "DS07.6", "DS07.2", "DS06.8", "DS12.3", "DS06.4", "DS07.9", "DS12.7", "DS07.1", "DS07.3", "DS17.6", "DS13.3"], "DISTRICT": "District13", "Capacity": 2089, "Population": 1881, "Area": 494114460.9283027, "Perimeter": 179134.66959070123, "F1": 0.09956869746496566, "F2": 0.806501263162559, "F": 0.3116484671742436}, "District14": {"MEMBERS": ["DN01.4", "DN01", "DN01.3", "DN01.2", "DN01.5", "CL14.1", "CL15.3", "DN40", "CL19", "CL12.1", "DN01.6", "CL12", "CL19.1", "CL14.2", "CL25.1", "CL25", "CL21", "CL20", "CL14", "CL20.2", "DN10.2", "CL10.1", "CL10.2", "CL18", "CL17.1", "CL16", "DN08", "CL19.2", "CL15.2", "DN08.2", "CL17", "CL15", "CL15.1"], "DISTRICT": "District14", "Capacity": 1749, "Population": 2834, "Area": 286002910.6667771, "Perimeter": 145897.3033137032, "F1": 0.6203550507698397, "F2": 0.8311559396069252, "F": 0.6835953174209654}, "District15": {"MEMBERS": ["DN36.3", "DN32.6", "DN36.9", "DS08.2", "DN36.5", "DN36.14", "DN41", "DN36.15", "DS18", "DN36.8", "DN36.4", "DN36.11", "DN36", "DS04.1", "DN36.2", "DS06.3", "DS08", "CL36", "DN36.7", "WL67.1", "DS04", "WL66", "WL65", "WL67", "WL45", "DS06.6", "DS05", "DN36.13", "DS06.7", "DS06", "DS06.2", "DS10", "DS06.1", "DN36.16", "DS08.1"], "DISTRICT": "District15", "Capacity": 2148, "Population": 1278, "Area": 2124875439.1625478, "Perimeter": 338256.6751705525, "F1": 0.4050274701814365, "F2": 0.7666270106814174, "F": 0.5135073323314308}}, "district_ids": {"WL03.4": "District12", "WL03": "District12", "WL27.2": "District9", "WL32.1": "District9", "WL02": "District12", "WL01": "District4", "WL55": "District12", "WL56": "District12", "CL03": "District12",