{"solution": {"districts": {"District0": {"MEMBERS": ["CL27", "CL28", "CL24", "CL06", "WL24", "CL07.1", "CL28.1", "CL07", "CL28.2", "CL08", "WL58", "WL13", "WL12", "CL05"], "DISTRICT": "District0", "Capacity": 1361, "Population": 796, "Area": 498490107.7938735, "Perimeter": 227873.5640650185, "F1": 0.41513519900708895, "F2": 0.8793635583660622, "F": 0.5544037068147809}, "District1": {"MEMBERS": ["EL27", "EL28", "EL56", "EL26", "EL21", "EL14", "EL30", "EL32", "EL19", "EL29", "EL48", "EL47", "EL51", "EL46"], "DISTRICT": "District1", "Capacity": 1423, "Population": 776, "Area": 88023892.51729928, "Perimeter": 67392.3407111611, "F1": 0.4546725266713104, "F2": 0.7564493168697045, "F": 0.5452055637308286}, "District2": {"MEMBERS": ["DN33", "DN36.7", "DN36.1", "DN32.7", "DN36", "DN34.3", "DN36.16", "DN36.12", "DN36.4", "DN34", "DN36.6", "DN36.13", "DN36.14", "DN32.4", "DN32.2", "DN36.8", "DN36.15", "DN34.1", "DN36.2", "DN44.1", "DN36.5", "DN36.9", "DN44.3", "DN45.2", "DN32.5"], "DISTRICT": "District2", "Capacity": 1855, "Population": 1921, "Area": 128221311.80366197, "Perimeter": 79131.49224422741, "F1": 0.03558004832571404, "F2": 0.7426812882332061, "F": 0.24771042029796161}, "District3": {"MEMBERS": ["EL09", "EL08", "EL03", "EL11", "EL18", "EL12", "EL34", "EL16", "EL55", "EL20", "EL15", "EL49", "EL05", "EL25", "EL04", "EL10", "EL02", "EL17", "EL54", "EL13", "EL35", "EL24", "EL07", "EL23", "EL22", "EL06"], "DISTRICT": "District3", "Capacity": 1438, "Population": 2495, "Area": 273877919.26528037, "Perimeter": 115429.70108507095, "F1": 0.7350493620650256, "F2": 0.7416956370870593, "F": 0.7370432445716356}, "District4": {"MEMBERS": ["WL22.1", "WL50", "WL61", "WL60", "WL21.2", "WL15", "WL16", "WL09", "WL08", "WL07", "WL06", "WL54", "WL09.1", "WL52", "WL03.5", "WL04", "WL01", "WL03.4", "WL53.2", "CL01", "WL02", "WL03.1", "WL03", "WL03.3", "WL03.2"], "DISTRICT": "District4", "Capacity": 1669, "Population": 720, "Area": 2510668000.454046, "Perimeter": 419923.52081374597, "F1": 0.5686033578873375, "F2": 0.8210800577996954, "F": 0.6443463678610448}, "District5": {"MEMBERS": ["DN13", "DN13.2", "DN09", "DN08.2", "DN10.2", "DN08.3", "DN13.1", "DN16", "CL34.2", "CL36", "DN14.1", "DN12", "CL34", "DN11", "CL32.2", "DN08.5", "DN18", "DN17", "DN08.4", "DN10", "DN14", "DN08.1"], "DISTRICT": "District5", "Capacity": 1651, "Population": 1770, "Area": 387667556.71791816, "Perimeter": 192323.6244147505, "F1": 0.07207812797045343, "F2": 0.8682944575352369, "F": 0.31094302683988845}, "District6": {"MEMBERS": ["CL13", "CL37.2", "CL37.1", "CL37", "CL26", "CL31", "CL39", "WL66", "DS04.1", "DN41", "WL65", "DS04", "WL67", "DS05", "WL67.1", "DS08.1", "CL33", "WL40", "DS18", "WL35", "DN42", "WL32", "DS06.6", "CL25", "CL35", "WL39", "CL32", "CL32.1", "WL63", "WL45", "DS06.2", "WL32.1", "WL44", "WL43", "WL33.1"], "DISTRICT": "District6", "Capacity": 1687, "Population": 1159, "Area": 3756613991.114097, "Perimeter": 698121.9745090236, "F1": 0.31298103548914624, "F2": 0.9031401440107824, "F": 0.49002876804563705}, "District7": {"MEMBERS": ["DN27", "DN19.1", "DN24", "DN27.1", "DN19.7", "DN28", "DN38", "DN35", "DN28.1", "DN25", "DN50.2", "DN50.3", "DN50.1", "DN23", "DN29", "DN19.2", "DN24.1", "DN31", "DN19.5", "DN19.3", "DN20.1", "DN17.1", "DN05.1", "DN10.1", "DN19.4", "DN26", "DN19.6", "DN19", "DN15", "DN15.1"], "DISTRICT": "District7", "Capacity": 1787, "Population": 1744, "Area": 180671702.4367422, "Perimeter": 122829.24130192144, "F1": 0.02406212073832048, "F2": 0.849513873959071, "F": 0.27169764670454555}, "District8": {"MEMBERS": ["EL37", "EL31", "EL33", "EL35.2", "EL38", "EL35.1", "EL44", "EL36", "EL45", "EL53", "EL01", "EL52", "EL36.1", "DN04.1", "DN03", "DN21", "DN20", "DN05.2", "DN17.2", "DN07", "DN04", "DN05", "DN05.3", "DN06", "DN02", "DN05.5", "DN39.1", "DN05.4", "DN07.1", "DN04.2", "DN39"], "DISTRICT": "District8", "Capacity": 1498, "Population": 1779, "Area": 425512103.32640785, "Perimeter": 169903.8197855677, "F1": 0.187584104221735, "F2": 0.8147682217052985, "F": 0.37573933946680405}, "District9": {"MEMBERS": ["WL29", "WL59", "WL59.1", "WL22", "WL28", "WL25", "WL51", "WL26", "WL28.1", "WL26.1", "CL29", "WL21.1", "WL49", "WL26.3", "WL21", "WL38", "WL17", "WL27.1", "WL48", "WL37", "CL28.3", "WL23", "WL14.1", "WL58.1", "WL26.2", "WL29.1", "WL27.2", "WL31.1", "WL26.4", "WL20", "WL14", "WL38.1", "WL31", "WL36", "WL22.2", "WL46", "WL34", "CL30", "WL41", "WL30", "WL33", "WL18", "WL42", "WL19", "WL27"], "DISTRICT": "District9", "Capacity": 1346, "Population": 1879, "Area": 2219804727.1351514, "Perimeter": 625272.6096429366, "F1": 0.39598884549785396, "F2": 0.9286513390742663, "F": 0.5557875935707777}, "District10": {"MEMBERS": ["DS13.4", "DS13.1", "DS13.11", "DS03", "DS12.5", "DS12", "DS19", "DS17.5", "DS13.14", "DS13.9", "DS12.7", "DS01", "DS12.1", "DS13", "DS13.5", "DS13.8", "DS14.1", "DS13.13", "DS14.3", "DS14.5", "DS14.4", "DS14.8", "DS14.9", "DS13.2", "DS14.7", "DS14.11"], "DISTRICT": "District10", "Capacity": 1858, "Population": 1734, "Area": 247950878.44169262, "Perimeter": 141991.41023747638, "F1": 0.06673789522746021, "F2": 0.84545627705251, "F": 0.3003534097749751}, "District11": {"MEMBERS": ["DN47", "DN52", "DN47.2", "DN51.1", "DN51", "DN22", "EL40", "DN48.1", "DN48.2", "EL39", "DN46", "DN49", "EL42", "DN46.2", "DN48", "DN47.1", "DN23.1", "DN45.3", "DN45.1", "DN44", "DN46.1", "DN34.2", "DN45", "DN44.5", "DN44.2", "EL50", "DN43", "DN44.4"], "DISTRICT": "District11", "Capacity": 1935, "Population": 1874, "Area": 354430850.54648423, "Perimeter": 172242.351759144, "F1": 0.03152403601279563, "F2": 0.8498720730278713, "F": 0.2770284471173182}, "District12": {"MEMBERS": ["CL07.2", "CL04.1", "CL04", "WL11", "CL10", "CL03", "CL05.1", "CL02.1", "WL11.1", "WL57", "CL02", "WL56", "WL47", "WL10", "CL11", "WL62", "WL55", "WL53", "WL05", "WL12.1", "WL53.1"], "DISTRICT": "District12", "Capacity": 1722, "Population": 711, "Area": 1621852550.9527366, "Perimeter": 369814.37477543263, "F1": 0.5871074356149394, "F2": 0.8509768786300863, "F": 0.6662682685194834}, "District13": {"MEMBERS": ["DS17.7", "DS07.7", "DS17.2", "DS07.5", "DS07.8", "DS17.1", "DS09.2", "DS12.2", "DS07.4", "DS13.12", "DS07.2", "DS07.9", "DS17.6", "DS07.6", "DS17.4", "DS12.3", "DS12.8", "DS12.6", "DS17", "DS07.3", "DS13.7", "DS07", "DS06.4", "DS10", "DS19.1", "DS17.3", "DS06", "DS06.8", "DS07.11", "DS06.5", "DS13.3", "DS07.1", "DS07.12"], "DISTRICT": "District13", "Capacity": 2089, "Population": 1896, "Area": 436756496.3401111, "Perimeter": 128362.65598814882, "F1": 0.09238822837535565, "F2": 0.6669021356796664, "F": 0.26474240056664883}, "District14": {"MEMBERS": ["DN01.4", "DN01.5", "DN40", "CL14.1", "DN01.3", "DN01.6", "DN01", "CL14.2", "CL12", "CL10.1", "DN01.2", "CL10.2", "CL14", "CL16", "CL34.1", "CL19.2", "CL20.1", "DN01.1", "CL09", "CL38", "CL23", "CL20.2", "CL25.1", "CL34.5", "CL15", "CL19", "CL20", "CL19.1", "CL34.3", "CL34.4", "CL22", "DN08", "CL21", "CL17.1", "CL18", "CL15.3", "CL12.1", "CL15.2", "CL15.1", "CL34.6", "CL17", "CL21.1"], "DISTRICT": "District14", "Capacity": 1749, "Population": 3378, "Area": 371415323.50957173, "Perimeter": 122188.68368455861, "F1": 0.9313899260640943, "F2": 0.6873865142531068, "F": 0.858188902520798}, "District15": {"MEMBERS": ["DN36.3", "DN32.6", "DS11", "DN53", "DS08", "DS15", "DS16.1", "EL41", "DS09.1", "DS06.7", "DS08.2", "DS09", "DN32.1", "DN30", "DN32", "DN50", "DS06.1", "EL43", "DS09.3", "DN37", "DN32.8", "DS16", "DS16.3", "DN30.1", "DS06.3", "DN32.3", "DN36.11", "DS11.1", "DS14.6", "DS14", "DS16.2", "DS02", "DS12.4", "EL41.1", "DS14.2", "DS13.6"], "DISTRICT": "District15", "Capacity": 2148, "Population": 2096, "Area": 1028425402.6285825, "Perimeter": 407669.86699764617, "F1": 0.024208105101451993, "F2": 0.9222383555684144, "F": 0.29361718024154065}}, "district_ids": {"WL03.4": "District4", "WL03": "District4", "WL27.2": "District9", "WL32.1": "District6", "WL02": "District4", "WL01": "District4", "WL55": "District12", "WL56": "District12", "CL03": "District12",