{"solution": {"districts": {"District0": {"MEMBERS": ["EL03", "EL09", "EL10", "EL02", "EL23", "EL08", "EL54", "EL35.1", "EL07", "EL11", "EL35", "EL12", "EL06"], "DISTRICT": "District0", "Capacity": 1216, "Population": 803, "Area": 184480079.7341383, "Perimeter": 130238.41845062061, "F1": 0.33963734095692977, "F2": 0.8633275076581632, "F": 0.49674439096729983}, "District1": {"MEMBERS": ["EL27", "EL26", "EL28", "EL20", "EL19", "EL48", "EL21", "EL49", "EL14", "EL31", "EL29", "EL18", "EL15", "EL16", "EL25", "EL24", "EL55", "EL51", "EL32", "EL17", "EL33", "EL56", "EL05", "EL13", "EL34", "EL04", "EL22", "EL30"], "DISTRICT": "District1", "Capacity": 1264, "Population": 1419, "Area": 198152108.82765433, "Perimeter": 120285.99928911314, "F1": 0.12262736453617595, "F2": 0.8279009782560187, "F": 0.33420944865212876}, "District2": {"MEMBERS": ["CL37", "CL32", "CL28.1", "CL29", "CL27", "CL34", "CL32.2", "CL26", "CL28.2", "CL32.1", "CL28.3", "CL13", "CL06", "CL07", "WL24", "WL58", "CL07.1", "WL12", "CL34.5", "CL28", "WL12.1", "WL11", "CL37.1", "WL47", "WL11.1", "WL06", "WL13", "WL03.3", "WL03.4"], "DISTRICT": "District2", "Capacity": 1255, "Population": 986, "Area": 1129824038.1364875, "Perimeter": 449113.2646479268, "F1": 0.21434183892954706, "F2": 0.92961033308476, "F": 0.42892238717611086}, "District3": {"MEMBERS": ["DN36.3", "DN36.8", "DS11.1", "DN41", "DS11", "DS08.2", "DS08", "DN36.9", "DN36.5", "DN53", "DS09", "DS18", "CL36", "CL35", "DN36.14", "DN32.1", "DN36.15", "DN42", "DN50.3", "DN37", "DN50", "CL34.2", "DN32.2", "DN32.8"], "DISTRICT": "District3", "Capacity": 1269, "Population": 1144, "Area": 1202385159.0226495, "Perimeter": 312173.52075105964, "F1": 0.09850197715916487, "F2": 0.8449537216140639, "F": 0.3224375004956345}, "District4": {"MEMBERS": ["WL30", "WL31", "WL37", "WL40", "WL38", "WL59.1", "WL66", "WL36", "WL65", "WL39", "WL63", "WL29", "WL45", "CL30", "WL35", "WL32", "WL21", "WL59", "CL31", "WL67", "WL21.1", "WL25", "WL27", "WL26", "CL37.2", "WL51", "WL27.2", "CL33", "WL27.1", "WL46", "WL26.2", "WL38.1", "WL48", "WL20", "WL31.1", "WL41", "WL44", "WL42", "WL43", "WL34", "WL33.1"], "DISTRICT": "District4", "Capacity": 1187, "Population": 906, "Area": 3896791058.012108, "Perimeter": 544078.9151252969, "F1": 0.23673041923563254, "F2": 0.8345780285673116, "F": 0.4160847020351362}, "District5": {"MEMBERS": ["DN01.4", "DN01.3", "DN40", "CL14", "CL15.1", "DN01.5", "CL17", "CL17.1", "CL10.1", "DN01.6", "DN01.1", "CL12", "DN07.1", "CL12.1", "DN01", "DN07", "DN04.1", "DN01.2", "DN17.2", "DN02", "EL36.1", "DN04", "DN03", "DN04.2", "EL01"], "DISTRICT": "District5", "Capacity": 1242, "Population": 1402, "Area": 364008688.697831, "Perimeter": 142308.88075542916, "F1": 0.1288252727147723, "F2": 0.7741304907785055, "F": 0.3224168381338922}, "District6": {"MEMBERS": ["DS17", "DS17.2", "DS17.6", "DS07.8", "DS07.6", "DS17.4", "DS13.12", "DS12.2", "DS07", "DS17.1", "DS07.12", "DS19.1", "DS13.7", "DS17.7", "DS07.7", "DS12.7", "DS12.8", "DS17.3", "DS12.3", "DS17.5", "DS12.6", "DS13.1", "DS13.11", "DS12", "DS13.2", "DS09.2", "DS03", "DS13.4", "DS19", "DS13.3"], "DISTRICT": "District6", "Capacity": 1388, "Population": 1770, "Area": 283523121.7834422, "Perimeter": 135884.41275419795, "F1": 0.27521684960218407, "F2": 0.8070436557295674, "F": 0.434764891440399}, "District7": {"MEMBERS": ["CL15.3", "CL14.1", "CL19", "CL15.2", "CL34.4", "CL34.3", "CL15", "CL16", "CL34.1", "DN10.2", "CL25", "CL14.2", "DN10.1", "DN10", "CL24", "DN50.1", "CL18", "CL09", "CL19.2", "CL20.1", "CL20", "CL21.1", "CL22", "CL20.2", "CL34.6", "CL25.1", "CL23", "CL19.1", "CL21"], "DISTRICT": "District7", "Capacity": 1197, "Population": 1371, "Area": 230801427.73891732, "Perimeter": 116460.64460424847, "F1": 0.1453642343745678, "F2": 0.7861594927658084, "F": 0.33760281189193997}, "District8": {"MEMBERS": ["DN32.3", "DN44.1", "DN32.5", "DN44.4", "DN32", "DN44.5", "DN34.3", "DN44.3", "DN45.2", "DN45", "DN43", "DN34.1", "DN44.2", "DN32.7", "DN34", "DN30.1", "DN30", "DN50.2", "DN46", "DN35", "DN28.1", "DN44", "DN38", "DN31"], "DISTRICT": "District8", "Capacity": 1260, "Population": 1219, "Area": 143887204.9634135, "Perimeter": 94398.057495022, "F1": 0.03253889656715159, "F2": 0.7970888438904268, "F": 0.26190388076413407}, "District9": {"MEMBERS": ["DN17.1", "DN17", "DN05.1", "DN19", "DN05.3", "DN19.3", "DN05.2", "DN05.4", "DN05.5", "DN20.1", "DN18", "DN15", "DN19.4", "DN19.2", "DN14", "DN19.7", "DN21", "DN19.1", "DN25", "EL36", "DN23.1", "DN19.5", "DN24.1", "DN29", "EL35.2", "DN23", "DN28", "DN20", "DN19.6", "DN27", "DN24", "DN26", "DN27.1"], "DISTRICT": "District9", "Capacity": 1241, "Population": 1255, "Area": 255253706.64437914, "Perimeter": 117442.70192369464, "F1": 0.011282022471538866, "F2": 0.7674427661978718, "F": 0.23813024558943868}, "District10": {"MEMBERS": ["WL29.1", "WL28.1", "WL22.2", "WL28", "WL61", "WL14.1", "WL58.1", "WL14", "WL26.3", "WL50", "WL23", "WL22", "WL15", "WL22.1", "WL16", "WL26.1", "WL21.2", "WL09", "WL53.2", "WL52", "WL10", "WL26.4", "WL08", "WL53.1", "WL53", "WL09.1", "WL49", "WL17", "WL57", "WL02", "WL32.1", "WL03", "WL01", "WL07", "WL03.1", "WL18", "WL33", "WL60", "WL54", "WL19"], "DISTRICT": "District10", "Capacity": 1224, "Population": 859, "Area": 2742253719.3263683, "Perimeter": 533531.4975209925, "F1": 0.29820180311926636, "F2": 0.8789409194132101, "F": 0.47242353800744946}, "District11": {"MEMBERS": ["EL38", "EL46", "EL37", "EL44", "EL39", "EL45", "EL52", "EL47", "EL50", "EL43", "EL41", "EL53", "EL41.1", "EL42", "EL40"], "DISTRICT": "District11", "Capacity": 1169, "Population": 976, "Area": 171594358.09611124, "Perimeter": 78310.40567170213, "F1": 0.1650975263892427, "F2": 0.6483797155175148, "F": 0.3100821831277243}, "District12": {"MEMBERS": ["DS12.5", "DS14.11", "DS13.6", "DS12.4", "DS01", "DS14.2", "DS12.1", "DS14.7", "DS13.8", "DS13.13", "DS13.5", "DS14", "DS14.4", "DS02", "DS16.1", "DS13", "DS13.14", "DS13.9", "DS16.2", "DS14.8", "DS14.1", "DS15", "DS16.3", "DS14.9", "DS14.6", "DS09.3", "DS09.1", "DS14.3", "DS16", "DS14.5"], "DISTRICT": "District12", "Capacity": 1452, "Population": 1544, "Area": 303498211.1857354, "Perimeter": 100899.53164126108, "F1": 0.06336156292450723, "F2": 0.6253828124344769, "F": 0.2319679377774981}, "District13": {"MEMBERS": ["CL07.2", "CL10", "CL04", "WL62", "CL05.1", "CL11", "CL05", "CL04.1", "CL08", "CL03", "CL10.2", "CL02.1", "CL02", "CL38", "WL56", "WL05", "WL55", "WL04", "WL03.5", "CL01", "WL03.2"], "DISTRICT": "District13", "Capacity": 1215, "Population": 843, "Area": 1788058107.3957047, "Perimeter": 330061.2930836507, "F1": 0.3061720221714237, "F2": 0.7937460385545044, "F": 0.4524442270863479}, "District14": {"MEMBERS": ["DN51", "DN47", "DN47.1", "DN34.2", "DN36.1", "DN36.2", "DN33", "DN32.6", "DN51.1", "DN36.7", "DN48", "DN52", "DN36.12", "DN36", "DN48.2", "DN22", "DN48.1", "DN36.4", "DN46.1", "DN36.11", "DN45.1", "DN46.2", "DN45.3", "DN49", "DN36.13", "DN36.16", "DN32.4", "DN36.6", "DN47.2"], "DISTRICT": "District14", "Capacity": 1339, "Population": 1903, "Area": 354748749.98991734, "Perimeter": 174982.87698687194, "F1": 0.42121059431508145, "F2": 0.854407289151633, "F": 0.5511696027660469}, "District15": {"MEMBERS": ["DN08.4", "DN16", "DN05", "DN08.1", "DN08.5", "DN09", "DN13.2", "DN06", "DN08.2", "DN13.1", "DN39", "DN12", "DN14.1", "DN39.1", "DN08.3", "DN13", "DN11", "DN15.1", "DN08"], "DISTRICT": "District15", "Capacity": 1269, "Population": 990, "Area": 119609783.35076849, "Perimeter": 63321.48824411864, "F1": 0.2198573741540002, "F2": 0.6251354772001452, "F": 0.3414408050678437}, "District16": {"MEMBERS": ["DS07.11", "DS07.3", "DS07.4", "DS07.2", "DS10", "DS06.4", "DS06.5", "DS06.7", "DS08.1", "DS06", "DS04", "DS07.1", "DS04.1", "CL39", "DS06.6", "WL67.1", "DS06.8", "DS06.1", "DS07.5", "DS07.9", "DS05", "DS06.2", "DS06.3"], "DISTRICT": "District16", "Capacity": 1445, "Population": 669, "Area": 1161513295.9749289, "Perimeter": 261728.44755854056, "F1": 0.5370235326157541, "F2": 0.7869251500467833,