{"solution": {"districts": {"District0": {"MEMBERS": ["CL27", "CL06", "CL05", "CL28.1", "CL37.1", "WL12", "WL24", "WL26.1", "WL26", "WL27", "WL26.2", "WL51", "WL27.1"], "DISTRICT": "District0", "Capacity": 1361, "Population": 483, "Area": 357487488.6569423, "Perimeter": 213753.6357328328, "F1": 0.6451131547015934, "F2": 0.9016795878855212, "F": 0.7220830846567717}, "District1": {"MEMBERS": ["EL27", "EL14", "EL30", "EL26", "EL25", "EL31", "EL13", "EL28", "EL12", "EL24", "EL16", "EL15", "EL29", "EL23", "EL20", "EL34", "EL21", "EL19", "EL49", "EL22", "EL56"], "DISTRICT": "District1", "Capacity": 1423, "Population": 1779, "Area": 163275738.0828513, "Perimeter": 90731.31310322435, "F1": 0.2501763791273621, "F2": 0.7507603531488561, "F": 0.4003515713338103}, "District2": {"MEMBERS": ["DN33", "DN34.3", "DN47.2", "DN47.1", "DN48", "DN48.2", "DN32.6", "DN34.2", "DN34", "DN46.1", "DN32.4", "DN45.1", "DN34.1", "DN32.7", "DN44.3", "DN44", "DN24.1", "DN44.1", "DN44.2", "DN44.5", "DN32.2", "DN45", "DN45.2", "DN32.8", "DN32.3", "DN44.4"], "DISTRICT": "District2", "Capacity": 1855, "Population": 1708, "Area": 142012696.06898606, "Perimeter": 83538.08417544865, "F1": 0.07924474889895017, "F2": 0.7442780460300653, "F": 0.27875473803828466}, "District3": {"MEMBERS": ["EL09", "EL08", "EL10", "EL18", "EL03", "EL11", "EL07", "EL55", "EL06", "EL05", "EL04", "EL33", "EL17", "EL02", "EL35", "EL01", "EL35.1", "EL54"], "DISTRICT": "District3", "Capacity": 1438, "Population": 1246, "Area": 225670357.8439045, "Perimeter": 105265.12424892884, "F1": 0.1335180866931983, "F2": 0.7440734355534153, "F": 0.31668469135126337}, "District4": {"MEMBERS": ["WL22.1", "WL22.2", "WL15", "WL50", "WL22", "WL14", "WL10", "WL54", "WL53", "WL23", "WL57", "WL06", "WL21.1", "WL31.1", "WL58", "WL03.4", "WL13", "WL61", "WL17", "WL21.2", "WL26.3", "WL19", "WL02", "WL04", "WL03", "WL36", "WL01", "WL07", "WL20", "WL60", "WL53.2", "WL35", "WL49", "WL53.1", "WL14.1", "WL34", "WL46", "WL03.5", "WL33", "WL18", "WL08", "WL42", "WL44", "WL32", "WL09", "WL48", "WL43", "WL09.1", "WL16", "WL52", "WL58.1", "WL03.1", "WL33.1", "WL32.1", "WL03.2", "WL03.3"], "DISTRICT": "District4", "Capacity": 1669, "Population": 1790, "Area": 5097854580.616138, "Perimeter": 537600.5055130991, "F1": 0.07249909483224037, "F2": 0.7783447766558794, "F": 0.284252799379332}, "District5": {"MEMBERS": ["DN13", "DN09", "DN13.2", "DN10.2", "DN10.1", "DN08.4", "DN16", "DN17", "DN18", "DN05.2", "DN05.1", "DN50.2", "DN39", "DN04.1", "DN38", "CL34.2", "DN21", "EL40", "DN05", "DN12", "DN14", "DN14.1", "CL34.1", "DN17.2", "DN08.1", "DN15.1", "DN08.5", "DN35", "DN13.1", "DN11", "DN10", "DN05.5", "DN05.4"], "DISTRICT": "District5", "Capacity": 1651, "Population": 2018, "Area": 430222751.06389153, "Perimeter": 210115.03806739653, "F1": 0.22229011979230706, "F2": 0.8775414917877303, "F": 0.418865531390934}, "District6": {"MEMBERS": ["CL13", "CL37.2", "CL37", "CL28", "CL26", "CL31", "CL24", "CL28.2", "CL28.3", "CL33", "CL30", "CL23", "CL36", "CL25.1", "CL25", "CL09", "DS04.1", "WL63", "CL20", "CL32.1", "CL29", "CL34", "CL20.1", "DN41", "CL10.2", "DN42", "CL11", "CL22", "CL21", "CL21.1", "DS06.3", "WL67.1", "DS08.1", "DS18", "DS06.1", "DS05", "DS04", "DS08.2", "CL20.2", "DS06.2"], "DISTRICT": "District6", "Capacity": 1687, "Population": 2299, "Area": 1794965937.9781835, "Perimeter": 393308.377071646, "F1": 0.36277473999540777, "F2": 0.8541858459601253, "F": 0.5101980717848229}, "District7": {"MEMBERS": ["DN27", "DN43", "DN19.1", "DN27.1", "DN23", "DN23.1", "DN20", "DN20.1", "DN31", "DN46", "DN19.6", "DN46.2", "DN25", "DN28", "DN45.3", "DN26", "DN24", "DN15", "DN19.2", "DN28.1", "DN19.4", "DN19.5", "DN19.3", "DN19.7", "DN19", "DN29", "DN17.1", "DN05.3"], "DISTRICT": "District7", "Capacity": 1787, "Population": 1438, "Area": 157204264.35656196, "Perimeter": 98441.45380845292, "F1": 0.19529882934919518, "F2": 0.7961465109774094, "F": 0.3755531338376594}, "District8": {"MEMBERS": ["EL37", "EL47", "EL38", "EL44", "EL48", "EL32", "EL46", "EL36", "EL35.2", "EL43", "EL36.1", "EL51", "EL42", "EL45", "EL53", "EL52", "EL50", "EL39"], "DISTRICT": "District8", "Capacity": 1498, "Population": 1561, "Area": 185105495.0291332, "Perimeter": 93088.36752013289, "F1": 0.042056735366777565, "F2": 0.731565490664907, "F": 0.24890936195621632}, "District9": {"MEMBERS": ["WL29", "WL29.1", "WL28", "WL26.4", "WL59.1", "WL30", "WL59", "WL21", "WL27.2", "WL28.1", "WL25", "WL38", "WL37", "WL31", "WL40", "WL41", "CL39", "WL65", "WL67", "WL66", "WL45", "WL38.1", "WL39"], "DISTRICT": "District9", "Capacity": 1346, "Population": 951, "Area": 1966744525.0000901, "Perimeter": 357966.07574784465, "F1": 0.29346137226254554, "F2": 0.8071258290070329, "F": 0.4475607092858917}, "District10": {"MEMBERS": ["DS13.4", "DS13.9", "DS13.1", "DS13.8", "DS13", "DS01", "DS13.13", "DS19", "DS19.1", "DS17.4", "DS17.5", "DS14.7", "DS17.1", "DS16.1", "DS12", "DS16.2", "DS13.14", "DS14.11", "DS12.5", "DS09", "DS09.3", "DS14.8", "DS12.1", "DS14.2", "DS12.4", "DS13.5", "DS14.1", "DS13.11", "DS03", "DS13.6"], "DISTRICT": "District10", "Capacity": 1858, "Population": 1946, "Area": 319804766.5541238, "Perimeter": 161542.17325657452, "F1": 0.04736328822732361, "F2": 0.8459992081228035, "F": 0.28695406419596753}, "District11": {"MEMBERS": ["DN47", "DN36.1", "DN52", "DN36.12", "DN51.1", "DN48.1", "DN36", "DN49", "DN22", "DN36.16", "DN53", "DS09.2", "DS13.2", "DN51", "DN36.6", "EL41.1", "DS15", "EL41", "DS09.1", "DN36.4", "DS16", "DS14", "DS14.5", "DS14.3", "DS14.4", "DS14.9", "DS16.3", "DS02", "DS14.6"], "DISTRICT": "District11", "Capacity": 1935, "Population": 2252, "Area": 831485672.1367414, "Perimeter": 219461.96760746578, "F1": 0.163824800186952, "F2": 0.7830567725422217, "F": 0.34959439189353286}, "District12": {"MEMBERS": ["CL07.2", "CL04", "WL11", "CL10", "CL07", "WL56", "CL05.1", "CL07.1", "CL08", "CL38", "WL12.1", "CL02.1", "WL05", "CL10.1", "CL18", "CL16", "WL55", "WL47", "CL04.1", "CL02", "WL62", "WL11.1", "CL03", "CL19.2", "CL01", "CL19", "CL19.1"], "DISTRICT": "District12", "Capacity": 1722, "Population": 1278, "Area": 1667150644.1402519, "Perimeter": 313815.4417491548, "F1": 0.2578391448441397, "F2": 0.7872664003455103, "F": 0.4166673214945509}, "District13": {"MEMBERS": ["DS17.7", "DS17.2", "DS17.3", "DS07.12", "DS17", "DS07.8", "DS17.6", "DS07.7", "DS13.7", "DS13.3", "DS07.5", "DS13.12", "DS12.8", "DS07.2", "DS07.4", "DS06.7", "DS08", "DS12.2", "DS07.3", "DS06", "DS06.4", "DS10", "DS12.3", "DS07", "DS06.5", "DS12.6", "DS06.8", "DS07.6", "DS07.9", "DS07.11", "DS07.1", "DS06.6", "DS11.1", "DS12.7"], "DISTRICT": "District13", "Capacity": 2089, "Population": 1824, "Area": 557047022.5833292, "Perimeter": 179592.47048731134, "F1": 0.12685448000548372, "F2": 0.7829671507595766, "F": 0.3236882812317115}, "District14": {"MEMBERS": ["DN01.4", "DN40", "DN01.2", "DN01.1", "DN08", "DN01.3", "DN39.1", "DN06", "CL12.1", "DN01", "DN07.1", "DN02", "CL17", "CL12", "CL14", "DN03", "DN07", "CL17.1", "CL14.1", "CL15", "CL34.4", "CL15.1", "CL34.6", "DN08.3", "DN04.2", "DN01.5", "DN01.6", "DN08.2", "CL34.3", "CL15.3", "DN04", "CL32", "CL15.2", "CL34.5", "CL32.2", "CL14.2"], "DISTRICT": "District14", "Capacity": 1749, "Population": 2878, "Area": 366352568.36686, "Perimeter": 173177.16313324257, "F1": 0.6455122833304046, "F2": 0.8464931137609438, "F": 0.7058065324595664}, "District15": {"MEMBERS": ["DN36.3", "DN37", "DN36.9", "DN32.1", "DN36.5", "DN36.7", "DN36.8", "CL35", "DN36.14", "DS11", "DN36.13", "DN30", "DN32.5", "DN50.1", "DN30.1", "DN36.15", "DN32", "DN50", "DN36.11", "DN36.2", "DN50.3"], "DISTRICT": "District15", "Capacity": 2148, "Population": 1277, "Area": 267998310.40243697, "Perimeter": 178835.16652638873, "F1": 0.40549301952749994, "F2": 0.8946981325468368, "F": 0.552254553433301}}, "district_ids": {"WL03.4": "District4", "WL03": "District4", "WL27.2": "District9", "WL32.1": "District4", "WL02": "District4", "WL01": "District4", "WL55": "District12", "WL56": "District12", "CL03": "District12",