{"solution": {"districts": {"District0": {"MEMBERS": ["CL27", "CL07", "CL05.1", "WL12.1", "CL24", "WL12", "CL37", "WL24", "CL26", "WL11", "CL02.1", "WL55", "WL47", "CL28", "CL02", "CL06", "WL56", "CL05", "WL51", "WL11.1", "CL07.1", "WL04", "CL01", "WL57", "WL03.5", "WL03", "WL03.4", "WL02", "WL01", "WL03.1", "WL08", "WL58.1", "WL09", "WL53.1", "WL53"], "DISTRICT": "District0", "Capacity": 1361, "Population": 1317, "Area": 2832769600.141557, "Perimeter": 588665.470762164, "F1": 0.032328442084287756, "F2": 0.8972731449085847, "F": 0.2918118529315768}, "District1": {"MEMBERS": ["EL27", "EL26", "EL28", "EL56", "EL20", "EL25", "EL24", "EL21", "EL48", "EL16", "EL51", "EL49", "EL30", "EL29"], "DISTRICT": "District1", "Capacity": 1423, "Population": 1252, "Area": 111000742.99337775, "Perimeter": 75259.67793676344, "F1": 0.1201679612075337, "F2": 0.7537302673954585, "F": 0.3102366530639111}, "District2": {"MEMBERS": ["DN33", "DN32.4", "DN32.7", "DN36.6", "DN34.3", "DN34.1", "DN47.1", "DN46.1", "DN34", "DN45.2", "DN44.1", "DN45", "DN32.1", "DN37", "DN44.3", "DN45.1", "DN42", "DN50.3", "DN32.2", "DN32.8", "CL36", "DN34.2", "DN32.5", "CL35", "DN32", "CL34.2", "DN10.2", "DN09", "DN08.3", "DN50", "DN50.1", "CL34"], "DISTRICT": "District2", "Capacity": 1855, "Population": 2035, "Area": 581468523.0738361, "Perimeter": 216553.60247596735, "F1": 0.09703557360088633, "F2": 0.84418644078186, "F": 0.32118083375517836}, "District3": {"MEMBERS": ["EL09", "EL08", "EL11", "EL17", "EL18", "EL55", "EL19", "EL23", "EL12", "EL10", "EL04", "EL03", "EL06", "EL15", "EL02", "EL07", "EL01", "EL22", "EL35", "EL54", "EL35.2", "EL05", "DN03"], "DISTRICT": "District3", "Capacity": 1438, "Population": 1911, "Area": 272503312.9980288, "Perimeter": 120382.77214540393, "F1": 0.3289297543189864, "F2": 0.7637058494650129, "F": 0.4593625828627943}, "District4": {"MEMBERS": ["WL22.1", "WL22.2", "WL15", "WL54", "WL53.2", "WL61", "WL23", "WL58", "WL16", "WL21.2", "WL14", "WL10", "WL13", "WL29.1", "WL06", "WL17", "WL50", "WL49", "WL20", "WL21.1", "WL32.1", "WL32", "WL03.3", "WL07", "WL03.2", "WL46", "WL26.4", "WL05", "WL36", "WL33", "WL60", "WL09.1", "WL52", "WL14.1", "WL18", "WL48", "WL19"], "DISTRICT": "District4", "Capacity": 1669, "Population": 1146, "Area": 2262630133.2604027, "Perimeter": 575143.7155274932, "F1": 0.31336069914103837, "F2": 0.9140450932946091, "F": 0.49356601738710953}, "District5": {"MEMBERS": ["DN13", "DN08.4", "DN10", "DN08.1", "DN13.2", "DN16", "DN06", "DN12", "DN08.5", "DN08.2", "DN35", "DN39", "DN17", "DN05.5", "DN10.1", "DN18", "DN14.1", "DN15.1", "DN29", "DN50.2", "DN19", "DN11"], "DISTRICT": "District5", "Capacity": 1651, "Population": 1798, "Area": 160077226.22065362, "Perimeter": 121180.92018824829, "F1": 0.08903754640195305, "F2": 0.863015659755127, "F": 0.32123098040790515}, "District6": {"MEMBERS": ["CL13", "CL33", "CL31", "CL32", "DS04.1", "CL32.1", "CL37.1", "DS18", "CL25", "WL66", "DS05", "WL41", "DS06.1", "CL30", "WL45", "WL67.1", "WL67", "CL28.3", "CL34.3", "WL63", "DS06", "CL37.2", "CL34.4", "CL34.1", "CL32.2", "CL34.5", "WL44", "DS06.4", "WL65", "DS06.5", "WL43", "CL34.6", "WL33.1", "DS07.3", "WL34", "CL28.2", "DS06.2", "WL42", "DS06.8"], "DISTRICT": "District6", "Capacity": 1687, "Population": 1189, "Area": 3600090809.1044593, "Perimeter": 622845.3607814384, "F1": 0.29519798876586845, "F2": 0.88338273503694, "F": 0.47165341264718985}, "District7": {"MEMBERS": ["DN27", "DN26", "DN25", "DN27.1", "DN43", "DN44.5", "DN30.1", "DN31", "DN30", "DN32.3", "DN23", "DN24", "DN20", "DN19.6", "DN20.1", "DN38", "DN19.3", "DN24.1", "DN19.4", "DN28", "DN15", "DN19.2", "DN14", "DN19.1", "DN28.1", "DN13.1", "DN19.5", "DN19.7"], "DISTRICT": "District7", "Capacity": 1787, "Population": 1828, "Area": 139453031.66809464, "Perimeter": 97675.30397215339, "F1": 0.022944034566625415, "F2": 0.8163172887143874, "F": 0.26095601081095393}, "District8": {"MEMBERS": ["EL37", "EL39", "EL38", "EL46", "EL32", "EL31", "EL14", "EL40", "EL44", "EL13", "EL47", "EL41", "EL41.1", "EL34", "EL43", "EL33", "EL52", "DN22", "DN23.1", "EL42", "DN21", "EL50", "EL36", "DN04.1", "EL35.1", "DN05.2", "DN07", "EL53", "DN05.1", "DN05.4", "DN05", "EL45", "DN17.2", "DN05.3", "DN17.1"], "DISTRICT": "District8", "Capacity": 1498, "Population": 2290, "Area": 524683434.50631535, "Perimeter": 186167.9697229245, "F1": 0.5287055972716583, "F2": 0.8097619911567083, "F": 0.6130225154371733}, "District9": {"MEMBERS": ["WL29", "WL59.1", "WL38", "WL28", "WL25", "WL39", "WL40", "WL26.1", "CL29", "WL35", "WL38.1", "WL59", "CL28.1", "WL37", "WL26.3", "WL28.1", "WL27", "WL22", "WL31", "WL30", "WL26", "WL27.2", "CL39", "WL26.2", "WL27.1", "WL31.1", "WL21"], "DISTRICT": "District9", "Capacity": 1346, "Population": 1195, "Area": 1252676972.5161157, "Perimeter": 291679.9563432285, "F1": 0.11218351328244047, "F2": 0.8149727110870725, "F": 0.32302027262383004}, "District10": {"MEMBERS": ["DS13.4", "DS13.9", "DS13", "DS01", "DS13.6", "DS13.11", "DS13.5", "DS12", "DS12.7", "DS13.8", "DS13.2", "DS07", "DS12.3", "DS12.1", "DS12.6", "DS15", "DS13.14", "DS07.1", "DS09.3", "DS16.2", "DS13.13", "DS03", "DS12.5", "DS14.1", "DS13.12", "DS17", "DS09.1", "DS13.3", "DS14.7", "DS16.1", "DS12.4", "DS14", "DS07.8", "DS14.5", "DS02", "DS14.3", "DS16", "DS14.4", "DS17.6", "DS14.9", "DS16.3", "DS14.6", "DS14.2", "DS14.11", "DS14.8"], "DISTRICT": "District10", "Capacity": 1858, "Population": 3187, "Area": 529537463.28725517, "Perimeter": 177784.4764774862, "F1": 0.7152857819414113, "F2": 0.7894676295941543, "F": 0.7375403362372343}, "District11": {"MEMBERS": ["DN47", "DN51.1", "DN47.2", "DN51", "DN48", "DN48.2", "DN46", "DN52", "DN53", "DN36.1", "DN46.2", "DN36.12", "DN48.1", "DN44", "DN36.13", "DN36.4", "DN36.16", "DN36.5", "DN45.3", "DN44.2", "DN49", "DN44.4"], "DISTRICT": "District11", "Capacity": 1935, "Population": 1689, "Area": 621704992.1626648, "Perimeter": 166360.9726098494, "F1": 0.1271312706608203, "F2": 0.7177127147188779, "F": 0.3043057038782375}, "District12": {"MEMBERS": ["CL07.2", "CL08", "CL11", "CL04", "CL38", "CL04.1", "CL09", "CL10", "CL23", "WL62", "CL25.1", "CL20.1", "CL20.2", "CL03", "CL19.1", "CL22", "CL21.1", "CL19", "CL19.2", "CL21", "CL15.3", "CL15.2", "CL15", "CL20"], "DISTRICT": "District12", "Capacity": 1722, "Population": 1548, "Area": 585314134.7300249, "Perimeter": 175434.9588917586, "F1": 0.10104472066756842, "F2": 0.7610172264146966, "F": 0.29903647239170683}, "District13": {"MEMBERS": ["DS17.7", "DS07.7", "DS17.2", "DS17.3", "DS07.2", "DS17.1", "DS17.5", "DS08", "DS07.4", "DS07.6", "DS07.5", "DS07.12", "DS17.4", "DS07.9", "DS13.7", "DS19.1", "DS19", "DS13.1", "DS07.11", "DS12.2", "DS12.8"], "DISTRICT": "District13", "Capacity": 2089, "Population": 1243, "Area": 209935898.08434248, "Perimeter": 138196.801873272, "F1": 0.40497798274304464, "F2": 0.8618660007198684, "F": 0.5420443881360917}, "District14": {"MEMBERS": ["DN01.4", "DN01.5", "DN01.2", "DN01", "CL12", "CL10.1", "DN01.1", "CL10.2", "DN07.1", "CL18", "CL17", "CL17.1", "DN01.6", "DN01.3", "DN40", "CL14.1", "DN04.2", "CL14", "CL14.2", "EL36.1", "DN02", "CL12.1", "DN04", "CL15.1", "CL16", "DN08", "DN39.1"], "DISTRICT": "District14", "Capacity": 1749, "Population": 2171, "Area": 314448818.04884857, "Perimeter": 141459.4689125614, "F1": 0.2412812965049671, "F2": 0.8025324289582706, "F": 0.40965663624095816}, "District15": {"MEMBERS": ["DN36.3", "DN32.6", "DS11.1", "DN41", "DS08.1", "DS06.7", "DN36.7", "DS04", "DS06.6", "DS08.2", "DS09", "DS06.3", "DN36.2", "DS09.2", "DN36", "DN36.9", "DS10", "DN36.8", "DS11", "DN36.11", "DN36.14", "DN36.15"], "DISTRICT": "District15", "Capacity": 2148, "Population": 929, "Area": 532087722.18809813, "Perimeter": 203638.01788764074, "F1": 0.5675041919576156, "F2": 0.8387590384204896, "F": 0.6488806458964778}}, "district_ids": {"WL03.4": "District0", "WL03": "District0", "WL27.2": "District9", "WL32.1": "District4", "WL02": "District0", "WL01": "District0", "WL55": "District0", "WL56": "District0", "CL03": "District12",