{"solution": {"districts": {"District0": {"MEMBERS": ["EL03", "EL09", "EL08", "EL04", "EL05", "EL07", "EL10", "EL11", "EL17", "EL35", "EL35.2", "EL18", "EL36", "EL33", "EL34", "EL02", "EL35.1", "EL01", "EL23", "EL21", "EL06", "EL54"], "DISTRICT": "District0", "Capacity": 1216, "Population": 1212, "Area": 301940944.78738886, "Perimeter": 142628.74632271417, "F1": 0.0032886595124287377, "F2": 0.8134832909965029, "F": 0.24634704895765092}, "District1": {"MEMBERS": ["EL27", "EL29", "EL15", "EL14", "EL12", "EL32", "EL16", "EL26", "EL25", "EL30", "EL56", "EL31", "EL24", "EL28", "EL13", "EL49", "EL55", "EL22", "EL19", "EL20"], "DISTRICT": "District1", "Capacity": 1264, "Population": 1017, "Area": 136190429.36780655, "Perimeter": 89833.85772186013, "F1": 0.19541060763124518, "F2": 0.7879314078512751, "F": 0.3731668476972541}, "District2": {"MEMBERS": ["CL37", "CL13", "CL37.2", "CL28", "CL28.1", "CL28.3", "CL26", "CL32.1", "CL34.3", "CL34.5", "CL34.4", "CL30", "CL24", "CL29", "CL32", "CL25", "CL31", "CL37.1", "WL40", "CL32.2", "CL36", "CL09", "CL39", "CL19.1", "WL63", "CL27", "CL20.2", "DN42", "WL66", "DS18", "CL06", "CL22", "CL21", "CL28.2", "WL39", "WL65"], "DISTRICT": "District2", "Capacity": 1255, "Population": 1788, "Area": 1982828400.9383366, "Perimeter": 412625.84174181434, "F1": 0.42470198067966547, "F2": 0.8536535647160336, "F": 0.5533874558905758}, "District3": {"MEMBERS": ["DN36.3", "DS11.1", "DN36.9", "DN36.7", "DN36.11", "DN36.5", "DN36.15", "DN37", "DS08", "DN32.6", "DN36.6", "DN36.14", "DN36.4", "DN36.8", "DS08.2", "DN36.2", "DN32.1", "DN36.16", "DN41", "DS04", "DS09", "DS04.1", "DS17.1", "DS17.3", "CL35", "DS06.7", "DS06.1", "DS06.6", "DS06", "DS05", "DS06.3", "DS06.2", "DS08.1"], "DISTRICT": "District3", "Capacity": 1269, "Population": 1237, "Area": 1164627863.9038498, "Perimeter": 287534.24695376155, "F1": 0.02521592572721887, "F2": 0.8229818154561853, "F": 0.26454569264590877}, "District4": {"MEMBERS": ["WL30", "WL59", "WL31.1", "WL38", "WL36", "WL21", "WL59.1", "WL32", "WL32.1", "WL35", "WL21.1", "WL49", "WL21.2", "WL25", "WL46", "WL18", "WL37", "WL41", "WL38.1", "WL45", "WL51", "WL44", "WL43", "WL26.2", "WL26.1", "WL27.2", "WL33", "WL67", "WL31", "WL67.1", "WL33.1", "WL26", "WL42", "WL20", "WL19", "WL26.3", "WL17", "WL54", "WL48", "WL34", "WL16", "WL09", "WL07", "WL52", "WL10"], "DISTRICT": "District4", "Capacity": 1187, "Population": 1076, "Area": 4067681415.242412, "Perimeter": 610801.9870279153, "F1": 0.09351222330655251, "F2": 0.862988849609914, "F": 0.3243552111975609}, "District5": {"MEMBERS": ["DN01.4", "DN01.2", "DN01.3", "DN01", "CL12.1", "DN02", "DN03", "DN10.2", "DN08", "CL17", "DN01.6", "CL10.1", "DN01.1", "DN09", "DN13", "DN10.1", "DN11", "DN50.2", "DN38", "CL17.1", "DN01.5", "DN10", "CL12"], "DISTRICT": "District5", "Capacity": 1242, "Population": 1494, "Area": 313039070.466778, "Perimeter": 198820.22657404156, "F1": 0.20289934619243688, "F2": 0.9004852902700596, "F": 0.41217512941572365}, "District6": {"MEMBERS": ["DS17", "DS13.12", "DS17.4", "DS19", "DS13.2", "DS17.5", "DS09.2", "DS13.7", "DS17.2", "DS11", "DS17.7", "DS19.1", "DS07.12"], "DISTRICT": "District6", "Capacity": 1388, "Population": 603, "Area": 124374963.38217212, "Perimeter": 104765.49429864412, "F1": 0.5655612423230458, "F2": 0.8576012106161421, "F": 0.6531732328109747}, "District7": {"MEMBERS": ["CL15.3", "CL15.2", "CL15", "CL15.1", "CL14.1", "CL34.1", "DN40", "CL16", "CL34.2", "CL14.2", "CL14", "CL34", "CL19", "CL19.2", "CL21.1", "DN50.1", "CL20", "CL20.1", "CL33", "CL25.1", "CL34.6", "CL23"], "DISTRICT": "District7", "Capacity": 1197, "Population": 775, "Area": 259142090.00660175, "Perimeter": 159800.46155167147, "F1": 0.35254720674563733, "F2": 0.8724760482254421, "F": 0.5085258591895787}, "District8": {"MEMBERS": ["DN32.3", "DN44.4", "DN32.2", "DN44.1", "DN32.5", "DN32.4", "DN32.7", "DN30", "DN50", "DN44.5", "DN44.3", "DN34.3", "DN32", "DN34", "DN47.1", "DN43", "DN31", "DN30.1", "DN45.2", "DN33", "DN46.1", "DN45", "DN45.3", "DN32.8", "DN34.1", "DN44", "DN44.2", "DN46.2", "DN50.3", "DN46", "DN45.1", "DN34.2"], "DISTRICT": "District8", "Capacity": 1260, "Population": 1609, "Area": 171276550.28549087, "Perimeter": 80885.63763555813, "F1": 0.27698491050011986, "F2": 0.6710234481454979, "F": 0.39519647179373324}, "District9": {"MEMBERS": ["DN17.1", "DN17.2", "DN19.3", "DN05.1", "DN05.2", "DN19.4", "DN19.7", "DN19.6", "DN19.1", "DN27", "DN27.1", "DN23", "DN20", "DN20.1", "DN28", "DN24.1", "DN19.5", "DN24", "DN28.1", "DN19.2"], "DISTRICT": "District9", "Capacity": 1241, "Population": 744, "Area": 87941093.07388659, "Perimeter": 76288.61965232935, "F1": 0.40048268009280674, "F2": 0.8101186942490233, "F": 0.5233734843396717}, "District10": {"MEMBERS": ["WL29.1", "WL28", "WL29", "WL22", "WL27.1", "WL26.4", "WL22.1", "WL15", "WL14", "WL50", "WL53.2", "WL61", "WL60", "WL14.1", "WL57", "WL27", "WL53", "WL53.1", "WL23", "WL28.1", "WL22.2"], "DISTRICT": "District10", "Capacity": 1224, "Population": 360, "Area": 531819693.85564643, "Perimeter": 212781.24783595518, "F1": 0.705881538350641, "F2": 0.8523927881867122, "F": 0.7498349133014623}, "District11": {"MEMBERS": ["EL38", "EL45", "EL44", "EL39", "EL50", "EL37", "EL40", "EL46", "EL41", "EL41.1", "EL43", "EL52", "EL47", "EL48", "EL53", "EL42", "EL51"], "DISTRICT": "District11", "Capacity": 1169, "Population": 1142, "Area": 188962565.04230297, "Perimeter": 83282.19154049762, "F1": 0.02309581673998451, "F2": 0.6576413149187863, "F": 0.213459466193625}, "District12": {"MEMBERS": ["DS12.5", "DS14.1", "DS14.2", "DS13.14", "DS14", "DS16", "DS01", "DS16.3", "DS12", "DS12.1", "DS09.3", "DS13.11", "DS13.4", "DS12.7", "DS13.9", "DS14.5", "DS13.6", "DS16.1", "DS14.3", "DS14.11", "DS03", "DS13.13", "DS14.9", "DS14.8", "DS14.6", "DS13.1", "DS13", "DS14.7", "DS13.5", "DS16.2", "DS02", "DS14.4", "DS12.4"], "DISTRICT": "District12", "Capacity": 1452, "Population": 1832, "Area": 338838859.7809044, "Perimeter": 108367.964065026, "F1": 0.2617086689964967, "F2": 0.6374221685486365, "F": 0.3744227188621386}, "District13": {"MEMBERS": ["CL07.2", "CL10", "CL07", "CL38", "CL08", "CL04.1", "CL05.1", "CL05", "CL10.2", "CL04", "CL18", "WL62", "WL24", "WL12", "WL13", "CL03", "WL11.1", "CL02", "WL58", "WL58.1", "CL07.1", "WL12.1", "CL11", "CL02.1", "WL56", "WL11", "CL01", "WL04", "WL06", "WL55", "WL47", "WL05", "WL03.4", "WL02", "WL08", "WL09.1", "WL03.3", "WL03.2", "WL03.5", "WL01", "WL03", "WL03.1"], "DISTRICT": "District13", "Capacity": 1215, "Population": 1242, "Area": 3468614217.7128882, "Perimeter": 424426.28876005515, "F1": 0.022223036854131406, "F2": 0.7580301184798239, "F": 0.2429651613418391}, "District14": {"MEMBERS": ["DN51", "DN52", "DN47", "DN48.1", "DN36.12", "DN22", "DN48.2", "DN21", "EL36.1", "DN36.1", "DN53", "DN04.1", "DN36", "DS15", "DN04.2", "DS13.8", "DN07.1", "DN36.13", "DN47.2", "DN05.3", "DN39.1", "DN51.1", "DN49", "DN39", "DN04", "DN07", "DN23.1", "DN48", "DS09.1"], "DISTRICT": "District14", "Capacity": 1339, "Population": 1559, "Area": 932841806.7637912, "Perimeter": 216828.89396215044, "F1": 0.16430245583045222, "F2": 0.7506648218494786, "F": 0.3402111656361601}, "District15": {"MEMBERS": ["DN08.4", "DN08.5", "DN08.1", "DN16", "DN08.2", "DN13.2", "DN17", "DN15.1", "DN14", "DN15", "DN13.1", "DN08.3", "DN29", "DN14.1", "DN25", "DN05.4", "DN12", "DN26", "DN05", "DN06", "DN19", "DN18", "DN35", "DN05.5"], "DISTRICT": "District15", "Capacity": 1269, "Population": 1175, "Area": 126532231.80328706, "Perimeter": 83731.11515269846, "F1": 0.0740732933485162, "F2": 0.7732030124406564, "F": 0.28381220907615823}, "District16": {"MEMBERS": ["DS07.11", "DS07.3", "DS07.1", "DS06.5", "DS07", "DS12.3", "DS12.2", "DS12.8", "DS06.8", "DS07.4", "DS06.4", "DS12.6", "DS07.9", "DS07.8", "DS17.6", "DS13.3", "DS07.5", "DS07.2", "DS07.7", "DS10", "DS07.6"], "DISTRICT": "District16", "Capacity": 1445, "Population": 1194, "Area": 333730618.5724752, "Perimeter": 112960.13892106271, "F1": 0.17370173582213333, "F2": 0.671333468345207,