{"solution": {"districts": {"District0": {"MEMBERS": ["EL03", "EL09", "EL08", "EL10", "EL18", "EL23", "EL17", "EL22", "EL11", "EL55", "EL12", "EL04", "EL24", "EL07"], "DISTRICT": "District0", "Capacity": 1216, "Population": 953, "Area": 184364113.68826988, "Perimeter": 82906.1632578452, "F1": 0.21628207881346972, "F2": 0.6629358067072345, "F": 0.35027819718159914}, "District1": {"MEMBERS": ["EL27", "EL14", "EL28", "EL30", "EL26", "EL25", "EL15", "EL31", "EL16", "EL48", "EL13", "EL20", "EL56", "EL19", "EL21", "EL51", "EL34", "EL05", "EL06", "EL29", "EL49", "EL47", "EL52", "EL46"], "DISTRICT": "District1", "Capacity": 1264, "Population": 1147, "Area": 141525630.1077097, "Perimeter": 84662.89766179243, "F1": 0.09256250717909409, "F2": 0.7518817529807658, "F": 0.29035828091959553}, "District2": {"MEMBERS": ["CL37", "CL13", "CL26", "CL33", "CL24", "CL31", "CL25", "CL30", "CL34", "CL32", "WL39", "DS18", "CL29", "WL63", "CL32.1", "CL36", "CL34.5", "CL37.2", "CL25.1", "CL35", "WL25", "DN41", "WL51", "WL24", "CL34.2", "WL12", "DN50.3", "WL26", "CL21", "DN50.1", "DN50.2", "DN30.1", "CL32.2", "CL39", "DN50", "WL26.2"], "DISTRICT": "District2", "Capacity": 1255, "Population": 1430, "Area": 1652421431.9232757, "Perimeter": 394598.5355736267, "F1": 0.13944301880921905, "F2": 0.8666417939071543, "F": 0.3576026513385996}, "District3": {"MEMBERS": ["DN36.3", "DN36.9", "DN36.4", "DS08.2", "DN36.5", "DN36.8", "DN36.7", "DN36.13", "DN36.14", "DN32.6", "DN36.6", "DN36.15", "DN36.11", "DN36", "DS08.1", "DN36.16"], "DISTRICT": "District3", "Capacity": 1269, "Population": 739, "Area": 147761181.67177215, "Perimeter": 107260.85899710318, "F1": 0.41765091081441363, "F2": 0.838605891143259, "F": 0.5439374049130672}, "District4": {"MEMBERS": ["WL30", "WL31", "WL37", "WL35", "WL41", "WL66", "WL40", "WL38.1", "WL44", "WL31.1", "WL67.1", "DS04.1", "WL43", "WL21.1", "WL42", "WL36", "DS05", "DS06.1", "WL45", "WL32", "WL65", "DS06.2", "WL32.1", "WL21.2", "WL33.1", "WL33", "WL48", "WL19", "WL20", "WL15", "WL34", "WL49", "WL17", "WL53.2", "WL53", "WL67", "WL52", "WL18", "WL46"], "DISTRICT": "District4", "Capacity": 1187, "Population": 886, "Area": 4421548086.287054, "Perimeter": 477482.66382185515, "F1": 0.25357961875670076, "F2": 0.7562924406553846, "F": 0.4043934653263059}, "District5": {"MEMBERS": ["DN01.4", "DN01.5", "DN01", "DN01.2", "DN02", "DN40", "CL14", "CL17", "DN04.2", "CL16", "CL14.1", "CL12", "CL10.1", "CL14.2", "DN07", "DN01.6", "CL12.1", "CL10", "CL17.1", "CL15.1"], "DISTRICT": "District5", "Capacity": 1242, "Population": 1175, "Area": 237511547.82823864, "Perimeter": 134383.8276515934, "F1": 0.05394445206163889, "F2": 0.8347275062593522, "F": 0.2881793683209528}, "District6": {"MEMBERS": ["DS17", "DS17.2", "DS17.4", "DS07.12", "DS13.12", "DS19", "DS12.6", "DS07.7", "DS07.2", "DS09", "DS17.1", "DS06.7", "DS13.2", "DS04", "DS13.4", "DS19.1", "DS13.1", "DS11", "DS17.5", "DS17.3", "DS06.3", "DS08", "DS06.6", "DS11.1"], "DISTRICT": "District6", "Capacity": 1388, "Population": 1365, "Area": 418283833.26626194, "Perimeter": 197719.51958620248, "F1": 0.016569891811456072, "F2": 0.8655434850748492, "F": 0.27126196979047396}, "District7": {"MEMBERS": ["CL15.3", "CL19", "CL19.1", "CL34.4", "CL15.2", "CL21.1", "CL20.1", "CL34.1", "DN10.2", "CL34.6", "CL18", "DN08.3", "CL20.2", "CL34.3", "CL09", "CL15", "CL10.2", "CL19.2", "CL22", "CL20", "CL23"], "DISTRICT": "District7", "Capacity": 1197, "Population": 869, "Area": 157553247.07867068, "Perimeter": 88445.22862055438, "F1": 0.2740175499246654, "F2": 0.7469021800275615, "F": 0.4158829389555342}, "District8": {"MEMBERS": ["DN32.3", "DN44.1", "DN32.2", "DN32.8", "DN44", "DN44.3", "DN32.5", "DN46", "DN45", "DN32.1", "DN42", "DN23.1", "DN37", "DN45.1", "DN44.4", "DN34.3", "DN32", "DN46.2", "DN45.2", "DN32.4", "DN44.5", "DN43", "DN23", "DN34", "DN44.2", "DN31", "DN30", "DN24", "DN38", "DN32.7", "DN45.3", "DN28"], "DISTRICT": "District8", "Capacity": 1260, "Population": 1410, "Area": 303378285.2791246, "Perimeter": 154753.2736869114, "F1": 0.11904840381707626, "F2": 0.8408104091764707, "F": 0.33557700542489455}, "District9": {"MEMBERS": ["DN17.1", "DN17.2", "DN04.1", "DN05.2", "DN06", "DN05.1", "DN07.1", "DN01.1", "DN39.1", "DN17", "DN19", "DN21", "DN05.4", "DN19.5", "DN20", "EL36.1", "DN19.2", "DN19.6", "DN04", "DN01.3", "DN15", "DN20.1", "DN19.1", "DN05.3", "DN19.3", "DN19.4"], "DISTRICT": "District9", "Capacity": 1241, "Population": 940, "Area": 240325815.78617093, "Perimeter": 136149.19047553738, "F1": 0.24254553390374267, "F2": 0.8370778388386414, "F": 0.42090522538421227}, "District10": {"MEMBERS": ["WL29.1", "WL28.1", "WL26.4", "WL59.1", "WL38", "WL59", "WL27.1", "WL22.2", "WL50", "WL27", "WL23", "WL14", "WL28", "WL22.1", "WL27.2", "WL61", "WL26.3", "WL22", "WL26.1", "WL21", "WL29", "WL58", "WL10", "WL07", "WL58.1", "WL60", "WL02", "WL09", "WL01", "WL14.1", "WL53.1", "WL16", "WL08", "WL09.1", "WL54"], "DISTRICT": "District10", "Capacity": 1224, "Population": 647, "Area": 1990797750.6268296, "Perimeter": 411757.247432934, "F1": 0.4714044160832973, "F2": 0.8524448060331802, "F": 0.5857165330682621}, "District11": {"MEMBERS": ["EL38", "EL44", "EL53", "EL39", "EL36", "EL45", "EL35.1", "EL35.2", "EL54", "EL42", "EL40", "EL01", "EL33", "EL02", "EL37", "DN03", "EL35", "DN22", "EL32", "EL50", "DN49", "EL43", "EL41", "EL41.1"], "DISTRICT": "District11", "Capacity": 1169, "Population": 1441, "Area": 434998579.8954958, "Perimeter": 164848.9597913157, "F1": 0.23267834702584822, "F2": 0.7988475710793397, "F": 0.40252911424189564}, "District12": {"MEMBERS": ["DS12.5", "DS12", "DS13.11", "DS07", "DS03", "DS13", "DS12.2", "DS12.8", "DS12.3", "DS12.1", "DS14.11", "DS14.1", "DS13.9", "DS01", "DS13.3", "DS13.7", "DS13.6", "DS13.14", "DS12.4", "DS12.7", "DS14.2", "DS14.3", "DS14.5", "DS14", "DS14.9", "DS16.2", "DS14.6", "DS02", "DS13.5", "DS14.8", "DS16.3"], "DISTRICT": "District12", "Capacity": 1452, "Population": 1795, "Area": 369748747.3462812, "Perimeter": 143932.52143658246, "F1": 0.23622657550808146, "F2": 0.7757157854667494, "F": 0.3980733384956818}, "District13": {"MEMBERS": ["CL07.2", "CL08", "CL04.1", "CL07", "CL27", "CL28", "CL28.1", "CL37.1", "CL28.2", "CL03", "CL04", "WL62", "CL38", "CL05.1", "CL07.1", "WL12.1", "CL28.3", "CL06", "CL02", "CL11", "CL05", "WL11", "CL02.1", "WL56", "WL13", "WL57", "WL55", "WL47", "CL01", "WL05", "WL06", "WL03.4", "WL03", "WL03.3", "WL03.5", "WL03.1", "WL03.2", "WL04", "WL11.1"], "DISTRICT": "District13", "Capacity": 1215, "Population": 1297, "Area": 2659288942.5399485, "Perimeter": 325987.39124908234, "F1": 0.06749052619349372, "F2": 0.6855339345810159, "F": 0.25290354870975035}, "District14": {"MEMBERS": ["DN51", "DN47", "DN48", "DN36.1", "DN48.2", "DN47.1", "DN48.1", "DN34.2", "DN46.1", "DN52", "DN36.2", "DN33", "DN53", "DN36.12", "DN51.1", "DS15", "DN34.1", "DS09.2", "DS16.1", "DS13.8", "DN47.2", "DS09.3", "DS14.7", "DS16", "DS14.4", "DS13.13", "DS09.1"], "DISTRICT": "District14", "Capacity": 1339, "Population": 1705, "Area": 697648940.5612551, "Perimeter": 187254.49975140626, "F1": 0.2733390494896262, "F2": 0.7499756667666658, "F": 0.416330034672738}, "District15": {"MEMBERS": ["DN08.4", "DN13.2", "DN16", "DN39", "DN08.5", "DN05", "DN05.5", "DN18", "DN08", "DN09", "DN13.1", "DN14.1", "DN13", "DN08.2", "DN12", "DN35", "DN14", "DN15.1", "DN29", "DN25", "DN26", "DN27", "DN19.7", "DN10", "DN08.1", "DN11", "DN28.1", "DN27.1", "DN24.1", "DN10.1"], "DISTRICT": "District15", "Capacity": 1269, "Population": 1642, "Area": 202947278.65317082, "Perimeter": 108633.05492558461, "F1": 0.2939330079280298, "F2": 0.7838928625359736, "F": 0.4409209643104129}, "District16": {"MEMBERS": ["DS07.11", "DS07.3", "DS07.6", "DS07.9", "DS06.4", "DS07.4", "DS10", "DS07.1", "DS07.5", "DS17.7", "DS06.8", "DS07.8", "DS06.5", "DS06", "DS17.6"], "DISTRICT": "District16", "Capacity": 1445, "Population": 618, "Area": 270279402.4546638, "Perimeter": 102599.54331029067, "F1": 0.5723176500185629, "F2": 0.6773497850205097,