{"solution": {"districts": {"District0": {"MEMBERS": ["CL27", "CL07", "CL24", "CL25.1", "CL28.1", "CL19.1", "CL28", "CL21.1", "CL28.3", "CL23", "CL06", "CL20.2", "CL26", "CL20", "CL32.1", "CL29", "CL21", "CL19.2", "CL22", "CL18", "CL20.1"], "DISTRICT": "District0", "Capacity": 1361, "Population": 1284, "Area": 326305457.99401367, "Perimeter": 144280.34063758524, "F1": 0.05657531920223868, "F2": 0.8030210200330565, "F": 0.280509029451484}, "District1": {"MEMBERS": ["EL27", "EL28", "EL56", "EL29", "EL15", "EL12", "EL11", "EL34", "EL14", "EL48", "EL33", "EL13"], "DISTRICT": "District1", "Capacity": 1423, "Population": 852, "Area": 93223165.98112455, "Perimeter": 70559.260836335, "F1": 0.40126423470650574, "F2": 0.7646979737956379, "F": 0.5102943564332454}, "District2": {"MEMBERS": ["DN33", "DN32.1", "DN32.7", "DN32.6", "DN50.3", "DN36.6", "DN50", "DN42", "DN50.2", "CL36", "DN36.2", "DS18", "CL35", "DN30.1", "DN44.5", "DN36", "DN36.4", "DN36.1", "DN44.4", "DN30", "DN32.5", "DN32.3", "DN36.16"], "DISTRICT": "District2", "Capacity": 1855, "Population": 1986, "Area": 469150820.20226735, "Perimeter": 169034.02991380775, "F1": 0.07062047940366312, "F2": 0.7936644533659434, "F": 0.2875336715923471}, "District3": {"MEMBERS": ["EL09", "EL10", "EL18", "EL17", "EL03", "EL08", "EL04", "EL22", "EL02", "EL16", "EL19", "EL05", "EL26", "EL07", "EL25", "EL49", "EL06", "EL20", "EL24", "EL23", "EL01", "DN03", "EL54", "EL21", "EL55"], "DISTRICT": "District3", "Capacity": 1438, "Population": 2326, "Area": 304710358.4873525, "Perimeter": 109171.45795678871, "F1": 0.6175250235220793, "F2": 0.6787235726957321, "F": 0.6358845882741752}, "District4": {"MEMBERS": ["WL22.1", "WL15", "WL53", "WL49", "WL32.1", "WL53.2", "WL14", "WL10", "WL53.1", "WL50", "WL48", "WL09", "WL22", "WL32", "WL18", "WL33", "WL30", "WL06", "WL09.1", "WL31", "WL36", "WL38", "WL21.2", "WL05", "WL31.1", "WL42", "WL17", "WL03.4", "WL21", "WL20", "WL54", "WL46", "WL43", "WL16", "WL19", "WL33.1", "WL21.1"], "DISTRICT": "District4", "Capacity": 1669, "Population": 1395, "Area": 2759359284.7591815, "Perimeter": 580703.9588727003, "F1": 0.1641695676203142, "F2": 0.8971726739843114, "F": 0.38407049952951333}, "District5": {"MEMBERS": ["DN13", "DN13.1", "DN13.2", "DN11", "DN10", "DN16", "DN05.5", "DN39", "DN15.1", "DN18", "DN14.1", "DN17", "DN12", "DN35", "DN28.1", "DN17.1", "DN05.1", "DN08", "DN05.2", "DN05.4", "DN05", "DN14", "DN19", "DN29", "DN05.3", "DN19.5"], "DISTRICT": "District5", "Capacity": 1651, "Population": 1850, "Area": 137567461.8300713, "Perimeter": 97487.56415500207, "F1": 0.12053360920330936, "F2": 0.8181023240807898, "F": 0.32980422366655343}, "District6": {"MEMBERS": ["CL13", "CL33", "CL32", "CL34.3", "CL19", "CL37", "CL34.2", "CL37.1", "CL15.2", "CL31", "CL34.1", "CL34.5", "CL30", "CL32.2", "CL15", "CL14", "DN10.1", "WL63", "CL17", "CL14.2", "CL16", "CL28.2", "CL15.3", "WL39", "CL37.2", "DN50.1", "CL17.1", "CL25", "WL38.1", "CL15.1", "CL34", "WL40"], "DISTRICT": "District6", "Capacity": 1687, "Population": 1718, "Area": 1094922304.3183134, "Perimeter": 307043.12636030733, "F1": 0.018376401787928875, "F2": 0.8540532569117363, "F": 0.2690794583250711}, "District7": {"MEMBERS": ["DN27", "DN27.1", "DN24.1", "DN23.1", "DN26", "DN38", "DN19.7", "DN19.4", "DN19.3", "DN23", "DN28", "DN44.2", "DN21", "DN19.6", "DN25", "DN49", "DN17.2", "DN04.1", "DN43", "DN24", "DN20", "DN44", "DN31", "DN44.3", "DN52", "DN51", "DN15", "DN45.2", "DN48.1", "DN20.1", "DN19.2", "DN19.1"], "DISTRICT": "District7", "Capacity": 1787, "Population": 1799, "Area": 334607330.04046446, "Perimeter": 190081.19309486475, "F1": 0.006715719044679824, "F2": 0.8836230379445439, "F": 0.269787914714639}, "District8": {"MEMBERS": ["EL37", "EL39", "EL38", "EL36", "EL53", "EL45", "EL35.2", "EL44", "EL36.1", "EL43", "EL32", "EL30", "EL42", "EL40", "DN22", "EL31", "DN04", "DN53", "EL35", "EL35.1", "EL41.1", "DN04.2", "EL47", "EL51", "EL50", "DN02", "EL41", "EL46", "DS09.2", "DS09", "EL52", "DS11", "DS17.5", "DN36.11", "DN36.5", "DN36.14", "DN36.15"], "DISTRICT": "District8", "Capacity": 1498, "Population": 2074, "Area": 946571419.8605136, "Perimeter": 282184.5787239213, "F1": 0.38451334189243447, "F2": 0.8506185401002189, "F": 0.5243449013547697}, "District9": {"MEMBERS": ["WL29", "WL59", "WL29.1", "WL22.2", "WL26.4", "WL23", "WL59.1", "WL27.2", "WL24", "WL26.1", "WL12", "CL05", "WL25", "WL27", "WL26", "WL60", "WL28.1", "WL14.1", "WL26.2", "WL58", "WL26.3", "WL28", "WL57", "WL11", "WL47", "WL51", "WL13", "WL27.1", "WL11.1", "WL61", "WL58.1"], "DISTRICT": "District9", "Capacity": 1346, "Population": 771, "Area": 1029754026.9070797, "Perimeter": 285520.37332774885, "F1": 0.42719094036262306, "F2": 0.841266293482825, "F": 0.5514135462986836}, "District10": {"MEMBERS": ["DS13.4", "DS13.9", "DS13.8", "DS13", "DS16.1", "DS01", "DS13.2", "DS03", "DS13.6", "DS13.5", "DS15", "DS14.2", "DS13.14", "DS16.2", "DS13.13", "DS16", "DS14.4", "DS14", "DS14.1", "DS14.11", "DS14.3", "DS02", "DS14.8", "DS12.5", "DS14.5", "DS09.1", "DS12", "DS12.1", "DS16.3", "DS09.3", "DS12.4", "DS14.9", "DS14.6", "DS14.7"], "DISTRICT": "District10", "Capacity": 1858, "Population": 2294, "Area": 356184425.29574287, "Perimeter": 114246.85927711999, "F1": 0.2346614572946102, "F2": 0.6570772880152735, "F": 0.36138620651080916}, "District11": {"MEMBERS": ["DN47", "DN47.1", "DN51.1", "DN47.2", "DN34.1", "DN34.3", "DN45.1", "DN48", "DN32.4", "DN32.2", "DN46", "DN45", "DN34", "DN32.8", "DN36.12", "DN32", "DN46.2", "DN36.13", "DN46.1", "DN45.3", "DN44.1", "DN34.2", "DN48.2"], "DISTRICT": "District11", "Capacity": 1935, "Population": 1588, "Area": 151406949.1645463, "Perimeter": 107646.87008610867, "F1": 0.17932765282001217, "F2": 0.8358076726742416, "F": 0.37627165877628094}, "District12": {"MEMBERS": ["CL07.2", "CL05.1", "CL04", "WL12.1", "CL03", "WL62", "CL02", "CL07.1", "CL01", "WL04", "CL04.1", "CL08", "CL11", "WL55", "CL02.1", "CL38", "WL03", "WL03.1", "CL10.2", "WL03.3", "WL56", "WL02", "WL07", "CL10", "WL03.2", "WL03.5", "WL08", "CL09", "WL01", "WL52"], "DISTRICT": "District12", "Capacity": 1722, "Population": 1617, "Area": 2658737457.159451, "Perimeter": 483400.49123988627, "F1": 0.060975034489111346, "F2": 0.8570213660856779, "F": 0.29978893396808126}, "District13": {"MEMBERS": ["DS17.7", "DS07.7", "DS07.5", "DS07.8", "DS07.12", "DS07.6", "DS17", "DS07.1", "DS17.2", "DS13.3", "DS17.6", "DS13.7", "DS07.9", "DS13.1", "DS07", "DS12.6", "DS07.3", "DS07.11", "DS12.2", "DS06.5", "DS12.8", "DS06.8", "DS17.1", "DS19.1", "DS17.3", "DS06", "DS10", "DS13.12", "DS17.4", "DS06.1", "DS06.4", "DS19", "DS06.7", "DS12.3", "DS12.7", "DS13.11"], "DISTRICT": "District13", "Capacity": 2089, "Population": 2076, "Area": 498829892.7699739, "Perimeter": 199148.2463785723, "F1": 0.006222599300035436, "F2": 0.841944591348906, "F": 0.2569391969146965}, "District14": {"MEMBERS": ["DN01.4", "DN01.6", "DN01.2", "DN40", "DN01.1", "DN01.3", "DN39.1", "DN10.2", "DN09", "DN01", "DN06", "CL14.1", "DN01.5", "DN08.2", "DN07.1", "DN08.1", "CL34.4", "CL12", "DN08.4", "CL12.1", "DN07", "DN08.5", "CL10.1", "DN08.3", "CL34.6"], "DISTRICT": "District14", "Capacity": 1749, "Population": 2056, "Area": 246361148.53573313, "Perimeter": 152704.13189773195, "F1": 0.17552943867621829, "F2": 0.8672359453993461, "F": 0.38304139069315657}, "District15": {"MEMBERS": ["DN36.3", "DS11.1", "DN36.8", "DN36.7", "DN41", "DS08", "DN37", "DS04.1", "WL66", "DS07.2", "CL39", "WL67.1", "WL41", "DS07.4", "WL65", "DS04", "DN36.9", "DS08.1", "WL35", "DS05", "WL34", "DS08.2", "DS06.3", "WL45", "DS06.6", "WL44", "WL67", "DS06.2", "WL37"], "DISTRICT": "District15", "Capacity": 2148, "Population": 1042, "Area": 3122691315.5739584, "Perimeter": 455647.2943455107, "F1": 0.5148971158524344, "F2": 0.8109915032788115, "F": 0.6037254320803476}}, "district_ids": {"WL03.4": "District4", "WL03": "District12", "WL27.2": "District9", "WL32.1": "District4", "WL02": "District12", "WL01": "District12", "WL55": "District12", "WL56": "District12", "CL03": "District12",