{"solution": {"districts": {"District0": {"MEMBERS": ["EL03", "EL04", "EL08", "EL02", "EL35", "EL33", "EL06", "EL54", "EL09", "EL07", "EL01", "EL35.1", "EL36", "EL10", "EL22", "EL18", "EL23", "EL34", "EL55", "EL05", "EL35.2"], "DISTRICT": "District0", "Capacity": 1216, "Population": 1146, "Area": 294899194.5621082, "Perimeter": 128665.3605492127, "F1": 0.05756497485555123, "F2": 0.7761484181110132, "F": 0.2731400078321898}, "District1": {"MEMBERS": ["EL27", "EL29", "EL56", "EL25", "EL15", "EL16", "EL19", "EL49", "EL14", "EL32", "EL17", "EL11", "EL26", "EL28", "EL31", "EL13", "EL24", "EL21", "EL12", "EL20"], "DISTRICT": "District1", "Capacity": 1264, "Population": 1056, "Area": 139691030.54760695, "Perimeter": 83349.5931855998, "F1": 0.1645561774955998, "F2": 0.7473196810553122, "F": 0.3393852285635135}, "District2": {"MEMBERS": ["CL37", "CL28.1", "CL13", "CL37.2", "CL31", "CL27", "CL36", "CL28", "CL30", "CL35", "WL40", "WL37", "WL31", "WL38.1", "CL37.1", "WL41", "WL45", "DS18", "WL34", "WL42", "WL63", "CL32", "WL33", "CL28.3", "WL44", "CL34", "CL28.2", "WL43", "WL33.1"], "DISTRICT": "District2", "Capacity": 1255, "Population": 1154, "Area": 2990406064.8099003, "Perimeter": 585697.3584008397, "F1": 0.08047729816352756, "F2": 0.8904547632568681, "F": 0.32347053769152967}, "District3": {"MEMBERS": ["DN36.3", "DN36.4", "DS08", "DN36", "DN32.6", "DN36.16", "DN36.13", "DN36.14", "DS11.1", "DN32.1", "DN36.15", "DN42", "DN36.9", "DS07.2", "DN36.5", "DN50.3", "DN41", "DN37", "DS04"], "DISTRICT": "District3", "Capacity": 1269, "Population": 1068, "Area": 530428923.25869274, "Perimeter": 194195.37709619917, "F1": 0.15839165359817453, "F2": 0.8232500551172748, "F": 0.3578491740539046}, "District4": {"MEMBERS": ["WL30", "WL59", "WL22", "WL31.1", "WL22.1", "WL36", "WL32", "WL15", "WL17", "WL59.1", "WL38", "WL21", "WL16", "WL21.2", "WL35", "WL28", "WL20", "WL09", "WL22.2", "WL54", "WL10", "WL18", "WL53.2", "WL46", "WL39", "WL07", "WL03.4", "WL21.1", "WL09.1", "WL03", "WL53", "WL49", "WL03.1", "WL06", "WL48", "WL03.2", "WL02", "WL05", "WL01", "WL32.1", "WL03.3", "WL19", "WL08", "WL47", "WL53.1", "WL56", "WL52"], "DISTRICT": "District4", "Capacity": 1187, "Population": 1241, "Area": 3394006108.799756, "Perimeter": 566955.3735556117, "F1": 0.04549367274226057, "F2": 0.8673141130184843, "F": 0.29203980482512765}, "District5": {"MEMBERS": ["DN01.4", "DN01", "DN01.6", "DN02", "DN04.2", "DN01.1", "CL12.1", "CL12", "DN04", "CL17", "DN01.5", "DN01.2", "CL10.1", "CL10", "DN07.1", "DN03", "DN39.1"], "DISTRICT": "District5", "Capacity": 1242, "Population": 1007, "Area": 258282663.78542325, "Perimeter": 139188.96524801775, "F1": 0.1892101514556348, "F2": 0.8324688736453312, "F": 0.3821877681125437}, "District6": {"MEMBERS": ["DS17", "DS17.6", "DS17.4", "DS19.1", "DS17.1", "DS13.3", "DS17.2", "DS12.8", "DS17.3", "DS19", "DS09.2", "DS13.7", "DS17.7", "DS17.5", "DS15", "DS16.1", "DS13.1", "DS13.4", "DN53", "DS13.2", "DS16.2", "DS13.9", "DS09.1", "DS13", "DS14.4", "DS09.3", "DS07.12", "DS14.9"], "DISTRICT": "District6", "Capacity": 1388, "Population": 1539, "Area": 595010211.8128868, "Perimeter": 190976.73245026922, "F1": 0.10879033783292269, "F2": 0.7949907926417112, "F": 0.3146504742755592}, "District7": {"MEMBERS": ["CL15.3", "CL14.1", "CL34.4", "DN01.3", "CL34.6", "CL14.2", "CL34.1", "CL14", "DN40", "CL15.2", "CL15", "CL19", "CL17.1", "CL16", "CL18", "CL10.2", "DN10.2", "CL15.1", "CL19.1", "CL19.2"], "DISTRICT": "District7", "Capacity": 1197, "Population": 853, "Area": 165149111.63007027, "Perimeter": 81319.34254638515, "F1": 0.2873843000218521, "F2": 0.6861671589883612, "F": 0.40701915771180486}, "District8": {"MEMBERS": ["DN32.3", "DN44.4", "DN32.5", "DN32.2", "DN32.4", "DN32.8", "DN44.1", "DN44.5", "DN30", "DN32.7", "DN44.2", "DN32", "DN50", "DN50.2", "DN28", "DN43", "DN33", "DN34", "DN30.1", "DN36.6", "DN38", "DN50.1", "DN24.1", "DN24", "DN35", "DN28.1", "DN26", "DN31", "DN25", "DN27.1", "DN46", "DN44", "DN46.2", "DN44.3", "DN34.3"], "DISTRICT": "District8", "Capacity": 1260, "Population": 1885, "Area": 201483539.27333498, "Perimeter": 114195.64207018685, "F1": 0.49603252780926566, "F2": 0.8058441977604819, "F": 0.5889760287946305}, "District9": {"MEMBERS": ["DN17.1", "DN05.1", "DN19.3", "DN04.1", "DN17", "DN05.2", "DN19", "DN19.6", "DN15", "DN19.2", "DN07", "DN21", "DN05.3", "DN05", "DN15.1", "DN06", "DN17.2", "EL36.1", "DN19.5", "DN19.1", "DN19.4", "DN23", "DN14", "DN20.1", "DN13.1", "DN05.4", "DN29", "DN19.7", "DN27", "DN20"], "DISTRICT": "District9", "Capacity": 1241, "Population": 1220, "Area": 248303832.21367863, "Perimeter": 108167.2376166646, "F1": 0.016921039347936873, "F2": 0.733313022861148, "F": 0.23183863440190014}, "District10": {"MEMBERS": ["WL29.1", "WL28.1", "WL27.1", "WL29", "WL23", "WL14.1", "WL50", "WL14", "WL58.1", "WL25", "WL26.3", "WL24", "WL27.2", "WL58", "WL57", "CL06", "CL05", "WL60", "WL61", "WL26.2", "CL29", "WL12", "WL51", "WL26", "WL26.1", "WL27", "WL26.4", "WL13"], "DISTRICT": "District10", "Capacity": 1224, "Population": 389, "Area": 1002456580.4468336, "Perimeter": 252438.76310067213, "F1": 0.6821887280866934, "F2": 0.8023197198117684, "F": 0.718228025604216}, "District11": {"MEMBERS": ["EL38", "EL45", "EL52", "EL44", "EL39", "EL42", "EL47", "EL37", "EL40", "EL50", "EL51", "EL48", "EL43", "EL53", "EL46", "EL41", "EL30", "EL41.1"], "DISTRICT": "District11", "Capacity": 1169, "Population": 1169, "Area": 192503714.08778715, "Perimeter": 90408.82898552997, "F1": 8.468776659942279e-07, "F2": 0.7040439046923828, "F": 0.211213764222081}, "District12": {"MEMBERS": ["DS12.5", "DS13.14", "DS14.1", "DS14", "DS02", "DS14.5", "DS12.4", "DS14.11", "DS13.6", "DS14.3", "DS14.8", "DS12.1", "DS01", "DS13.5", "DS13.13", "DS12", "DS12.7", "DS14.6", "DS14.7", "DS13.11", "DS16", "DS13.8", "DS14.2", "DS12.3", "DS16.3", "DS03"], "DISTRICT": "District12", "Capacity": 1452, "Population": 1370, "Area": 313230721.9745967, "Perimeter": 134097.3645882383, "F1": 0.056473146993986645, "F2": 0.7811060642543705, "F": 0.27386302217210173}, "District13": {"MEMBERS": ["CL07.2", "CL08", "CL11", "CL07", "CL24", "CL26", "CL23", "CL32.1", "CL34.3", "CL34.5", "CL25.1", "CL32.2", "CL09", "CL34.2", "CL04.1", "CL21", "CL21.1", "CL20.1", "CL05.1", "CL07.1", "CL04", "WL62", "WL11", "CL38", "CL02.1", "CL20.2", "WL55", "CL33", "WL11.1", "WL04", "CL25", "WL03.5", "CL20", "WL12.1", "CL02", "CL01", "CL22", "CL03"], "DISTRICT": "District13", "Capacity": 1215, "Population": 1468, "Area": 1915973838.7127337, "Perimeter": 435839.28744190285, "F1": 0.20823126577587425, "F2": 0.873250373838847, "F": 0.40773699819476605}, "District14": {"MEMBERS": ["DN51", "DN51.1", "DN52", "DN48.2", "DN48.1", "DN48", "DN22", "DN36.12", "DN49", "DN36.1", "DS11", "DN47", "DN36.2", "DN36.11", "DN36.8", "DS09", "DN36.7", "DN46.1", "DN47.1", "DN45.3", "DN47.2", "DN34.2", "DN23.1", "DN34.1", "DN45.1", "DN45.2", "DN45"], "DISTRICT": "District14", "Capacity": 1339, "Population": 1511, "Area": 417880079.8481594, "Perimeter": 205570.3386677894, "F1": 0.12845480860003877, "F2": 0.8757373444885352, "F": 0.3526395693665877}, "District15": {"MEMBERS": ["DN08.4", "DN09", "DN08.3", "DN10", "DN16", "DN08", "DN08.5", "DN10.1", "DN18", "DN08.1", "DN39", "DN13", "DN11", "DN12", "DN13.2", "DN14.1", "DN05.5", "DN08.2"], "DISTRICT": "District15", "Capacity": 1269, "Population": 972, "Area": 135161067.4862686, "Perimeter": 72505.00056074512, "F1": 0.23404177120534464, "F2": 0.6769084820993396, "F": 0.3669017844735431}, "District16": {"MEMBERS": ["DS07.11", "DS07.4", "DS07.3", "DS07.5", "DS06.4", "DS07.6", "DS10", "DS06.5", "DS06.7", "DS07.1", "DS06", "DS08.1", "DS07.8", "DS07.9", "DS07.7", "DS07", "DS06.6", "DS04.1", "DS12.2", "WL67.1", "DS08.2", "DS12.6", "DS05", "WL67", "WL66", "CL39", "WL65", "DS06.8", "DS06.3", "DS06.1", "DS13.12", "DS06.2"], "DISTRICT": "District16", "Capacity": 1445, "Population": 1011, "Area": 1735516131.7363105, "Perimeter": 365752.40170230274, "F1": 0.30034533356162396, "F2": 0.8369712698966615,