{"solution": {"districts": {"District0": {"MEMBERS": ["CL27", "CL06", "CL28.1", "CL05", "CL28.2", "CL28", "CL37.1", "CL07", "CL29", "WL24", "WL39", "CL26", "CL08", "WL23", "WL40", "WL12", "WL13", "WL11.1", "WL57", "WL51", "CL09", "CL20.2", "CL21.1", "CL21", "CL20.1", "CL39", "CL20"], "DISTRICT": "District0", "Capacity": 1361, "Population": 1390, "Area": 1216986549.4076746, "Perimeter": 452309.19406556076, "F1": 0.021308589116028065, "F2": 0.9252476567693023, "F": 0.29249030941201026}, "District1": {"MEMBERS": ["EL27", "EL14", "EL56", "EL29", "EL30", "EL15", "EL25", "EL28", "EL21", "EL13", "EL26", "EL19", "EL16", "EL11", "EL24", "EL10", "EL22", "EL18", "EL55", "EL20", "EL49", "EL17", "EL23"], "DISTRICT": "District1", "Capacity": 1423, "Population": 1889, "Area": 194188826.94237065, "Perimeter": 66255.13919876865, "F1": 0.3274778543395793, "F2": 0.44410219297222253, "F": 0.3624651559293723}, "District2": {"MEMBERS": ["DN33", "DN32.4", "DN32.1", "DN47.2", "DN42", "DN36.1", "DN51.1", "DN44.1", "DN36", "DN44", "DN50.3", "DN24.1", "CL35", "DN32.3", "DN32.8", "DN44.3", "DN30", "DN34.1", "DN32.2", "DN32.5", "DN45.2", "DN50", "DN34.2", "DN44.2", "DN46", "DN23.1", "DN44.4", "DN32"], "DISTRICT": "District2", "Capacity": 1855, "Population": 2268, "Area": 338560448.0649323, "Perimeter": 207938.2413512104, "F1": 0.2226420419264581, "F2": 0.9016040208861331, "F": 0.4263306356143606}, "District3": {"MEMBERS": ["EL09", "EL08", "EL04", "EL05", "EL06", "EL02", "EL54", "EL35.1", "EL36", "DN21", "EL50", "EL03", "EL07", "EL12", "EL01", "EL34", "DN04.1", "DN17.2", "DN05.2", "DN04", "DN07", "DN05.1", "DN20.1", "DN04.2"], "DISTRICT": "District3", "Capacity": 1438, "Population": 1654, "Area": 363115339.19299144, "Perimeter": 186855.44493382034, "F1": 0.1502093104992399, "F2": 0.8693098236189789, "F": 0.36593946443516157}, "District4": {"MEMBERS": ["WL22.1", "WL50", "WL21.2", "WL61", "WL22.2", "WL15", "WL10", "WL29.1", "WL17", "WL26.3", "WL53", "WL26.1", "WL53.1", "WL09", "WL26", "WL09.1", "WL27", "WL52", "WL14.1", "WL54", "WL60", "WL27.1", "WL27.2", "WL26.4", "WL58.1", "WL53.2", "WL14", "WL08", "WL20", "WL07", "WL58", "WL06", "WL01", "WL03.5", "WL03.2", "WL03.3", "WL16"], "DISTRICT": "District4", "Capacity": 1669, "Population": 699, "Area": 2034102647.7879112, "Perimeter": 397730.04431367805, "F1": 0.5811857424734228, "F2": 0.8384131808328588, "F": 0.6583539739812536}, "District5": {"MEMBERS": ["DN13", "DN11", "DN10", "DN13.1", "DN09", "DN14.1", "DN08.5", "DN15.1", "DN10.1", "DN15", "DN08.3", "DN50.1", "DN16", "DN17", "DN50.2", "DN05", "DN13.2", "DN05.4", "DN39", "DN05.5", "DN39.1", "DN18"], "DISTRICT": "District5", "Capacity": 1651, "Population": 1349, "Area": 133808097.97166263, "Perimeter": 115756.60009200829, "F1": 0.182918842017451, "F2": 0.8745124222472407, "F": 0.3903969160863879}, "District6": {"MEMBERS": ["CL13", "CL37.2", "CL31", "CL37", "CL28.3", "CL32.1", "CL30", "DS18", "DS04.1", "WL63", "CL32", "CL34", "WL66", "WL65", "CL25", "WL45", "DS06.7", "CL25.1", "WL44", "DS06.3", "CL22", "CL33", "WL43", "CL19.1", "DS05", "DS06.1", "WL42", "CL23", "DS10", "WL67.1", "WL33.1", "CL32.2", "CL24", "DS06.2", "WL67"], "DISTRICT": "District6", "Capacity": 1687, "Population": 1341, "Area": 3089920942.322629, "Perimeter": 564114.4507578489, "F1": 0.2050972187012613, "F2": 0.8779823147938701, "F": 0.40696274752904393}, "District7": {"MEMBERS": ["DN27", "DN19.1", "DN25", "DN29", "DN19.7", "DN12", "DN28.1", "DN19.2", "DN43", "DN30.1", "DN35", "DN27.1", "DN20", "DN31", "DN44.5", "DN26", "DN38", "DN23", "DN28", "DN19.3", "DN19", "DN14", "DN17.1", "DN05.3", "DN19.6", "DN24", "DN19.4", "DN19.5"], "DISTRICT": "District7", "Capacity": 1787, "Population": 1766, "Area": 129562357.41444646, "Perimeter": 81903.98906660108, "F1": 0.01175098482512038, "F2": 0.757295070603957, "F": 0.23541421055877132}, "District8": {"MEMBERS": ["EL37", "EL47", "EL51", "EL33", "EL35.2", "EL32", "EL48", "EL31", "EL39", "EL38", "EL44", "EL43", "EL35", "EL45", "EL52", "EL46", "EL53"], "DISTRICT": "District8", "Capacity": 1498, "Population": 1422, "Area": 145653243.95386636, "Perimeter": 73976.52484236994, "F1": 0.05073365119670459, "F2": 0.6655415490883407, "F": 0.2351760205641954}, "District9": {"MEMBERS": ["WL29", "WL59", "WL30", "WL22", "WL21.1", "WL49", "WL37", "WL59.1", "WL38", "WL21", "WL32", "WL48", "WL28", "WL38.1", "WL19", "WL34", "WL41", "WL35", "WL28.1", "WL46", "WL31.1", "WL18", "WL33", "WL36", "WL32.1", "WL25", "WL31", "WL26.2"], "DISTRICT": "District9", "Capacity": 1346, "Population": 1507, "Area": 1724348664.6644628, "Perimeter": 394704.52714879345, "F1": 0.11961440475769392, "F2": 0.860911656845277, "F": 0.3420035803839688}, "District10": {"MEMBERS": ["DS13.4", "DS13.1", "DS19", "DS12", "DS12.3", "DS13.2", "DS13", "DS12.7", "DS12.5", "DS14.11", "DS13.11", "DS07", "DS14.2", "DS01", "DS14.1", "DS13.7", "DS07.9", "DS07.6", "DS17.5", "DS13.8", "DS16.1", "DS13.13", "DS14.5", "DS14.9", "DS16.2", "DS14.4", "DS07.3", "DS13.9", "DS03", "DS14.3", "DS12.1", "DS12.4", "DS13.14", "DS13.6", "DS07.1", "DS13.5", "DS14.7"], "DISTRICT": "District10", "Capacity": 1858, "Population": 2221, "Area": 488428675.90043557, "Perimeter": 160220.59405164042, "F1": 0.19537189884084039, "F2": 0.760902881387378, "F": 0.36503119360480163}, "District11": {"MEMBERS": ["DN47", "DN51", "DN48", "DN47.1", "DN46.1", "DN52", "DN48.2", "DN22", "DN34", "EL40", "DN46.2", "DN49", "DN48.1", "DN45.3", "DN34.3", "DN32.7", "DN45.1", "DN45"], "DISTRICT": "District11", "Capacity": 1935, "Population": 1182, "Area": 272718637.94857776, "Perimeter": 150982.57014254422, "F1": 0.38914677318270396, "F2": 0.8496612083631394, "F": 0.5273011037368346}, "District12": {"MEMBERS": ["CL07.2", "CL05.1", "CL04.1", "CL10", "CL10.2", "WL62", "WL12.1", "CL38", "CL11", "WL11", "CL10.1", "WL56", "CL03", "CL07.1", "WL55", "CL01", "WL47", "CL18", "CL02", "WL04", "CL02.1", "WL05", "WL03", "WL03.1", "WL03.4", "WL02", "CL19.2", "CL04"], "DISTRICT": "District12", "Capacity": 1722, "Population": 1411, "Area": 2358641357.378928, "Perimeter": 415112.3554243927, "F1": 0.18060337293493978, "F2": 0.8279952447786281, "F": 0.3748209344880462}, "District13": {"MEMBERS": ["DS17.7", "DS17.2", "DS17.1", "DS07.12", "DS09", "DS07.7", "DS17.3", "DS07.8", "DS07.5", "DS17.4", "DS09.2", "DS19.1", "DS17", "DN53", "DS13.3", "EL41.1", "EL41", "DS12.8", "EL42", "DS15", "DS09.3", "DS12.2", "DS13.12", "DS12.6", "DS09.1", "DS17.6", "DS16", "DS16.3", "DS14.8", "DS14.6", "DS14", "DS02"], "DISTRICT": "District13", "Capacity": 2089, "Population": 2185, "Area": 701741817.3327186, "Perimeter": 228509.38544067802, "F1": 0.04595547608446404, "F2": 0.8311196436707835, "F": 0.28150472636035984}, "District14": {"MEMBERS": ["DN01.4", "DN01.3", "DN01", "DN02", "DN07.1", "DN01.5", "DN40", "DN01.1", "DN08", "DN10.2", "DN01.6", "DN03", "CL34.2", "DN06", "DN01.2", "CL12", "DN08.2", "CL17", "CL14.1", "DN08.1", "CL34.5", "CL14.2", "EL36.1", "CL17.1", "DN08.4", "CL34.4", "CL12.1", "CL34.3", "CL16", "CL14", "CL19", "CL15.2", "CL15", "CL15.1", "CL34.6", "CL15.3", "CL34.1"], "DISTRICT": "District14", "Capacity": 1749, "Population": 2889, "Area": 506911173.45940846, "Perimeter": 208375.63997597422, "F1": 0.6518015914705457, "F2": 0.853294013917329, "F": 0.7122493182045807}, "District15": {"MEMBERS": ["DN36.3", "DS11.1", "DN36.7", "DN37", "DS11", "DN36.11", "DN36.12", "DN32.6", "DN36.2", "DN36.9", "DN36.4", "DN36.16", "DN36.8", "DS08", "DN36.6", "DN41", "DS08.1", "DN36.13", "DS08.2", "DS04", "DS06.6", "DS07.2", "DN36.5", "DS07.4", "CL36", "DN36.14", "DS06.5", "DS06", "DS07.11", "DS06.8", "DS06.4", "DN36.15"], "DISTRICT": "District15", "Capacity": 2148, "Population": 1555, "Area": 831694039.1352152, "Perimeter": 297595.8527815934, "F1": 0.27607030132183297, "F2": 0.8819897573186442, "F": 0.45784613812087627}}, "district_ids": {"WL03.4": "District12", "WL03": "District12", "WL27.2": "District4", "WL32.1": "District9", "WL02": "District12", "WL01": "District4", "WL55": "District12", "WL56": "District12", "CL03": "District12",