{"solution": {"districts": {"District0": {"MEMBERS": ["CL27", "CL37", "CL32", "CL28", "CL26", "CL34", "CL06", "WL25", "WL39", "WL27", "CL24", "CL23", "CL05", "CL25", "WL27.2", "CL32.1", "CL32.2", "WL24", "WL26.1", "WL12.1", "CL30", "CL39", "CL25.1", "WL62", "CL21", "WL28", "CL19.1", "WL51", "WL12", "CL19.2", "WL26", "WL26.2", "CL22", "WL38.1", "WL63"], "DISTRICT": "District0", "Capacity": 1361, "Population": 1495, "Area": 1158368638.5888803, "Perimeter": 399609.6798473263, "F1": 0.09845774358223558, "F2": 0.9088441267971623, "F": 0.34157365854671357}, "District1": {"MEMBERS": ["EL27", "EL29", "EL48", "EL51", "EL15", "EL47", "EL46", "EL12", "EL52", "EL38", "EL14", "EL32", "EL28", "EL16", "EL56", "EL19", "EL44", "EL21", "EL45", "EL25", "EL24", "EL53", "EL23", "EL20", "EL26"], "DISTRICT": "District1", "Capacity": 1423, "Population": 2221, "Area": 200514829.97354844, "Perimeter": 124532.59676050395, "F1": 0.5607877613437264, "F2": 0.8375236051253986, "F": 0.643808514478228}, "District2": {"MEMBERS": ["DN33", "DN32.4", "DN34", "DN44.1", "DN34.3", "DN44", "DN44.4", "DN30", "DN44.2", "DN43", "DN32.5", "DN32", "DN44.5", "DN32.3", "DN32.8", "DN45", "DN32.1", "DN45.1", "DN45.3", "DN46.2", "DN45.2", "DN32.2", "DN32.7"], "DISTRICT": "District2", "Capacity": 1855, "Population": 1634, "Area": 138744974.00664708, "Perimeter": 105498.28809337312, "F1": 0.11913693197230768, "F2": 0.8433478719289074, "F": 0.33640021395928754}, "District3": {"MEMBERS": ["EL09", "EL03", "EL04", "EL06", "EL07", "EL10", "EL22", "EL11", "EL17", "EL34", "EL33", "EL55", "EL35.2", "EL49", "EL08", "EL13", "EL18", "EL35", "EL02", "EL54", "EL01", "DN03", "EL05"], "DISTRICT": "District3", "Capacity": 1438, "Population": 1752, "Area": 268052533.49598157, "Perimeter": 107874.16902726937, "F1": 0.21835951864840397, "F2": 0.7105358036627432, "F": 0.3660124041527057}, "District4": {"MEMBERS": ["WL22.1", "WL15", "WL49", "WL21.2", "WL32", "WL17", "WL16", "WL20", "WL09.1", "WL35", "WL09", "WL18", "WL54", "WL52", "WL46", "WL40", "WL53.2", "WL19", "WL66", "WL65", "WL37", "DS04.1", "WL38", "WL30", "WL59", "WL50", "WL31", "WL34", "WL32.1", "WL48"], "DISTRICT": "District4", "Capacity": 1669, "Population": 1337, "Area": 2741572983.233677, "Perimeter": 627955.7734722911, "F1": 0.1989209155247399, "F2": 0.912632167744099, "F": 0.4130342911905476}, "District5": {"MEMBERS": ["DN13", "DN12", "DN13.2", "DN29", "DN35", "DN25", "DN28.1", "DN19.6", "DN13.1", "DN15.1", "DN16", "DN17", "DN05.5", "DN15", "DN14", "DN39", "DN05.1", "DN19.5", "DN17.1", "DN05.2", "DN14.1", "DN05.4", "DN19", "DN18"], "DISTRICT": "District5", "Capacity": 1651, "Population": 1444, "Area": 102975838.24131222, "Perimeter": 66820.12769257583, "F1": 0.12537795805343455, "F2": 0.7101785016199618, "F": 0.3008181211233927}, "District6": {"MEMBERS": ["CL13", "CL33", "CL31", "DS18", "CL34.2", "CL37.1", "CL28.2", "CL34.1", "CL28.1", "CL36", "DN10.2", "CL37.2", "CL14.1", "DN08", "CL34.4", "CL34.5", "DN40", "DN39.1", "DN50.1", "CL14.2", "CL15.3", "CL19", "CL28.3", "CL12.1", "DN08.3", "CL34.3", "CL34.6", "CL29"], "DISTRICT": "District6", "Capacity": 1687, "Population": 1454, "Area": 819333049.2157155, "Perimeter": 283069.98789364507, "F1": 0.13811440937691521, "F2": 0.8715060485991033, "F": 0.3581319011435716}, "District7": {"MEMBERS": ["DN27", "DN27.1", "DN38", "DN50.2", "DN19.1", "DN31", "DN26", "DN10.1", "DN10", "DN28", "DN09", "DN08.2", "DN23", "DN21", "DN50", "DN30.1", "DN19.2", "DN24.1", "DN19.7", "DN46", "DN20", "DN19.3", "DN11", "DN08.4", "DN19.4", "DN20.1", "DN08.5", "DN08.1"], "DISTRICT": "District7", "Capacity": 1787, "Population": 1872, "Area": 254978963.93927363, "Perimeter": 177969.64508965384, "F1": 0.047566306393025615, "F2": 0.8988368491751851, "F": 0.3029474692276734}, "District8": {"MEMBERS": ["EL37", "EL31", "EL30", "EL39", "EL36", "EL42", "EL35.1", "EL36.1", "EL50", "DN04.2", "EL43", "DN04"], "DISTRICT": "District8", "Capacity": 1498, "Population": 867, "Area": 162075569.04252538, "Perimeter": 120294.30165528598, "F1": 0.4212276407127661, "F2": 0.8592535957189888, "F": 0.5526354272146329}, "District9": {"MEMBERS": ["WL29", "WL22.2", "WL23", "WL60", "WL22", "WL58", "WL26.3", "WL14.1", "WL29.1", "WL28.1", "WL10", "WL06", "WL14", "WL58.1", "WL21.1", "WL31.1", "WL36", "WL07", "WL13", "WL03.4", "WL26.4", "WL05", "WL03.3", "WL03.5", "WL03.1", "WL02", "WL47", "WL27.1", "WL03.2", "WL61", "WL53", "WL59.1", "WL53.1", "WL21", "WL08", "WL57", "WL01"], "DISTRICT": "District9", "Capacity": 1346, "Population": 1022, "Area": 2015650143.4315867, "Perimeter": 466958.3531561417, "F1": 0.2407124870675149, "F2": 0.8838367590057677, "F": 0.43364976864899074}, "District10": {"MEMBERS": ["DS13.4", "DS13", "DS14.7", "DS13.5", "DS14.2", "DS03", "DS14.3", "DS12", "DS07", "DS14", "DS02", "DS14.4", "DS01", "DS13.9", "DS13.7", "DS17.4", "DS12.6", "DS14.8", "DS13.1", "DS19", "DS14.6", "DS14.11", "DS16", "DS17.5", "DS12.7", "DS13.2", "DS09.1", "DS13.12", "DS19.1", "DS12.5", "DS14.5", "DS13.6", "DS12.1", "DS16.3", "DS12.4", "DS13.14", "DS14.1", "DS13.11", "DS14.9"], "DISTRICT": "District10", "Capacity": 1858, "Population": 2801, "Area": 402394242.6825723, "Perimeter": 149742.39069342238, "F1": 0.5075355139529845, "F2": 0.7744867326254783, "F": 0.5876208795547326}, "District11": {"MEMBERS": ["DN47", "DN47.1", "DN36.1", "DN52", "DN51", "DN34.2", "DN48.1", "DN36.6", "DN47.2", "DN36", "DN48", "DN36.7", "DN34.1", "DN44.3", "DN49", "DN22", "DN36.16", "EL40", "DN23.1", "DN36.4", "DN46.1", "DN36.9", "EL41", "DN48.2", "DN24", "DN36.2"], "DISTRICT": "District11", "Capacity": 1935, "Population": 2131, "Area": 394202901.1832763, "Perimeter": 185956.2094097287, "F1": 0.10129250076851437, "F2": 0.8567454876549585, "F": 0.3279283968344476}, "District12": {"MEMBERS": ["CL07.2", "CL08", "CL05.1", "CL04.1", "CL38", "CL09", "CL07", "CL03", "CL07.1", "CL02", "CL18", "CL20.2", "CL02.1", "CL16", "WL55", "CL20", "WL11", "CL10", "WL56", "CL01", "CL04", "WL04", "CL15", "CL21.1", "WL03", "CL15.2", "CL20.1", "WL11.1", "CL15.1"], "DISTRICT": "District12", "Capacity": 1722, "Population": 1749, "Area": 1790435791.749096, "Perimeter": 372792.4054763072, "F1": 0.015680017330545803, "F2": 0.8381046025097019, "F": 0.26240739288429255}, "District13": {"MEMBERS": ["DS17.7", "DS17.2", "DS07.5", "DS07.6", "DS07.3", "DS07.2", "DS17.1", "DS07.1", "DS06.7", "DS04", "DS09", "DS06", "DS08.1", "DS06.3", "DS06.1", "DS05", "DS06.4", "DS10", "DS07.4", "DS06.8", "DS12.2", "DS07.12", "DS07.8", "DS17.3", "DS07.9", "DS12.8", "DS13.3", "DS09.2", "WL67.1", "DS06.5", "WL67", "DS17", "WL45", "DS07.11", "DS17.6", "DS07.7", "WL41", "WL44", "WL43", "DS06.2", "WL33", "DS06.6", "DS12.3", "WL42", "WL33.1"], "DISTRICT": "District13", "Capacity": 2089, "Population": 1981, "Area": 2838927308.3152432, "Perimeter": 548623.7864918219, "F1": 0.05169890353423223, "F2": 0.8814736610826354, "F": 0.3006313307987531}, "District14": {"MEMBERS": ["DN01.4", "DN01.3", "DN01", "CL12", "DN02", "CL10.1", "CL10.2", "CL11", "DN01.6", "DN01.2", "DN01.5", "CL17", "DN07.1", "CL17.1", "DN07", "DN06", "DN01.1", "CL14", "DN04.1", "DN05.3", "DN05", "DN17.2"], "DISTRICT": "District14", "Capacity": 1749, "Population": 1952, "Area": 261225602.73623794, "Perimeter": 171976.8901453886, "F1": 0.11606688898761064, "F2": 0.8890095988018247, "F": 0.3479497019318748}, "District15": {"MEMBERS": ["DN36.3", "DS11", "DN36.8", "DN36.12", "DN41", "DS08", "DN42", "DN32.6", "DN37", "DS08.2", "CL35", "DN36.13", "DS11.1", "DN50.3", "DN51.1", "DN36.11", "DN53", "DN36.15", "DN36.14", "DN36.5", "EL41.1", "DS15", "DS13.8", "DS13.13", "DS09.3", "DS16.1", "DS16.2"], "DISTRICT": "District15", "Capacity": 2148, "Population": 1016, "Area": 980929445.150413, "Perimeter": 334181.3580456846, "F1": 0.5270013988500867, "F2": 0.8896218283171662, "F": 0.6357875276902105}}, "district_ids": {"WL03.4": "District9", "WL03": "District12", "WL27.2": "District0", "WL32.1": "District4", "WL02": "District9", "WL01": "District9", "WL55": "District12", "WL56": "District12", "CL03": "District12",