{"solution": {"districts": {"District0": {"MEMBERS": ["EL03", "EL04", "EL08", "EL05", "EL35", "EL35.1", "EL36.1", "EL06", "DN03", "DN04.1", "DN05.1", "EL33", "EL09", "EL54", "DN04", "EL02", "EL11", "EL01", "DN07", "DN07.1", "EL16", "EL07", "DN39.1", "EL19", "EL10", "EL17", "EL18"], "DISTRICT": "District0", "Capacity": 1216, "Population": 1373, "Area": 358941468.8628968, "Perimeter": 166872.8106130724, "F1": 0.12911265518821824, "F2": 0.8380196480731529, "F": 0.3417847530536986}, "District1": {"MEMBERS": ["EL27", "EL29", "EL56", "EL48", "EL28", "EL15", "EL31", "EL13", "EL32", "EL51", "EL25", "EL14", "EL26", "EL20", "EL34", "EL24", "EL12", "EL21", "EL55", "EL30", "EL23", "EL49", "EL22"], "DISTRICT": "District1", "Capacity": 1264, "Population": 1173, "Area": 180068933.00608042, "Perimeter": 94504.80102508905, "F1": 0.07199288708866391, "F2": 0.7466383311045157, "F": 0.2743865202934194}, "District2": {"MEMBERS": ["CL37", "CL37.1", "CL26", "CL25", "CL28.1", "CL34.3", "CL32.1", "CL34.5", "CL34.1", "CL33", "CL32", "CL34.2", "DN50.1", "CL29", "CL24", "CL34", "CL32.2", "CL37.2", "WL39", "CL28", "WL63", "CL06", "CL28.3", "CL27", "CL13"], "DISTRICT": "District2", "Capacity": 1255, "Population": 920, "Area": 690203993.5533557, "Perimeter": 229922.66224956806, "F1": 0.26693147994476907, "F2": 0.8359320419902753, "F": 0.4376316485584209}, "District3": {"MEMBERS": ["DN36.3", "DN36.8", "DN41", "DN36.2", "DN37", "DS04.1", "DS06.7", "DS05", "DS06.3", "DN36.6", "DN32.6", "DS06.6", "CL36", "DS08.2", "DS06.1", "DS11.1", "DN36.7", "CL35", "WL66", "DN36.1", "DS08.1", "WL67", "DN47.2", "DN33", "DN34", "DN36", "DN36.9", "DN36.13", "DN36.16", "DN36.12", "DN32.4", "WL67.1", "WL45", "DN51.1", "DS04", "DS06.2"], "DISTRICT": "District3", "Capacity": 1269, "Population": 1907, "Area": 1948064870.1653118, "Perimeter": 458424.79963239876, "F1": 0.5027588534061556, "F2": 0.8835131044893284, "F": 0.6169851287311074}, "District4": {"MEMBERS": ["WL30", "WL31", "WL37", "WL40", "WL59.1", "WL38.1", "WL31.1", "WL35", "CL30", "WL38", "WL28", "WL27.1", "CL31", "DS18", "WL41", "WL32", "WL27", "WL49", "CL39", "WL44", "WL65", "WL43", "CL28.2", "WL33", "WL34", "WL36", "WL48", "WL46", "WL21.1", "WL19", "WL42", "WL32.1", "WL33.1", "WL20"], "DISTRICT": "District4", "Capacity": 1187, "Population": 1007, "Area": 3366929592.934501, "Perimeter": 507066.9296215546, "F1": 0.15164196165423793, "F2": 0.8354441506943828, "F": 0.3567826183662814}, "District5": {"MEMBERS": ["DN01.4", "DN01.2", "DN01.5", "DN01.6", "DN01", "DN02", "DN40", "CL14", "DN04.2", "CL12.1", "CL17"], "DISTRICT": "District5", "Capacity": 1242, "Population": 725, "Area": 144611490.58489674, "Perimeter": 102851.76397520794, "F1": 0.41626328972412807, "F2": 0.8282134421728267, "F": 0.5398483354587376}, "District6": {"MEMBERS": ["DS17", "DS17.4", "DS13.7", "DS17.2", "DS19", "DS17.5", "DS07.12", "DS17.6", "DS09.2", "DS17.1", "DS13.3", "DS12.8", "DS13.12", "DS12.6", "DS09", "DS17.3", "DS12.3", "DS19.1"], "DISTRICT": "District6", "Capacity": 1388, "Population": 1059, "Area": 127708569.94795921, "Perimeter": 97454.22593761509, "F1": 0.23703098532398426, "F2": 0.8310226273452678, "F": 0.41522847793036927}, "District7": {"MEMBERS": ["CL15.3", "CL19", "CL19.2", "CL15", "CL15.1", "CL15.2", "CL17.1", "CL18", "CL14.2", "CL19.1", "CL16", "CL14.1", "CL21.1", "DN01.3", "CL25.1", "DN01.1", "CL21", "CL10.1", "CL12", "CL34.4", "CL20.1", "CL34.6"], "DISTRICT": "District7", "Capacity": 1197, "Population": 936, "Area": 146791157.5394731, "Perimeter": 121150.69913082676, "F1": 0.21804428389269603, "F2": 0.874322390968864, "F": 0.41492771601554634}, "District8": {"MEMBERS": ["DN32.3", "DN32.5", "DN30", "DN50.2", "DN50.3", "DN31", "DN44", "DN44.3", "DN30.1", "DN32.1", "DN44.5", "DN44.1", "DN50", "DN32.2", "DN42", "DN32", "DN44.4", "DN32.8"], "DISTRICT": "District8", "Capacity": 1260, "Population": 1156, "Area": 210801221.54714555, "Perimeter": 103878.90950831641, "F1": 0.08253889617032617, "F2": 0.7545131555203558, "F": 0.28413117397533505}, "District9": {"MEMBERS": ["DN17.1", "DN17", "DN05.3", "DN05", "DN05.5", "DN18", "DN05.2", "DN16", "DN05.4", "DN15.1", "DN19.3", "DN20.1", "DN06", "DN17.2", "DN20", "DN23", "DN15", "DN19.5", "DN27", "DN19.6", "DN19.2", "DN24.1", "DN26", "DN27.1", "DN38", "DN19.4", "DN19", "DN25", "DN43", "DN44.2", "DN19.7", "DN19.1"], "DISTRICT": "District9", "Capacity": 1241, "Population": 1313, "Area": 145341618.1916028, "Perimeter": 84839.16964708145, "F1": 0.05801852491524162, "F2": 0.7462494240320399, "F": 0.26448779465028105}, "District10": {"MEMBERS": ["WL29.1", "WL26.4", "WL26.3", "WL29", "WL22", "WL21", "WL59", "WL23", "WL26.1", "WL26", "WL24", "WL27.2", "WL25", "WL22.1", "WL21.2", "WL22.2", "CL05", "WL60", "WL61", "WL12", "WL58", "WL15", "WL14.1", "WL13", "WL11.1", "WL53.2", "WL50", "WL17", "WL54", "WL14", "WL18", "WL51", "WL28.1", "WL26.2", "WL10", "WL58.1", "WL53.1", "WL53", "WL52"], "DISTRICT": "District10", "Capacity": 1224, "Population": 597, "Area": 1478509325.8491642, "Perimeter": 434082.27258435026, "F1": 0.5122540889521725, "F2": 0.9013970673305927, "F": 0.6289969824656985}, "District11": {"MEMBERS": ["EL38", "EL45", "EL52", "EL37", "EL39", "EL50", "EL36", "EL35.2", "EL53", "EL43", "EL47", "EL44", "DN21", "EL42", "EL46", "DN22", "DN23.1", "EL40", "DN46", "DN45", "DN45.2", "DN24", "DN45.1", "DN45.3", "DN46.1", "DN46.2"], "DISTRICT": "District11", "Capacity": 1169, "Population": 1347, "Area": 386376410.1771277, "Perimeter": 144655.46925390608, "F1": 0.1522677403569912, "F2": 0.767966468342703, "F": 0.3369773587527047}, "District12": {"MEMBERS": ["DS12.5", "DS03", "DS14.1", "DS13.14", "DS12", "DS13.11", "DS14.11", "DS13.5", "DS12.1", "DS13", "DS13.1", "DS07", "DS07.9", "DS07.1", "DS12.7", "DS13.6", "DS13.2", "DS13.9", "DS14", "DS14.8", "DS16", "DS12.4", "DS14.6", "DS13.8", "DS14.5", "DS14.3", "DS02", "DS16.3", "DS14.2", "DS01", "DS13.4", "DS14.7"], "DISTRICT": "District12", "Capacity": 1452, "Population": 1820, "Area": 417429108.81690884, "Perimeter": 165889.4582076418, "F1": 0.25344420624349717, "F2": 0.8093859024904877, "F": 0.4202267151175943}, "District13": {"MEMBERS": ["CL07.2", "CL10", "CL04", "CL10.2", "CL08", "CL04.1", "WL62", "CL09", "CL20.2", "CL20", "CL38", "CL22", "WL12.1", "CL11", "CL23", "WL11", "WL56", "WL55", "CL05.1", "WL05", "CL07", "WL47", "WL04", "WL03.5", "WL03", "WL06", "WL02", "WL03.1", "CL02.1", "CL07.1", "CL02", "WL08", "CL03", "WL03.4", "CL01", "WL01", "WL57", "WL09", "WL03.3", "WL07", "WL09.1", "WL16", "WL03.2"], "DISTRICT": "District13", "Capacity": 1215, "Population": 1553, "Area": 3698467973.87081, "Perimeter": 448275.5752097574, "F1": 0.2781901129367068, "F2": 0.7687181388980601, "F": 0.42534852072511276}, "District14": {"MEMBERS": ["DN51", "DN52", "DN53", "DS11", "EL41.1", "DS15", "DS09.1", "DS09.3", "DN49", "DN47", "DN47.1", "DN48", "DN34.2", "DS16.1", "DN36.11", "DS14.4", "DN34.1", "DS13.13", "DS16.2", "DN36.15", "DN34.3", "EL41", "DN48.1", "DN32.7", "DS14.9", "DN48.2", "DN36.5", "DN36.4", "DN36.14"], "DISTRICT": "District14", "Capacity": 1339, "Population": 1224, "Area": 749293547.5819688, "Perimeter": 215802.06420653593, "F1": 0.08588424879847467, "F2": 0.7978141920931359, "F": 0.29946323178687295}, "District15": {"MEMBERS": ["DN08.4", "DN13.2", "DN08.1", "DN09", "DN13.1", "DN10", "DN10.1", "DN08.2", "DN39", "DN08.3", "DN08", "DN14", "DN10.2", "DN08.5", "DN13", "DN14.1", "DN12", "DN11", "DN35", "DN28", "DN29", "DN28.1"], "DISTRICT": "District15", "Capacity": 1269, "Population": 1191, "Area": 169682559.84777173, "Perimeter": 73655.99373598506, "F1": 0.06146494041398787, "F2": 0.6069653088824468, "F": 0.22511505095452553}, "District16": {"MEMBERS": ["DS07.11", "DS06.5", "DS06", "DS10", "DS07.3", "DS07.4", "DS07.5", "DS07.2", "DS06.8", "DS17.7", "DS07.7", "DS08", "DS07.8", "DS12.2", "DS06.4", "DS07.6"], "DISTRICT": "District16", "Capacity": 1445, "Population": 758, "Area": 311160976.5335801, "Perimeter": 144616.71110616848, "F1": 0.4754318375402641, "F2": 0.8130359837395111,