{"solution": {"districts": {"District0": {"MEMBERS": ["EL03", "EL09", "EL08", "EL11", "EL02", "EL04", "EL35", "EL12", "EL17", "EL16", "EL01", "EL35.1", "EL18", "EL10", "EL19", "EL26", "EL15", "EL22", "EL36.1", "EL54", "EL55", "EL49", "EL20", "DN21"], "DISTRICT": "District0", "Capacity": 1216, "Population": 1316, "Area": 310610936.2851537, "Perimeter": 147864.36710251903, "F1": 0.08223765557370344, "F2": 0.8214747913685697, "F": 0.30400879631216327}, "District1": {"MEMBERS": ["EL27", "EL14", "EL30", "EL31", "EL13", "EL28", "EL29", "EL34", "EL48", "EL05", "EL06", "EL07", "EL56", "EL25", "EL24", "EL21", "EL23"], "DISTRICT": "District1", "Capacity": 1264, "Population": 882, "Area": 151361778.27757582, "Perimeter": 112663.57498138421, "F1": 0.30221440425463286, "F2": 0.8501492125067494, "F": 0.46659484673026774}, "District2": {"MEMBERS": ["CL37", "CL37.1", "CL32", "CL32.2", "CL13", "CL26", "CL27", "CL32.1", "CL25", "CL37.2", "CL34.3", "CL28.1", "CL28.3", "CL34.5", "CL28", "CL29", "WL39", "WL25", "CL34", "WL27", "WL26.2", "WL24", "WL26.1", "WL63", "WL51", "WL26.3", "WL26", "WL26.4", "WL27.2"], "DISTRICT": "District2", "Capacity": 1255, "Population": 947, "Area": 717970173.0950037, "Perimeter": 242723.03531649645, "F1": 0.24541753589308735, "F2": 0.8468580130094745, "F": 0.42584967902800347}, "District3": {"MEMBERS": ["DN36.3", "DN41", "CL36", "CL31", "DN42", "CL33", "CL34.2", "DS04", "CL28.2", "DS11.1", "DS08.1", "DN36.8", "DN10.1", "DS11", "DS09.2", "CL35", "DN36.4", "DN36.14", "DN36", "DN36.9", "DS09", "DN36.1", "DN50.1", "DS07.7", "DS17.5", "DN36.16", "DS08.2", "DS19.1", "DN11", "DS07.12"], "DISTRICT": "District3", "Capacity": 1269, "Population": 1726, "Area": 1104285330.6052704, "Perimeter": 329207.9764561367, "F1": 0.3601268608343038, "F2": 0.8719585839627167, "F": 0.5136763777728277}, "District4": {"MEMBERS": ["WL30", "WL37", "WL38.1", "WL22", "WL22.1", "WL40", "WL21.1", "WL49", "WL15", "WL35", "CL39", "WL38", "WL53", "WL41", "WL52", "CL30", "WL17", "WL59", "WL09", "WL20", "WL44", "WL53.1", "WL21.2", "WL34", "WL53.2", "WL46", "WL31.1", "WL43", "WL33.1", "WL19", "WL31", "WL33", "WL32.1", "WL36", "WL18", "WL21", "WL48", "WL32", "WL42"], "DISTRICT": "District4", "Capacity": 1187, "Population": 1085, "Area": 3626962804.9268565, "Perimeter": 546159.9621924345, "F1": 0.08593008352207177, "F2": 0.8472035562829484, "F": 0.3143121253503347}, "District5": {"MEMBERS": ["DN01.4", "DN40", "CL14.2", "DN01.3", "DN01.2", "DN01.1", "CL14", "DN01.6", "DN10.2", "DN01.5", "CL17", "DN39.1", "CL12.1", "DN08", "DN08.2", "CL10.1", "CL16", "DN08.3", "DN02", "DN01", "CL18", "CL20.1", "CL09", "CL12", "CL38", "CL20"], "DISTRICT": "District5", "Capacity": 1242, "Population": 1615, "Area": 289007375.1112735, "Perimeter": 152295.82393703458, "F1": 0.3003228558750173, "F2": 0.8434176524435313, "F": 0.4632512948455714}, "District6": {"MEMBERS": ["DS17", "DS13.12", "DS17.4", "DS17.2", "DS19", "DS17.3", "DS13.2", "DS13.9", "DS17.1", "DS17.7", "DS12.2", "DS07.8", "DS12.6", "DS13.8", "DS12.3", "DS17.6", "DS13.3", "DS13.13", "DS12.8", "DS13.7"], "DISTRICT": "District6", "Capacity": 1388, "Population": 1472, "Area": 137406446.156233, "Perimeter": 91309.6989389322, "F1": 0.06051944480893767, "F2": 0.7928985452186116, "F": 0.2802331749318398}, "District7": {"MEMBERS": ["CL15.3", "CL14.1", "CL19", "CL34.4", "CL19.1", "CL15.2", "CL15", "CL34.6", "CL19.2", "CL34.1", "CL25.1", "CL23", "CL22", "CL21.1", "CL15.1", "CL17.1", "CL20.2", "CL21"], "DISTRICT": "District7", "Capacity": 1197, "Population": 664, "Area": 107526778.90058824, "Perimeter": 83915.80868190005, "F1": 0.44527903554487025, "F2": 0.8081159254513584, "F": 0.5541301025168166}, "District8": {"MEMBERS": ["DN32.3", "DN32.5", "DN30", "DN32.2", "DN44", "DN45.2", "DN32.8", "DN45.1", "DN44.4", "DN44.1", "DN34.1", "DN44.3", "DN44.2", "DN45.3", "DN50", "DN34.3", "DN46.2", "DN45", "DN32.4", "DN32.7", "DN34", "DN46.1", "DN48", "DN34.2"], "DISTRICT": "District8", "Capacity": 1260, "Population": 1260, "Area": 120494524.71430935, "Perimeter": 80097.78604269637, "F1": 7.857142794165384e-07, "F2": 0.7639868763319497, "F": 0.22919661289958046}, "District9": {"MEMBERS": ["DN17.1", "DN19.3", "DN17.2", "DN19.4", "DN04.1", "DN17", "DN05.2", "DN06", "DN07.1", "DN20.1", "DN04", "DN20", "DN23", "DN39", "DN05.1", "DN19", "DN27", "DN19.6", "DN04.2", "DN05", "DN03", "DN23.1", "DN19.7", "DN22", "DN24.1", "DN05.3", "DN07", "DN19.5", "DN53", "DN05.5", "DS15", "DN26", "DN24", "DN28", "DN38", "DN05.4", "DN19.1", "DS09.1", "DN43", "DS16.1", "DN27.1", "DS09.3", "DS16", "DN19.2"], "DISTRICT": "District9", "Capacity": 1241, "Population": 1806, "Area": 857327346.062009, "Perimeter": 235096.27770608035, "F1": 0.4552787956867139, "F2": 0.805076125765834, "F": 0.56021799471045}, "District10": {"MEMBERS": ["WL29.1", "WL22.2", "WL50", "WL59.1", "WL29", "WL14", "WL14.1", "WL58.1", "WL13", "WL28", "WL58", "WL23", "WL27.1", "WL28.1", "WL10", "WL07", "WL08", "WL11.1", "WL01", "WL05", "WL55", "WL06", "WL04", "WL60", "WL09.1", "WL57", "WL02", "WL16", "WL54", "WL03", "WL03.3", "WL03.2", "WL61", "WL03.1", "WL03.4", "WL03.5"], "DISTRICT": "District10", "Capacity": 1224, "Population": 668, "Area": 2709731541.171417, "Perimeter": 489573.8556445788, "F1": 0.45424755347836965, "F2": 0.8579308782699483, "F": 0.5753525509158433}, "District11": {"MEMBERS": ["EL38", "EL37", "EL33", "EL32", "EL44", "EL47", "EL45", "EL51", "EL35.2", "EL43", "EL46", "EL36", "EL40", "EL39", "EL52", "EL53", "EL42", "EL41", "EL50", "EL41.1"], "DISTRICT": "District11", "Capacity": 1169, "Population": 1178, "Area": 243148427.9308279, "Perimeter": 89512.68384383086, "F1": 0.007699734750216125, "F2": 0.6186601664989811, "F": 0.1909878642748456}, "District12": {"MEMBERS": ["DS12.5", "DS14.11", "DS12.4", "DS03", "DS13.11", "DS12.1", "DS14.2", "DS14.5", "DS02", "DS13.6", "DS01", "DS13.14", "DS13.1", "DS14.4", "DS14.8", "DS13", "DS14.9", "DS14.7", "DS13.4", "DS14.6", "DS12", "DS16.3", "DS14.1", "DS14.3", "DS07", "DS13.5", "DS16.2", "DS14", "DS12.7"], "DISTRICT": "District12", "Capacity": 1452, "Population": 1516, "Area": 340994894.9705616, "Perimeter": 119393.3202871155, "F1": 0.04407781650084153, "F2": 0.6993939746398519, "F": 0.24067266394254458}, "District13": {"MEMBERS": ["CL07.2", "CL04", "CL07", "CL07.1", "CL06", "CL24", "WL11", "CL05", "WL62", "CL10", "CL11", "CL10.2", "WL12.1", "CL04.1", "CL05.1", "WL12", "CL08", "CL03", "WL47", "CL02.1", "CL01", "CL02", "WL56"], "DISTRICT": "District13", "Capacity": 1215, "Population": 782, "Area": 1584810244.3133698, "Perimeter": 261551.74485837447, "F1": 0.35637778307507995, "F2": 0.7088801018683728, "F": 0.4621284787130677}, "District14": {"MEMBERS": ["DN51", "DN51.1", "DN52", "DN49", "DN47", "DN36.12", "DN47.2", "DN48.2", "DN36.11", "DN33", "DN36.15", "DN46", "DN32.1", "DN37", "DN50.3", "DN36.7", "DN36.2", "DN32.6", "DN36.6", "DN47.1", "DN48.1", "DN36.13", "DN32", "DN36.5"], "DISTRICT": "District14", "Capacity": 1339, "Population": 1275, "Area": 289507751.4652412, "Perimeter": 208957.63116150277, "F1": 0.04779612361616037, "F2": 0.9166791699477971, "F": 0.3084610375156513}, "District15": {"MEMBERS": ["DN08.4", "DN13", "DN08.5", "DN08.1", "DN12", "DN09", "DN14", "DN15.1", "DN35", "DN16", "DN15", "DN13.1", "DN14.1", "DN50.2", "DN30.1", "DN29", "DN18", "DN44.5", "DN25", "DN10", "DN13.2", "DN28.1", "DN31"], "DISTRICT": "District15", "Capacity": 1269, "Population": 1202, "Area": 130740738.92519146, "Perimeter": 90618.15606423392, "F1": 0.052796697771499645, "F2": 0.7999261368887665, "F": 0.27693552950667966}, "District16": {"MEMBERS": ["DS07.11", "DS07.3", "DS07.6", "DS07.4", "DS07.5", "DS06.5", "DS07.2", "DS07.9", "DS06.7", "DS06.6", "DS04.1", "DS06", "DS06.1", "DS06.8", "DS06.3", "DS05", "DS08", "DS18", "WL66", "DS07.1", "WL67", "DS06.2", "WL65", "WL45", "WL67.1", "DS10", "DS06.4"], "DISTRICT": "District16", "Capacity": 1445, "Population": 665, "Area": 1808495722.1982682, "Perimeter": 315640.9262392412, "F1": 0.5397916986865626, "F2": 0.771891887158312,