{"solution": {"districts": {"District0": {"MEMBERS": ["CL27", "CL28", "CL07.1", "CL37", "CL28.1", "CL29", "WL25", "CL32", "WL24", "CL34.3", "WL12", "WL13", "CL28.3", "CL26", "WL11", "CL19", "WL26", "CL34.5", "CL15.2", "CL15", "WL26.1", "WL11.1", "CL02.1", "WL05", "CL32.1", "CL24", "CL05", "WL47", "CL04", "WL51", "WL55", "CL01", "CL06", "WL04", "WL56"], "DISTRICT": "District0", "Capacity": 1361, "Population": 1788, "Area": 1957312108.8986566, "Perimeter": 507316.7893510317, "F1": 0.31374062223555743, "F2": 0.9044322246880075, "F": 0.49094810297129243}, "District1": {"MEMBERS": ["EL27", "EL14", "EL30", "EL31", "EL48", "EL15", "EL12", "EL32", "EL29", "EL26", "EL33", "EL07", "EL16", "EL13", "EL34", "EL04", "EL19", "EL56", "EL20", "EL25", "EL51", "EL35.2", "EL28"], "DISTRICT": "District1", "Capacity": 1423, "Population": 1665, "Area": 158428867.1358671, "Perimeter": 95565.19139855243, "F1": 0.170063941180155, "F2": 0.7820059134164523, "F": 0.3536465328510442}, "District2": {"MEMBERS": ["DN33", "DN47.2", "DN36.7", "DN34.3", "DN34.1", "DN45.2", "DN34", "DN34.2", "DN32.1", "DN32.6", "DN44", "DN45", "DN44.4", "DN50.3", "DN44.3", "DN46.1", "DN32.3", "DN32.4", "DN32.8", "DN45.1", "DN32.7", "DN44.1", "DN32", "DN32.2", "DN46.2", "DN32.5", "DN30"], "DISTRICT": "District2", "Capacity": 1855, "Population": 1886, "Area": 182843640.13137588, "Perimeter": 100111.49056147669, "F1": 0.016712123899125908, "F2": 0.7707433892973492, "F": 0.24292150351859285}, "District3": {"MEMBERS": ["EL09", "EL03", "EL02", "EL08", "EL11", "EL10", "EL22", "EL23", "EL05", "EL18", "EL54", "EL24", "EL55", "EL21", "EL06", "EL17", "EL49"], "DISTRICT": "District3", "Capacity": 1438, "Population": 1473, "Area": 203973904.38772652, "Perimeter": 104237.08623408443, "F1": 0.024340048509457146, "F2": 0.7640934783061457, "F": 0.24626607744846368}, "District4": {"MEMBERS": ["WL22.1", "WL22.2", "WL60", "WL15", "WL50", "WL21.2", "WL10", "WL14.1", "WL54", "WL14", "WL58.1", "WL06", "WL07", "WL03.4", "WL53.2", "WL57", "WL03.5", "WL03.2", "WL09", "WL53", "WL03.3", "WL08", "WL03.1", "WL03", "WL09.1", "WL53.1", "WL01", "WL02", "WL16", "WL52"], "DISTRICT": "District4", "Capacity": 1669, "Population": 749, "Area": 2325169456.0859036, "Perimeter": 286477.1981227427, "F1": 0.5512276839351247, "F2": 0.6439718377780088, "F": 0.5790509300879899}, "District5": {"MEMBERS": ["DN13", "DN12", "DN10.1", "DN29", "DN15", "DN13.1", "DN35", "DN11", "DN50.2", "DN08.4", "DN16", "DN13.2", "DN05.5", "DN50", "DN25", "DN19.1", "DN10", "DN14", "DN26", "DN09", "DN08.2", "DN15.1", "DN06", "DN39.1", "DN14.1", "DN08.5", "DN08.1"], "DISTRICT": "District5", "Capacity": 1651, "Population": 2120, "Area": 181641261.504536, "Perimeter": 111196.72802327301, "F1": 0.28407085836419843, "F2": 0.8153963188723158, "F": 0.44346849651663356}, "District6": {"MEMBERS": ["CL13", "CL33", "CL34", "CL37.2", "CL34.2", "CL32.2", "CL31", "CL36", "CL34.1", "CL34.6", "CL28.2", "DN50.1", "CL37.1"], "DISTRICT": "District6", "Capacity": 1687, "Population": 607, "Area": 563738670.9097328, "Perimeter": 152131.3145741671, "F1": 0.6401890951974565, "F2": 0.6939090740332654, "F": 0.6563050888481992}, "District7": {"MEMBERS": ["DN27", "DN43", "DN24", "DN31", "DN30.1", "DN24.1", "DN46", "DN23.1", "DN19.7", "DN19.2", "DN27.1", "DN23", "DN48.2", "DN19.6", "DN44.2", "DN28", "DN44.5", "DN45.3", "DN19.5", "DN19", "DN20.1", "DN48", "DN17.2", "DN17.1", "DN18", "DN28.1", "DN38", "DN19.3", "DN19.4"], "DISTRICT": "District7", "Capacity": 1787, "Population": 1553, "Area": 161666743.2809675, "Perimeter": 106024.72363205586, "F1": 0.13094516434837622, "F2": 0.8192758230590518, "F": 0.33744436196157884}, "District8": {"MEMBERS": ["EL37", "EL38", "EL39", "EL44", "EL47", "EL36", "EL35.1", "EL50", "EL01", "EL53", "DN03", "EL35", "EL46", "EL52", "DN04.2", "EL36.1", "EL45", "DN04", "DN07.1", "DN21", "DN04.1", "DN05.3", "DN05.2", "DN07", "DN05.1", "DN20", "DN17", "DN05", "DN05.4", "DN01.1"], "DISTRICT": "District8", "Capacity": 1498, "Population": 2255, "Area": 421060774.09426445, "Perimeter": 167903.6738823405, "F1": 0.5053411114463211, "F2": 0.8123129749316722, "F": 0.5974326704919264}, "District9": {"MEMBERS": ["WL29", "WL29.1", "WL22", "WL28.1", "WL59", "WL26.4", "WL23", "WL61", "WL21", "WL28", "WL21.1", "WL27.2", "WL49", "WL30", "WL48", "WL46", "WL17", "WL20", "WL18", "WL19", "WL32.1", "WL31.1", "WL59.1", "WL27", "WL26.3", "WL58", "WL26.2", "WL37", "WL33", "WL31", "WL40", "WL42", "WL27.1", "WL38", "WL32", "WL38.1", "WL43", "WL33.1", "WL36"], "DISTRICT": "District9", "Capacity": 1346, "Population": 1614, "Area": 1989712281.4596567, "Perimeter": 452520.51337710826, "F1": 0.19910920357273998, "F2": 0.8778977681339502, "F": 0.40274577294110303}, "District10": {"MEMBERS": ["DS13.4", "DS13", "DS01", "DS13.6", "DS13.2", "DS13.1", "DS14.2", "DS13.9", "DS12", "DS12.5", "DS12.1", "DS13.11", "DS14.3", "DS14.5", "DS13.5", "DS13.14", "DS13.13", "DS14.4", "DS14.1", "DS17.5", "DS19.1", "DS14.11", "DS16.1", "DS14.7", "DS12.7", "DS19", "DS03", "DS12.3", "DS12.2", "DS12.4", "DS13.8", "DS07.9", "DS12.8", "DS14.8", "DS07.8", "DS16.2", "DS12.6", "DS14.9", "DS07"], "DISTRICT": "District10", "Capacity": 1858, "Population": 2570, "Area": 413016217.9530671, "Perimeter": 141659.04818382583, "F1": 0.3832082810376305, "F2": 0.7413643837020844, "F": 0.49065511183696664}, "District11": {"MEMBERS": ["DN47", "DN51", "DN52", "DN51.1", "DN36.12", "DN22", "DN36.13", "DN36.1", "EL40", "DN36.14", "DN36.2", "DN36.5", "DN36.6", "DN48.1", "DN47.1", "DN36.15", "EL41", "DN36", "DN49", "DN36.4", "EL43", "DN36.16", "EL42"], "DISTRICT": "District11", "Capacity": 1935, "Population": 1771, "Area": 359679595.565168, "Perimeter": 169638.5305546203, "F1": 0.08475400989791204, "F2": 0.8429359971207495, "F": 0.31220860606476325}, "District12": {"MEMBERS": ["CL07.2", "CL05.1", "CL04.1", "CL10", "CL10.2", "WL62", "CL09", "WL12.1", "CL20", "CL23", "CL25.1", "CL19.1", "CL21", "CL22", "CL20.2", "CL03", "CL19.2", "CL16", "CL21.1", "CL15.1", "CL02", "CL07", "CL25", "CL10.1", "CL38", "CL20.1", "CL08", "CL11", "CL18"], "DISTRICT": "District12", "Capacity": 1722, "Population": 1868, "Area": 877461868.8212416, "Perimeter": 318401.4911241029, "F1": 0.08478570798614582, "F2": 0.8912353088655255, "F": 0.32672058824995964}, "District13": {"MEMBERS": ["DS17.7", "DS07.7", "DS07.12", "DS17.1", "DS09.2", "DS11", "DS07.2", "DS08", "DS07.5", "DS07.4", "DN53", "DS17.3", "DS08.2", "DS06.6", "EL41.1", "DS07.11", "DS07.6", "DS07.3", "DS09", "DS06.8", "DS15", "DS17", "DS17.2", "DS06.4", "DS09.3", "DS10", "DS16", "DS06.7", "DS17.6", "DS04", "DS07.1", "DS13.3", "DS17.4", "DS13.12", "DS14", "DS02", "DS16.3", "DS14.6", "DS13.7", "DS09.1"], "DISTRICT": "District13", "Capacity": 2089, "Population": 2197, "Area": 1080508294.005376, "Perimeter": 367668.9855802671, "F1": 0.05169985135615196, "F2": 0.8995560055913022, "F": 0.306056697626697}, "District14": {"MEMBERS": ["DN01.4", "DN01.6", "DN01.5", "DN01.3", "DN01", "CL14.1", "CL34.4", "DN01.2", "DN02", "CL14.2", "DN10.2", "CL15.3", "DN08", "DN40", "CL12", "CL14", "DN08.3", "CL17", "DN39", "CL17.1", "CL12.1"], "DISTRICT": "District14", "Capacity": 1749, "Population": 1716, "Area": 225579952.43883985, "Perimeter": 133554.32715950295, "F1": 0.018867358382690935, "F2": 0.8410741886301828, "F": 0.2655294074569384}, "District15": {"MEMBERS": ["DN36.3", "DN36.8", "DN36.9", "DN36.11", "DN37", "DN42", "DN41", "DS18", "CL35", "DS08.1", "DS04.1", "WL66", "CL39", "CL30", "DS11.1", "WL67", "WL65", "WL63", "DS06.3", "DS06.1", "WL41", "WL39", "DS06", "DS06.2", "WL34", "WL35", "DS05", "WL44", "WL45", "DS06.5", "WL67.1"], "DISTRICT": "District15", "Capacity": 2148, "Population": 896, "Area": 3428589178.443496, "Perimeter": 625783.486870299, "F1": 0.5828673203777127, "F2": 0.8899786128038683, "F": 0.6750007081055593}}, "district_ids": {"WL03.4": "District4", "WL03": "District4", "WL27.2": "District9", "WL32.1": "District9", "WL02": "District4", "WL01": "District4", "WL55": "District0", "WL56": "District0", "CL03": "District12",