{"solution": {"districts": {"District0": {"MEMBERS": ["CL27", "CL37", "CL37.1", "CL28", "CL24", "CL07.1", "CL07", "CL25.1", "CL23", "CL22", "CL21.1", "CL32.1", "CL25", "CL21", "CL06", "CL20.2", "CL20", "CL09", "CL19.2", "CL26", "CL19.1", "CL20.1", "CL19", "CL16"], "DISTRICT": "District0", "Capacity": 1361, "Population": 1655, "Area": 240196339.29563004, "Perimeter": 129407.27982819264, "F1": 0.2160183599116947, "F2": 0.819756823874785, "F": 0.39713989910062175}, "District1": {"MEMBERS": ["EL27", "EL28", "EL48", "EL26", "EL25", "EL56", "EL21", "EL16", "EL17", "EL15", "EL19", "EL49", "EL29", "EL20"], "DISTRICT": "District1", "Capacity": 1423, "Population": 999, "Area": 80514471.9046309, "Perimeter": 44476.544985784145, "F1": 0.2979613541956335, "F2": 0.48852816162331203, "F": 0.35513139642393704}, "District2": {"MEMBERS": ["DN33", "DN32.7", "DN32.4", "DN36.7", "DN34.3", "DN32.2", "DN32.5", "DN34.1", "DN45.2", "DN36.1", "DN34.2", "DN34", "DN47.1", "DN32.1", "DN36.6", "DN32.3", "DN44.3", "DN50.3", "DN44.1", "DN45.1", "DN45.3", "DN32", "DN45", "DN32.8", "DN36", "DN36.13"], "DISTRICT": "District2", "Capacity": 1855, "Population": 1860, "Area": 151845012.97352263, "Perimeter": 126628.8187567095, "F1": 0.0026959514679463226, "F2": 0.8810004591284368, "F": 0.26618730376609345}, "District3": {"MEMBERS": ["EL09", "EL08", "EL07", "EL05", "EL10", "EL33", "EL32", "EL13", "EL11", "EL35", "EL22", "EL12", "EL14", "EL06", "EL55", "EL34", "EL23", "EL24", "EL18", "EL35.2", "EL03"], "DISTRICT": "District3", "Capacity": 1438, "Population": 1684, "Area": 232704466.06725112, "Perimeter": 111295.25842063769, "F1": 0.17107161911633084, "F2": 0.7639188794065458, "F": 0.3489257972033953}, "District4": {"MEMBERS": ["WL22.1", "WL50", "WL14", "WL15", "WL54", "WL53.2", "WL21.2", "WL10", "WL21.1", "WL16", "WL09", "WL14.1", "WL58", "WL53.1", "WL32", "WL08", "WL17", "WL07", "WL49", "WL02", "WL06", "WL19", "WL03.5", "WL36", "WL32.1", "WL34", "WL09.1", "WL03.3", "WL57", "WL20", "WL53", "WL58.1", "WL11.1", "WL42", "WL03.2", "WL52", "WL18", "WL43", "WL44", "WL48", "WL33", "WL46", "WL33.1", "WL01"], "DISTRICT": "District4", "Capacity": 1669, "Population": 1240, "Area": 4227922886.0109205, "Perimeter": 541834.7640632225, "F1": 0.25703954908903803, "F2": 0.8190314153595128, "F": 0.4256371089701805}, "District5": {"MEMBERS": ["DN13", "DN12", "DN10", "DN11", "DN09", "DN10.1", "DN13.1", "DN14.1", "DN29", "DN16", "DN35", "DN50.1", "DN14", "CL34.2", "CL36", "DN41", "DN15.1", "DN28.1", "CL34.5", "DS08.2", "DN10.2", "DN08.5", "DN13.2", "DN08.1", "CL34", "DN08.4", "DN28", "DN08.2"], "DISTRICT": "District5", "Capacity": 1651, "Population": 2292, "Area": 564584975.068456, "Perimeter": 233845.43610534302, "F1": 0.38825014301483884, "F2": 0.8702577623942093, "F": 0.5328524288286499}, "District6": {"MEMBERS": ["CL13", "CL31", "CL33", "CL32", "CL28.2", "CL37.2", "CL34.3", "CL30", "CL28.1", "CL34.4", "CL39", "CL32.2", "CL34.6", "CL28.3", "CL34.1", "WL39", "WL63", "WL38.1", "CL29"], "DISTRICT": "District6", "Capacity": 1687, "Population": 684, "Area": 932513423.0092865, "Perimeter": 256766.4484394717, "F1": 0.5945459419410436, "F2": 0.8222586772305392, "F": 0.6628597625278922}, "District7": {"MEMBERS": ["DN27", "DN43", "DN24", "DN24.1", "DN31", "DN25", "DN30.1", "DN19.6", "DN19.7", "DN19.5", "DN19.4", "DN30", "DN50.2", "DN44.5", "DN27.1", "DN46", "DN44.4", "DN46.1", "DN44.2", "DN50", "DN19.2", "DN26", "DN19.1", "DN48", "DN15", "DN44", "DN48.2", "DN38", "DN46.2"], "DISTRICT": "District7", "Capacity": 1787, "Population": 2107, "Area": 177355498.4251047, "Perimeter": 117579.45011615247, "F1": 0.1790716218294819, "F2": 0.8387901137375157, "F": 0.376987169401892}, "District8": {"MEMBERS": ["EL37", "EL31", "EL36", "EL38", "EL50", "EL47", "EL45", "EL35.1", "EL54", "EL02", "EL30", "EL52", "EL04", "EL01", "EL44", "EL39", "EL42", "EL43", "EL51", "DN03", "EL46", "DN02", "EL40", "EL53"], "DISTRICT": "District8", "Capacity": 1498, "Population": 2129, "Area": 311559617.10397464, "Perimeter": 146771.34084078073, "F1": 0.4212289624751073, "F2": 0.8182524764827208, "F": 0.5403360166773914}, "District9": {"MEMBERS": ["WL29", "WL22.2", "WL29.1", "WL59.1", "WL30", "WL28", "WL31.1", "WL22", "WL21", "WL37", "WL31", "WL61", "WL26.3", "WL59", "WL26.4", "WL38", "WL25", "WL51", "WL26.2", "WL23", "WL24", "WL27", "WL60", "WL28.1", "WL27.1", "WL40", "WL26", "WL27.2", "WL26.1"], "DISTRICT": "District9", "Capacity": 1346, "Population": 1102, "Area": 791303589.4851544, "Perimeter": 239567.8856561105, "F1": 0.18127712346748048, "F2": 0.8267410014268641, "F": 0.37491628685529554}, "District10": {"MEMBERS": ["DS13.4", "DS13.1", "DS13.9", "DS12", "DS12.1", "DS03", "DS01", "DS12.5", "DS13.6", "DS13.8", "DS13.5", "DS13.11", "DS12.3", "DS12.7", "DS13.14", "DS14.1", "DS19", "DS14", "DS16", "DS15", "DS14.2", "DS13", "DS02", "DS14.8", "DS14.3", "DS14.5", "DS16.2", "DS16.3", "DS16.1", "DS14.6", "DS09.3", "DS14.9", "DS14.11", "DS09.1", "DS14.4", "DS12.4", "DS14.7", "DS13.13"], "DISTRICT": "District10", "Capacity": 1858, "Population": 2745, "Area": 415443804.5467898, "Perimeter": 131569.6364686594, "F1": 0.47739557870077753, "F2": 0.6984142609729098, "F": 0.5437011833824172}, "District11": {"MEMBERS": ["DN47", "DN52", "DN47.2", "DN48.1", "DN51.1", "DN22", "DN49", "DN23.1", "DN21", "DN20.1", "DN20", "EL41", "DN19.3", "DN36.12", "DN23", "DN36.11", "DN36.14", "DN36.15", "DN53", "EL41.1", "DN51"], "DISTRICT": "District11", "Capacity": 1935, "Population": 915, "Area": 813357833.08189, "Perimeter": 192704.9058069613, "F1": 0.5271312685936369, "F2": 0.7247635322123342, "F": 0.5864209476792461}, "District12": {"MEMBERS": ["CL07.2", "CL08", "CL10", "CL11", "CL38", "CL04.1", "CL10.2", "CL03", "CL04", "CL05.1", "WL11", "CL18", "CL10.1", "WL47", "CL02.1", "WL05", "CL05", "WL12", "CL02", "CL12", "WL56", "WL55", "CL12.1", "CL14", "CL15", "DN40", "WL04", "WL12.1", "WL62", "CL17", "WL13", "WL03", "WL03.1", "CL01", "WL03.4", "CL17.1", "CL15.1"], "DISTRICT": "District12", "Capacity": 1722, "Population": 2144, "Area": 2357731868.664209, "Perimeter": 392707.635872363, "F1": 0.24506445269997434, "F2": 0.807883092997468, "F": 0.4139100447892224}, "District13": {"MEMBERS": ["DS17.7", "DS07.5", "DS07.4", "DS07.8", "DS17.6", "DS07.6", "DS07.9", "DS07.2", "DS07.7", "DS07", "DS13.12", "DS07.11", "DS17", "DS13.7", "DS12.2", "DS12.6", "DS09", "DS17.1", "DS17.5", "DS17.4", "DS11", "DS17.2", "DS10", "DS12.8", "DS09.2", "DS17.3", "DS07.1", "DS13.2", "DS19.1", "DS13.3", "DS07.12"], "DISTRICT": "District13", "Capacity": 2089, "Population": 1879, "Area": 381248476.6291649, "Perimeter": 172343.12048766218, "F1": 0.10052609334358031, "F2": 0.8387015935465079, "F": 0.32197874340445853}, "District14": {"MEMBERS": ["DN01.4", "DN01.5", "DN01.6", "DN01.2", "DN01.1", "DN39.1", "DN06", "DN07.1", "DN08", "DN04.2", "EL36.1", "DN05", "DN07", "DN39", "DN05.5", "DN17", "DN05.1", "DN17.1", "DN01", "DN18", "DN01.3", "DN08.3", "DN05.2", "DN04.1", "CL14.1", "DN19", "CL15.3", "DN05.3", "DN05.4", "CL14.2", "CL15.2", "DN17.2", "DN04"], "DISTRICT": "District14", "Capacity": 1749, "Population": 2259, "Area": 300834268.67547554, "Perimeter": 135413.4983179289, "F1": 0.29159576162609646, "F2": 0.7938357994510443, "F": 0.4422677729735808}, "District15": {"MEMBERS": ["DN36.3", "DN37", "DS11.1", "DS08", "DS06.6", "DN36.9", "DN32.6", "DS06.7", "DS06", "DN36.4", "DS08.1", "DS04.1", "DS04", "DN36.8", "DS05", "DN42", "DS06.5", "DN36.5", "DS18", "DS06.8", "DN36.16", "DS06.2", "DN36.2", "DS07.3", "CL35", "WL66", "DS06.1", "WL41", "WL65", "WL45", "WL35", "WL67", "DS06.4", "WL67.1", "DS06.3"], "DISTRICT": "District15", "Capacity": 2148, "Population": 1034, "Area": 2551266284.165559, "Perimeter": 514822.64830156026, "F1": 0.5186215106209427, "F2": 0.8790376083317346, "F": 0.6267463399341803}}, "district_ids": {"WL03.4": "District12", "WL03": "District12", "WL27.2": "District9", "WL32.1": "District4", "WL02": "District4", "WL01": "District4", "WL55": "District12", "WL56": "District12", "CL03": "District12",