{"solution": {"districts": {"District0": {"MEMBERS": ["EL03", "EL04", "EL05", "EL08", "EL34", "EL07", "EL13", "EL32", "EL09", "EL11", "EL02", "EL18", "EL33", "EL01", "EL54", "EL31", "EL21", "EL48", "EL35.2", "EL10", "EL06"], "DISTRICT": "District0", "Capacity": 1216, "Population": 1118, "Area": 241570558.5271823, "Perimeter": 119971.96030841606, "F1": 0.08059129045566371, "F2": 0.7890913668559025, "F": 0.2931413133757353}, "District1": {"MEMBERS": ["EL27", "EL15", "EL16", "EL17", "EL14", "EL30", "EL12", "EL28", "EL26", "EL56", "EL25", "EL19", "EL29", "EL24", "EL23", "EL22", "EL55", "EL49", "EL20"], "DISTRICT": "District1", "Capacity": 1264, "Population": 1028, "Area": 144602739.55530638, "Perimeter": 79332.60533630465, "F1": 0.18670807605452466, "F2": 0.7112759567787191, "F": 0.34407844027178297}, "District2": {"MEMBERS": ["CL37", "CL28.1", "CL28.3", "CL13", "CL30", "CL33", "CL39", "WL66", "CL32", "WL41", "CL37.1", "CL28", "CL32.2", "WL65", "WL45", "CL28.2", "CL37.2", "WL44", "WL34", "WL42", "WL33", "WL67.1", "WL43", "WL33.1", "WL46", "WL67", "WL18"], "DISTRICT": "District2", "Capacity": 1255, "Population": 575, "Area": 3261008868.423566, "Perimeter": 465994.59988685546, "F1": 0.5418318761607022, "F2": 0.8112877572680721, "F": 0.6226686404929132}, "District3": {"MEMBERS": ["DN36.3", "DS11.1", "DS11", "DN36.8", "DN36.9", "DN41", "DN42", "DN36.2", "DS18", "DN36.4", "DS09", "DN32.1", "DS04.1", "DN36.16", "DS05", "DN33", "DS06.3", "DN32.4", "DN37", "DN34", "DN36.7", "CL31", "DN32", "DN36.6", "DN36.13", "DN50", "DN36", "DN32.7", "DN34.3", "DN32.6"], "DISTRICT": "District3", "Capacity": 1269, "Population": 1625, "Area": 1154336963.218982, "Perimeter": 351885.83526547364, "F1": 0.28053663293509357, "F2": 0.8828509162755241, "F": 0.4612309179372227}, "District4": {"MEMBERS": ["WL30", "WL59.1", "WL38", "WL59", "WL31", "WL39", "WL29", "WL28", "WL25", "WL22.2", "WL27", "WL36", "WL24", "WL12", "CL29", "WL26.1", "WL40", "WL35", "WL22.1", "WL31.1", "WL22", "WL32", "WL63", "WL32.1", "CL06", "WL48", "WL61", "WL21.2", "WL37", "WL19", "WL20", "WL38.1", "WL21", "WL51", "WL26", "WL50", "WL21.1", "WL26.2"], "DISTRICT": "District4", "Capacity": 1187, "Population": 1117, "Area": 1658649695.2049336, "Perimeter": 370420.1403704325, "F1": 0.05897136428836258, "F2": 0.8480938512415752, "F": 0.2957081103743263}, "District5": {"MEMBERS": ["DN01.4", "DN40", "DN01", "DN01.5", "DN01.6", "CL14", "CL12.1", "DN01.3", "CL17.1", "CL17", "CL15.1", "DN01.1", "DN10.2", "CL10.1", "DN08", "DN39.1", "DN01.2", "DN02", "DN04.2", "DN04", "DN07.1", "DN03", "DN07", "CL12"], "DISTRICT": "District5", "Capacity": 1242, "Population": 1343, "Area": 309186325.9934023, "Perimeter": 135716.58211486405, "F1": 0.08132124733235702, "F2": 0.7890573901226602, "F": 0.2936420901694479}, "District6": {"MEMBERS": ["DS17", "DS17.4", "DS17.1", "DS19", "DS07.12", "DS17.3", "DS13.2", "DS13.9", "DS17.5", "DS07.7", "DS07.8", "DS17.2", "DS13.4", "DS19.1", "DS13.1", "DS13.8", "DS14.7"], "DISTRICT": "District6", "Capacity": 1388, "Population": 1108, "Area": 106961694.02035728, "Perimeter": 89526.66121447724, "F1": 0.20172839191838332, "F2": 0.8322998852080186, "F": 0.3908998399052739}, "District7": {"MEMBERS": ["CL15.3", "CL14.1", "CL15", "CL14.2", "CL16", "CL19", "CL18", "CL20.1", "CL20.2", "CL34.3", "CL34.5", "CL10.2", "CL15.2", "CL25.1", "CL11", "CL21", "CL19.2", "CL38", "CL21.1", "CL20", "CL19.1", "CL09"], "DISTRICT": "District7", "Capacity": 1197, "Population": 1234, "Area": 129599917.79528591, "Perimeter": 84578.41013652134, "F1": 0.03091143666740659, "F2": 0.7723353742993193, "F": 0.25333861795698037}, "District8": {"MEMBERS": ["DN32.3", "DN32.5", "DN30", "DN50.2", "DN50.1", "CL34.2", "DN44.1", "DN28", "DN32.8", "DN38", "DN44", "CL34.1", "DN46", "CL34.4", "DN32.2", "CL34", "DN24.1", "CL35", "DN31", "DN45", "DN45.2", "CL34.6", "DN46.2", "DN46.1", "DN45.3", "DN43", "DN44.5", "DN50.3", "DN44.2", "DN44.4", "CL36", "DN45.1", "DN34.2", "DN44.3", "DN30.1"], "DISTRICT": "District8", "Capacity": 1260, "Population": 1792, "Area": 536799117.93970084, "Perimeter": 200824.7998777512, "F1": 0.42222300458553175, "F2": 0.8327419720917582, "F": 0.5453786948373996}, "District9": {"MEMBERS": ["DN17.1", "DN17", "DN05.4", "DN16", "DN08.2", "DN08.3", "DN05.1", "DN19", "DN15.1", "DN09", "DN05.2", "DN05", "DN19.5", "DN39", "DN19.7", "DN19.4", "DN04.1", "DN19.2", "DN06", "DN17.2", "DN05.5", "DN19.6", "DN23", "DN15", "DN24", "DN05.3", "DN08.1", "DN18"], "DISTRICT": "District9", "Capacity": 1241, "Population": 1151, "Area": 179426589.837048, "Perimeter": 121717.02805992664, "F1": 0.07252136122061759, "F2": 0.8478072418878659, "F": 0.30510712542079205}, "District10": {"MEMBERS": ["WL29.1", "WL23", "WL60", "WL26.3", "WL26.4", "WL27.2", "WL58", "WL27.1", "WL58.1", "WL13", "WL28.1", "WL57", "WL11.1", "WL11", "WL10", "CL04", "WL56", "WL55", "WL14.1", "WL15", "WL52", "WL17", "WL53.1", "WL49", "WL07", "WL54", "WL14", "WL53", "WL53.2"], "DISTRICT": "District10", "Capacity": 1224, "Population": 407, "Area": 1449629100.6869223, "Perimeter": 491995.84669204283, "F1": 0.6674828458538984, "F2": 0.924743521987534, "F": 0.7446610486939891}, "District11": {"MEMBERS": ["EL38", "EL45", "EL37", "EL52", "EL51", "EL47", "EL44", "EL36", "EL50", "EL43", "EL35.1", "EL46", "EL39", "DN21", "DN20.1", "EL42", "EL36.1", "DN20", "EL40", "EL35", "DN23.1", "EL53", "DN19.3"], "DISTRICT": "District11", "Capacity": 1169, "Population": 1304, "Area": 302169536.9646822, "Perimeter": 133627.3112690433, "F1": 0.11548416496591818, "F2": 0.7873477005956095, "F": 0.31704322565482557}, "District12": {"MEMBERS": ["DS12.5", "DS12", "DS13.7", "DS12.4", "DS14.11", "DS14.1", "DS12.7", "DS12.3", "DS07", "DS12.1", "DS03", "DS07.1", "DS13.12", "DS13.11", "DS14.2", "DS07.3", "DS06.5", "DS17.6", "DS13", "DS14.3", "DS14.4", "DS13.14", "DS13.6", "DS01", "DS13.5", "DS13.13", "DS14.5", "DS02", "DS14.9", "DS14", "DS16.3", "DS16", "DS14.6"], "DISTRICT": "District12", "Capacity": 1452, "Population": 1783, "Area": 472895543.51359624, "Perimeter": 221525.97861333366, "F1": 0.22796211275508194, "F2": 0.8789051265182352, "F": 0.4232450168840278}, "District13": {"MEMBERS": ["CL07.2", "CL04.1", "CL07", "CL08", "CL24", "CL23", "CL25", "CL10", "CL26", "CL07.1", "CL05", "CL32.1", "CL22", "WL12.1", "CL05.1", "WL62", "CL27", "CL03", "CL02.1", "CL01", "CL02", "WL04", "WL06", "WL05", "WL03.5", "WL03", "WL03.4", "WL47", "WL02", "WL01", "WL08", "WL09", "WL03.2", "WL09.1", "WL03.3", "WL16", "WL03.1"], "DISTRICT": "District13", "Capacity": 1215, "Population": 1210, "Area": 3167896141.3433843, "Perimeter": 595985.5136004013, "F1": 0.004114411488770231, "F2": 0.8879248337725603, "F": 0.2692575381739072}, "District14": {"MEMBERS": ["DN51", "DN52", "DN48.1", "DN53", "DN49", "DN22", "EL41.1", "DN48.2", "DS15", "DN51.1", "DN47", "EL41", "DS09.1", "DN47.2", "DN36.12", "DS09.2", "DN48", "DS16.1", "DS09.3", "DN36.11", "DS16.2", "DN36.1", "DN36.5", "DS14.8", "DN47.1", "DN36.14", "DN36.15", "DN34.1"], "DISTRICT": "District14", "Capacity": 1339, "Population": 1403, "Area": 829767190.983889, "Perimeter": 195298.60962109276, "F1": 0.04779760233160868, "F2": 0.7266193196770874, "F": 0.25144411753525225}, "District15": {"MEMBERS": ["DN08.4", "DN13", "DN13.1", "DN10", "DN13.2", "DN11", "DN14", "DN29", "DN10.1", "DN14.1", "DN25", "DN35", "DN08.5", "DN19.1", "DN28.1", "DN12", "DN26", "DN27", "DN27.1"], "DISTRICT": "District15", "Capacity": 1269, "Population": 994, "Area": 113550007.93662985, "Perimeter": 75454.20892605833, "F1": 0.21670528592036808, "F2": 0.7493717091706027, "F": 0.3765052128954384}, "District16": {"MEMBERS": ["DS07.11", "DS07.4", "DS07.5", "DS07.6", "DS12.2", "DS12.8", "DS10", "DS06.7", "DS07.9", "DS07.2", "DS06.1", "DS06.6", "DS17.7", "DS13.3", "DS06", "DS06.8", "DS12.6", "DS06.2", "DS06.4", "DS08", "DS08.1", "DS08.2", "DS04"], "DISTRICT": "District16", "Capacity": 1445, "Population": 867, "Area": 472332823.1648145, "Perimeter": 210469.0578447786, "F1": 0.39999931211073136, "F2": 0.8660071956728338,