{"solution": {"districts": {"District0": {"MEMBERS": ["EL03", "EL04", "EL07", "EL34", "EL06", "EL08", "EL12", "EL16", "EL20", "EL17", "EL21", "EL05", "EL26", "EL35", "EL02", "EL35.2"], "DISTRICT": "District0", "Capacity": 1216, "Population": 1019, "Area": 132121050.92865543, "Perimeter": 103292.2834320153, "F1": 0.16200576347034734, "F2": 0.8443869098328904, "F": 0.3667201073791102}, "District1": {"MEMBERS": ["EL27", "EL29", "EL56", "EL14", "EL32", "EL25", "EL13", "EL28", "EL24", "EL23", "EL49", "EL15", "EL55", "EL37", "EL10", "EL18", "EL19", "EL47", "EL48", "EL31", "EL22", "EL09", "EL30", "EL11"], "DISTRICT": "District1", "Capacity": 1264, "Population": 1202, "Area": 242994638.53233185, "Perimeter": 130547.23297595332, "F1": 0.04904984929549172, "F2": 0.8208275578962402, "F": 0.2805831618757162}, "District2": {"MEMBERS": ["CL37", "CL37.2", "CL28", "CL32.1", "CL25", "CL24", "CL07", "CL23", "CL32", "CL08", "CL13", "CL37.1", "CL38", "CL28.2", "CL33", "CL28.1", "CL25.1", "CL28.3", "CL11", "CL22", "CL21", "CL34.2", "DN50.1", "CL30", "WL63"], "DISTRICT": "District2", "Capacity": 1255, "Population": 947, "Area": 428871484.31243294, "Perimeter": 227758.7539241713, "F1": 0.24541753589308735, "F2": 0.8961068584594087, "F": 0.44062433266298373}, "District3": {"MEMBERS": ["DN36.3", "DS08", "DS07.2", "DN36.9", "DN37", "DS11", "DS10", "DN36.8", "DN36.4", "DN36.14", "DN36.5", "DN36.15", "DN36", "DN36.11", "DN32.6", "DS09", "DS11.1", "DN41", "DN36.16", "DN36.13", "DN36.1", "DN42", "DN51.1", "DS06.6", "DN47.2"], "DISTRICT": "District3", "Capacity": 1269, "Population": 1628, "Area": 531571331.02939767, "Perimeter": 221667.85254199832, "F1": 0.28290069911031757, "F2": 0.8640541400096939, "F": 0.4572467313801304}, "District4": {"MEMBERS": ["WL30", "WL21", "WL59.1", "WL21.1", "WL28", "WL25", "WL24", "WL51", "WL26.2", "WL21.2", "WL27", "WL26.1", "WL32", "WL38", "CL29", "WL46", "WL18", "WL36", "WL31.1", "WL12", "WL23", "WL34", "WL35", "WL40", "WL19", "WL37", "WL26", "WL41", "WL31", "WL39", "WL42", "WL38.1", "WL58", "WL48"], "DISTRICT": "District4", "Capacity": 1187, "Population": 889, "Area": 2261037162.473253, "Perimeter": 486264.8236253831, "F1": 0.25105223882854055, "F2": 0.8798366972089394, "F": 0.4396875763426602}, "District5": {"MEMBERS": ["DN01.4", "DN01.3", "DN01.5", "DN01.1", "DN01.6", "DN01.2", "DN08", "DN40", "DN08.2", "DN01", "DN08.1", "CL14.1", "DN09", "DN08.3", "CL12.1", "DN07.1", "DN10", "DN10.2", "DN06"], "DISTRICT": "District5", "Capacity": 1242, "Population": 1396, "Area": 222547125.72839803, "Perimeter": 116472.98307313245, "F1": 0.12399435487927257, "F2": 0.7938508937233183, "F": 0.32495131653248627}, "District6": {"MEMBERS": ["DS17", "DS17.4", "DS13.7", "DS12.6", "DS19", "DS12.3", "DS17.3", "DS17.1", "DS19.1", "DS07.12", "DS07.7", "DS12.2", "DS17.6", "DS17.5", "DS13.12", "DS09.2", "DS07.5", "DS13.3", "DS17.2", "DS13.1"], "DISTRICT": "District6", "Capacity": 1388, "Population": 1326, "Area": 144071431.78819224, "Perimeter": 112118.54193396162, "F1": 0.044667874317954825, "F2": 0.8559766681451872, "F": 0.2880605124661245}, "District7": {"MEMBERS": ["CL15.3", "CL15.2", "CL16", "CL17.1", "CL17", "CL19", "CL12", "CL14", "CL34.4", "CL14.2", "CL34.6", "CL34.1", "CL19.1", "CL10.1", "CL15", "CL21.1", "CL34.3", "CL18", "CL20.1", "CL19.2", "CL34.5", "CL15.1", "CL32.2", "CL20", "CL34"], "DISTRICT": "District7", "Capacity": 1197, "Population": 1029, "Area": 218240480.41247046, "Perimeter": 116063.43578313546, "F1": 0.14035004895279823, "F2": 0.796410991341128, "F": 0.33716833166929716}, "District8": {"MEMBERS": ["DN32.3", "DN44.4", "DN44.5", "DN43", "DN32.2", "DN44.1", "DN34.3", "DN32.4", "DN24.1", "DN32.5", "DN27", "DN44", "DN32.7", "DN26", "DN44.2", "DN19.7", "DN45.2", "DN23.1", "DN24", "DN19.4", "DN23", "DN19.6", "DN32.8", "DN45.1", "DN45", "DN20", "DN25", "DN44.3", "DN31", "DN29", "DN32", "DN34.1", "DN46.1", "DN45.3", "DN19.1"], "DISTRICT": "District8", "Capacity": 1260, "Population": 1521, "Area": 173141377.89746958, "Perimeter": 105711.78098707192, "F1": 0.20714364121314577, "F2": 0.8053008954970488, "F": 0.3865908174983166}, "District9": {"MEMBERS": ["DN17.1", "DN05.3", "DN04.1", "DN17", "DN16", "DN07", "DN04.2", "DN15.1", "DN03", "DN05.4", "DN05.2", "DN04", "DN19", "DN05", "DN17.2", "DN39", "DN14", "DN39.1", "DN18", "DN19.3", "DN19.5", "DN05.5", "DN05.1", "DN15", "DN02", "EL01", "EL54", "EL35.1"], "DISTRICT": "District9", "Capacity": 1241, "Population": 1088, "Area": 256928649.62677312, "Perimeter": 139590.3696560776, "F1": 0.12328687249567383, "F2": 0.8343042063069062, "F": 0.33659207263904345}, "District10": {"MEMBERS": ["WL29.1", "WL22.2", "WL29", "WL22", "WL22.1", "WL28.1", "WL61", "WL27.1", "WL27.2", "WL60", "WL26.4", "WL15", "WL17", "WL16", "WL59", "WL10", "WL20", "WL26.3", "WL49", "WL54", "WL07", "WL03.4", "WL09.1", "WL52", "WL02", "WL32.1", "WL03.1", "WL03.3", "WL50", "WL57", "WL53.1", "WL53", "WL09", "WL08", "WL01", "WL53.2"], "DISTRICT": "District10", "Capacity": 1224, "Population": 764, "Area": 2195975741.9165854, "Perimeter": 386742.6263136497, "F1": 0.3758161815701292, "F2": 0.8155012967445935, "F": 0.5077217161224685}, "District11": {"MEMBERS": ["EL38", "EL45", "EL39", "EL53", "EL43", "EL52", "EL36", "EL40", "EL44", "EL33", "EL51", "EL36.1", "EL46", "EL50", "EL42", "EL41"], "DISTRICT": "District11", "Capacity": 1169, "Population": 1053, "Area": 218373318.7293836, "Perimeter": 122595.87933601649, "F1": 0.099229263479647, "F2": 0.8174181125457795, "F": 0.3146859181994867}, "District12": {"MEMBERS": ["DS12.5", "DS03", "DS14.11", "DS14.1", "DS14", "DS12", "DS13.11", "DS13.6", "DS14.8", "DS07", "DS16", "DS09.1", "DS14.6", "DS12.1", "DS13.14", "DS02", "DS16.2", "DS14.4", "DS16.3", "DS14.2", "DS12.7", "DS16.1", "DS01", "DS13.5", "DS14.7", "DS07.1", "DS14.9", "DS13.8", "DS12.4", "DS13.13", "DS14.5", "DS14.3"], "DISTRICT": "District12", "Capacity": 1452, "Population": 1452, "Area": 394340295.2117277, "Perimeter": 160360.51735422024, "F1": 6.818181770285037e-07, "F2": 0.8072980435949867, "F": 0.24218989035121988}, "District13": {"MEMBERS": ["CL07.2", "CL05.1", "WL12.1", "CL04", "CL03", "CL02", "CL05", "WL11", "CL10", "WL11.1", "CL06", "CL10.2", "CL07.1", "CL02.1", "WL56", "CL27", "CL09", "CL26", "WL62", "CL04.1", "CL01", "CL20.2", "WL13", "WL58.1", "WL14.1", "WL06", "WL47", "WL55", "WL03.5", "WL04", "WL14", "WL03.2", "WL05", "WL03"], "DISTRICT": "District13", "Capacity": 1215, "Population": 1165, "Area": 2547918384.9118967, "Perimeter": 428475.9047825803, "F1": 0.04115144822097572, "F2": 0.8256015713727506, "F": 0.27648648516650814}, "District14": {"MEMBERS": ["DN51", "DN52", "DN48.1", "DN48", "DN47.1", "DN47", "DN34", "DN34.2", "DN49", "DN53", "DS15", "EL41.1", "DN33", "DN22", "DN46", "DN21", "DN20.1", "DN36.7", "DN36.2", "DN19.2", "DN36.6", "DS13.2", "DS13.4", "DN36.12", "DS09.3", "DN48.2", "DN46.2", "DS13.9", "DS13"], "DISTRICT": "District14", "Capacity": 1339, "Population": 1602, "Area": 851038563.6125293, "Perimeter": 241474.77594798835, "F1": 0.19641597314103088, "F2": 0.8165931464185181, "F": 0.382469125124277}, "District15": {"MEMBERS": ["DN08.4", "DN13.2", "DN13.1", "DN13", "DN12", "DN08.5", "DN11", "DN14.1", "DN35", "DN50.2", "DN50.3", "DN28.1", "DN28", "DN50", "DN27.1", "DN30", "DN30.1", "DN10.1", "DN32.1", "CL35", "DN38"], "DISTRICT": "District15", "Capacity": 1269, "Population": 1029, "Area": 216176720.88842893, "Perimeter": 151879.7465892215, "F1": 0.18912451387608742, "F2": 0.8822342340142881, "F": 0.3970574299175476}, "District16": {"MEMBERS": ["DS07.11", "DS07.3", "DS06.4", "DS07.4", "DS07.6", "DS06", "DS06.7", "DS08.1", "DS07.9", "DS07.8", "DS04.1", "DS08.2", "WL66", "DS06.1", "DS06.5", "CL39", "DS17.7", "WL65", "WL45", "DS12.8", "DS18", "DS06.3", "DS04", "DS05", "DS06.2", "CL31", "WL44", "WL43", "DS06.8", "CL36", "WL33.1", "WL67", "WL67.1", "WL33"], "DISTRICT": "District16", "Capacity": 1445, "Population": 949, "Area": 3495035057.1067076, "Perimeter": 611925.5787383307, "F1": 0.34325190765915636, "F2": 0.8827091358999556,