{"solution": {"districts": {"District0": {"MEMBERS": ["CL27", "CL26", "CL28", "CL32.1", "CL07", "CL34.3", "CL34.5", "CL09", "CL06", "CL34.2", "CL22", "WL25", "CL05", "CL05.1", "WL51", "CL19.1", "CL34.1", "CL34.4", "CL25.1", "CL28.1", "CL21.1", "CL20.1", "CL19.2", "CL23", "CL24", "CL19", "CL20", "CL21", "WL39", "CL30", "CL07.1", "WL63", "CL25", "CL34.6", "CL20.2"], "DISTRICT": "District0", "Capacity": 1361, "Population": 1818, "Area": 1021510479.9625242, "Perimeter": 334675.1051134477, "F1": 0.3357832377973311, "F2": 0.8853943909072244, "F": 0.500666583730299}, "District1": {"MEMBERS": ["EL27", "EL29", "EL14", "EL32", "EL26", "EL33", "EL25", "EL35", "EL15", "EL34", "EL13", "EL20", "EL05", "EL16", "EL06", "EL11", "EL18", "EL19", "EL17", "EL24"], "DISTRICT": "District1", "Capacity": 1423, "Population": 1617, "Area": 151225701.1668581, "Perimeter": 128662.81716876023, "F1": 0.13633238836027828, "F2": 0.8852033120831584, "F": 0.36099366547714223}, "District2": {"MEMBERS": ["DN33", "DN32.6", "DN36.1", "DN34", "DN36.7", "DN36", "DN36.8", "DN37", "DN36.13", "DN36.14", "DN36.6", "DN32.1", "DN32.8", "DN36.15", "DN32.2", "DN50", "DN32.4", "DN36.5", "DN34.3", "DN32.7", "DN44.1", "DN32.3", "DN44.3", "DN32"], "DISTRICT": "District2", "Capacity": 1855, "Population": 1713, "Area": 173125147.75967646, "Perimeter": 111909.33191191165, "F1": 0.07654933112372331, "F2": 0.8262849622711221, "F": 0.3014700204679429}, "District3": {"MEMBERS": ["EL09", "EL03", "EL04", "EL08", "EL02", "EL07", "EL54", "EL01", "EL12", "EL10", "EL22", "EL35.1", "EL55", "EL49", "EL21", "EL23"], "DISTRICT": "District3", "Capacity": 1438, "Population": 1292, "Area": 223652751.53847805, "Perimeter": 132495.53834462242, "F1": 0.1015292134803254, "F2": 0.8399035870560326, "F": 0.32304152555303756}, "District4": {"MEMBERS": ["WL22.1", "WL22", "WL21", "WL22.2", "WL61", "WL60", "WL21.2", "WL30", "WL31", "WL36", "WL23", "WL50", "WL59", "WL49", "WL38", "WL32.1", "WL46", "WL20", "WL18", "WL32", "WL38.1", "WL15", "WL21.1", "WL37", "WL53.1", "WL19", "WL35", "WL33", "WL48", "WL40", "WL31.1", "WL54", "WL53", "WL17", "WL53.2"], "DISTRICT": "District4", "Capacity": 1669, "Population": 1539, "Area": 1830308604.3278854, "Perimeter": 456835.1133686384, "F1": 0.07789035903001584, "F2": 0.8897914646761533, "F": 0.321460690723857}, "District5": {"MEMBERS": ["DN13", "DN09", "DN08.4", "DN12", "DN10.1", "DN08.2", "DN10", "DN08", "DN08.5", "DN35", "DN16", "DN39", "DN18", "DN11", "DN08.3", "DN50.1", "DN06", "DN05.5", "DN08.1", "DN14", "DN13.2", "DN14.1", "DN05", "DN05.2", "DN15.1", "DN28.1", "DN13.1", "DN05.4"], "DISTRICT": "District5", "Capacity": 1651, "Population": 2118, "Area": 180836022.47489816, "Perimeter": 80030.83405509163, "F1": 0.28285947133337697, "F2": 0.6452028487591487, "F": 0.3915624845611084}, "District6": {"MEMBERS": ["CL13", "CL31", "CL37.1", "CL39", "WL66", "CL37", "DS04.1", "CL32", "WL67.1", "CL32.2", "DS06.3", "CL28.3", "CL36", "DS04", "CL34", "CL28.2", "CL29", "WL41", "WL45", "WL65", "WL34", "CL33", "WL42", "CL37.2", "WL44", "WL43", "WL33.1", "WL67"], "DISTRICT": "District6", "Capacity": 1687, "Population": 1172, "Area": 3506674321.5657415, "Perimeter": 560667.4208097968, "F1": 0.30527504857572585, "F2": 0.8598172241894209, "F": 0.4716377012598343}, "District7": {"MEMBERS": ["DN27", "DN43", "DN31", "DN23", "DN44.5", "DN38", "DN24", "DN21", "DN26", "DN25", "DN20.1", "DN50.2", "DN19.2", "DN30", "CL35", "DN27.1", "DN19.4", "DN22", "DN28", "DN50.3", "DN15", "DN32.5", "DN30.1", "DN52", "DN19", "DN29", "DN17", "DN19.7", "DN17.1", "DN19.1", "DN49", "DN05.1", "DN46", "DN20"], "DISTRICT": "District7", "Capacity": 1787, "Population": 2164, "Area": 462640718.81724834, "Perimeter": 271112.946668068, "F1": 0.21096865578640944, "F2": 0.92090423997023, "F": 0.4239493310415555}, "District8": {"MEMBERS": ["EL37", "EL47", "EL52", "EL31", "EL38", "EL30", "EL44", "EL39", "EL46", "EL48", "EL28", "EL56", "EL36", "EL50", "EL35.2", "EL45", "EL53", "EL51", "EL43", "EL42", "EL40", "EL41", "EL36.1", "EL41.1", "DN04.1", "DN17.2", "DN03", "DN19.3", "DN19.5", "DN05.3", "DN19.6"], "DISTRICT": "District8", "Capacity": 1498, "Population": 2251, "Area": 357369004.28720045, "Perimeter": 203933.47279286996, "F1": 0.502670884494854, "F2": 0.8920184104386856, "F": 0.6194751422780034}, "District9": {"MEMBERS": ["WL29", "WL29.1", "WL59.1", "WL28.1", "WL26.4", "WL27.2", "WL28", "WL26.1", "WL26.3", "WL24", "WL27", "WL12", "WL13", "WL58", "WL14.1", "WL58.1", "WL14", "WL27.1", "WL26.2", "WL26"], "DISTRICT": "District9", "Capacity": 1346, "Population": 420, "Area": 461048294.97651786, "Perimeter": 192207.92824827702, "F1": 0.6879635981577742, "F2": 0.8431755803357052, "F": 0.7345271928111534}, "District10": {"MEMBERS": ["DS13.4", "DS13", "DS13.9", "DS13.5", "DS01", "DS13.2", "DS14.7", "DS09.2", "DS11", "DS14.3", "DS11.1", "DS13.13", "DS13.1", "DS19", "DS13.8", "DN53", "DS13.14", "DS14.5", "DS12.5", "DS17.1", "DS14.9", "DS14.4", "DS19.1", "DS14.2", "DS14.11", "DS16.2", "DS16", "DS14.8", "DS17.5", "DS15", "DS13.6", "DS09.1", "DS09.3", "DS16.1"], "DISTRICT": "District10", "Capacity": 1858, "Population": 2057, "Area": 691409976.2384604, "Perimeter": 204004.56981891335, "F1": 0.10710494560223394, "F2": 0.7912311429045956, "F": 0.3123428047929424}, "District11": {"MEMBERS": ["DN47", "DN51.1", "DN47.1", "DN34.1", "DN36.12", "DN45.1", "DN45.3", "DN48", "DN45", "DN47.2", "DN45.2", "DN44", "DN46.1", "DN24.1", "DN44.4", "DN44.2", "DN46.2", "DN23.1", "DN48.2", "DN51", "DN34.2", "DN48.1"], "DISTRICT": "District11", "Capacity": 1935, "Population": 1391, "Area": 154079474.83585575, "Perimeter": 123136.56485829806, "F1": 0.28113643782358433, "F2": 0.8723030319653005, "F": 0.4584864160660991}, "District12": {"MEMBERS": ["CL07.2", "CL04", "WL62", "CL10", "CL10.2", "CL38", "WL11", "CL11", "WL12.1", "CL08", "WL11.1", "WL06", "WL56", "CL02.1", "WL55", "CL03", "WL10", "CL02", "WL57", "WL52", "WL03.5", "WL04", "WL03", "CL01", "WL03.4", "WL09", "WL09.1", "WL05", "WL03.1", "WL47", "WL02", "WL16", "WL01", "CL04.1", "WL08", "WL03.2", "WL07", "WL03.3"], "DISTRICT": "District12", "Capacity": 1722, "Population": 1629, "Area": 3738719842.5361056, "Perimeter": 399391.0707185302, "F1": 0.05400639341459701, "F2": 0.7054655595696797, "F": 0.2494441432611218}, "District13": {"MEMBERS": ["DS17.7", "DS07.8", "DS12.2", "DS17.6", "DS07.9", "DS12.6", "DS07", "DS12.8", "DS12", "DS12.7", "DS13.11", "DS12.1", "DS13.12", "DS17.2", "DS13.3", "DS13.7", "DS12.3", "DS12.4", "DS17.4", "DS07.6", "DS17", "DS07.12", "DS07.3", "DS07.4", "DS17.3", "DS03", "DS06.4", "DS14.1", "DS14", "DS14.6", "DS07.1", "DS16.3", "DS02"], "DISTRICT": "District13", "Capacity": 2089, "Population": 2368, "Area": 519280400.8139556, "Perimeter": 205925.26074589195, "F1": 0.13355719897770602, "F2": 0.8461163261375413, "F": 0.34732493712565654}, "District14": {"MEMBERS": ["DN01.4", "DN01.2", "DN40", "DN01", "DN01.1", "DN01.5", "DN01.6", "DN02", "DN01.3", "DN07.1", "DN10.2", "CL14", "CL14.2", "CL12", "CL15", "CL14.1", "CL16", "DN04.2", "CL15.2", "DN07", "CL10.1", "CL17.1", "CL12.1", "DN04", "CL15.3", "CL17", "DN39.1", "CL15.1", "CL18"], "DISTRICT": "District14", "Capacity": 1749, "Population": 2167, "Area": 297877225.7615036, "Perimeter": 128854.18062475877, "F1": 0.23899427536309736, "F2": 0.7745500531788894, "F": 0.39966100870783494}, "District15": {"MEMBERS": ["DN36.3", "DN36.9", "DS08", "DS08.2", "DS08.1", "DS09", "DS06.7", "DS07.7", "DS07.2", "DS06.1", "DN41", "DN42", "DN36.11", "DN36.4", "DN36.16", "DS06.2", "DN36.2", "DS10", "DS06.6", "DS06.5", "DS18", "DS06.8", "DS07.11", "DS06", "DS07.5", "DS05"], "DISTRICT": "District15", "Capacity": 2148, "Population": 1012, "Area": 760624847.923061, "Perimeter": 316033.62949706154, "F1": 0.5288635962343409, "F2": 0.9042995951373769, "F": 0.6414943959052517}}, "district_ids": {"WL03.4": "District12", "WL03": "District12", "WL27.2": "District9", "WL32.1": "District4", "WL02": "District12", "WL01": "District12", "WL55": "District12", "WL56": "District12", "CL03": "District12",