{"solution": {"districts": {"District0": {"MEMBERS": ["EL03", "EL09", "EL08", "EL07", "EL04", "EL10", "EL22", "EL23", "EL24", "EL34", "EL06", "EL13", "EL18", "EL02", "EL01", "EL19", "EL12", "DN03"], "DISTRICT": "District0", "Capacity": 1216, "Population": 1236, "Area": 275926844.21167415, "Perimeter": 133130.0923542936, "F1": 0.016448182430524927, "F2": 0.8043628392357953, "F": 0.252822579472106}, "District1": {"MEMBERS": ["EL27", "EL56", "EL14", "EL30", "EL32", "EL48", "EL25", "EL15", "EL26", "EL51", "EL16", "EL28", "EL11", "EL20", "EL31", "EL21", "EL55", "EL17", "EL33", "EL35.2", "EL49", "EL29", "EL36"], "DISTRICT": "District1", "Capacity": 1264, "Population": 1111, "Area": 174245043.12157032, "Perimeter": 108616.1644463299, "F1": 0.12104351961199744, "F2": 0.8143985472520326, "F": 0.32905002790400795}, "District2": {"MEMBERS": ["CL37", "CL27", "CL06", "CL32.1", "CL37.2", "CL31", "CL28.2", "CL28.3", "WL25", "WL51", "CL28", "CL33", "DS04.1", "WL67.1", "CL37.1", "WL27", "CL25", "DS04", "WL67", "WL26.2", "WL45", "WL41", "WL65", "CL39", "CL13", "WL44", "WL66", "WL35", "WL42", "WL36"], "DISTRICT": "District2", "Capacity": 1255, "Population": 860, "Area": 3187031195.0846663, "Perimeter": 576408.2264657108, "F1": 0.3147402445040618, "F2": 0.8794587092323347, "F": 0.48415578392254366}, "District3": {"MEMBERS": ["DN36.3", "DN36.4", "DN36", "DN41", "DN36.13", "DS11.1", "DS18", "DS09", "DS08", "DS06.7", "DN36.7", "CL36", "DN32.6", "CL35", "DN36.16", "DN36.11", "DS10", "DS06.3", "DS08.2", "DN36.15", "DN36.2", "DN32.1", "DS08.1", "DS06.6", "DN42", "DN36.6", "DN36.8", "DN37"], "DISTRICT": "District3", "Capacity": 1269, "Population": 1505, "Area": 785392221.6527224, "Perimeter": 221281.08662993376, "F1": 0.1859739859261309, "F2": 0.7984383666645876, "F": 0.3697133001476679}, "District4": {"MEMBERS": ["WL30", "WL31.1", "WL31", "WL21.1", "WL49", "WL38", "WL38.1", "WL20", "WL59.1", "WL15", "WL17", "WL32.1", "WL53.2", "WL54", "WL21.2", "WL10", "WL19", "WL53", "WL14.1", "WL07", "WL39", "WL46", "WL33", "WL34", "CL30", "WL52", "WL37", "WL08", "CL29", "WL40", "WL53.1", "WL63", "WL43", "WL09.1", "WL01", "CL28.1", "WL32", "WL33.1", "WL16", "WL48", "WL18", "WL09"], "DISTRICT": "District4", "Capacity": 1187, "Population": 1000, "Area": 3614030593.4660854, "Perimeter": 688423.2174900548, "F1": 0.15753918148661183, "F2": 0.9041723868126045, "F": 0.38152914308440955}, "District5": {"MEMBERS": ["DN01.4", "DN40", "DN01.2", "DN01", "CL12.1", "CL17", "DN01.6", "DN01.5", "CL16", "DN02", "CL18", "CL10.1", "CL19.2", "DN01.1", "DN07.1", "CL09", "CL23", "CL20.1", "CL21.1", "CL20", "CL22", "CL20.2", "CL12", "CL21"], "DISTRICT": "District5", "Capacity": 1242, "Population": 1425, "Area": 234942954.34674203, "Perimeter": 129024.86653846802, "F1": 0.14734379108418838, "F2": 0.8226523440817171, "F": 0.34993635698344694}, "District6": {"MEMBERS": ["DS17", "DS17.2", "DS17.1", "DS19.1", "DS13.7", "DS17.3", "DS13.1", "DS12.6", "DS13.12", "DS17.5", "DS13.2", "DS15", "DS19", "DS16.1", "DS16.2", "DS13.13", "DS14.3", "DS09.1", "DS14.9", "DS17.4", "DS14.4", "DS16", "DS09.3"], "DISTRICT": "District6", "Capacity": 1388, "Population": 1274, "Area": 166597459.09712583, "Perimeter": 108532.99661170926, "F1": 0.08213185099328635, "F2": 0.8222724929459309, "F": 0.3041740435790796}, "District7": {"MEMBERS": ["CL15.3", "CL14.1", "CL15", "CL15.2", "CL14", "CL17.1", "DN01.3", "CL34.1", "CL34.5", "CL34.6", "CL34.4", "CL19", "CL19.1", "CL15.1", "CL34", "CL32", "CL14.2", "CL32.2", "CL25.1", "CL34.3"], "DISTRICT": "District7", "Capacity": 1197, "Population": 811, "Area": 171558234.84481013, "Perimeter": 105981.54357531681, "F1": 0.3224720190269673, "F2": 0.8080620057564968, "F": 0.4681490150458261}, "District8": {"MEMBERS": ["DN32.3", "DN44.4", "DN44.5", "DN30.1", "DN30", "DN44.1", "DN32", "DN50", "DN44.2", "DN31", "DN32.2", "DN44.3", "DN32.5", "DN50.2", "DN24.1", "DN50.3", "DN45.2", "DN23.1", "DN32.8", "DN44"], "DISTRICT": "District8", "Capacity": 1260, "Population": 1202, "Area": 140178712.69741082, "Perimeter": 96347.20190664909, "F1": 0.04603095995213524, "F2": 0.8102360470800474, "F": 0.2752924860905088}, "District9": {"MEMBERS": ["DN17.1", "DN05.3", "DN17", "DN19", "DN15", "DN05.4", "DN14", "DN29", "DN13.1", "DN19.3", "DN17.2", "DN19.4", "DN05.2", "DN05", "DN25", "DN26", "DN19.2", "DN12", "DN27.1", "DN35", "DN27", "DN19.5", "DN24", "DN28", "DN20", "DN28.1", "DN43", "DN38", "DN19.7", "DN14.1", "DN19.1", "DN19.6"], "DISTRICT": "District9", "Capacity": 1241, "Population": 1422, "Area": 145151939.47503662, "Perimeter": 104733.56157827956, "F1": 0.14585091743875167, "F2": 0.8337119799689929, "F": 0.352209236197824}, "District10": {"MEMBERS": ["WL29.1", "WL28.1", "WL29", "WL22.2", "WL26.3", "WL60", "WL22", "WL27.1", "WL28", "WL27.2", "WL26.1", "WL50", "WL21", "WL24", "WL61", "WL26", "WL22.1", "WL23", "WL14", "WL58", "WL13", "WL58.1", "WL11.1", "WL59", "WL47", "WL05", "WL26.4", "WL11", "WL57"], "DISTRICT": "District10", "Capacity": 1224, "Population": 552, "Area": 931748584.6263958, "Perimeter": 326318.67435768305, "F1": 0.5490187945341602, "F2": 0.8900425272078631, "F": 0.6513259143362711}, "District11": {"MEMBERS": ["EL38", "EL39", "EL50", "EL42", "EL44", "EL52", "EL40", "EL41", "EL45", "DN22", "DN21", "EL47", "DN04.1", "EL36.1", "EL37", "DN23", "EL53", "DN07", "DN05.1", "DN04.2", "DN04", "EL35.1", "EL43", "EL54", "EL35", "EL05", "DN20.1", "EL46"], "DISTRICT": "District11", "Capacity": 1169, "Population": 1370, "Area": 470536142.74129695, "Perimeter": 200072.17780751764, "F1": 0.17194267603128588, "F2": 0.8522833489503616, "F": 0.3760448779070085}, "District12": {"MEMBERS": ["DS12.5", "DS12", "DS13.14", "DS07", "DS13.11", "DS12.4", "DS01", "DS12.1", "DS02", "DS03", "DS13.4", "DS13.5", "DS13.9", "DS14.6", "DS16.3", "DS13.6", "DS14.2", "DS14.11", "DS14", "DS14.7", "DS13", "DS13.8", "DS14.5", "DS12.7", "DS14.8", "DS14.1"], "DISTRICT": "District12", "Capacity": 1452, "Population": 1363, "Area": 331865142.43885565, "Perimeter": 133005.05784417753, "F1": 0.06129408359990296, "F2": 0.7642589629135501, "F": 0.2721835473939971}, "District13": {"MEMBERS": ["CL07.2", "CL07", "CL08", "CL07.1", "CL05", "CL04", "CL38", "CL10", "CL24", "CL05.1", "CL26", "WL12", "WL12.1", "CL03", "CL02", "CL10.2", "CL01", "WL04", "WL03", "WL03.2", "CL11", "CL02.1", "WL06", "WL56", "WL55", "WL03.4", "WL62", "CL04.1", "WL03.5", "WL02", "WL03.3", "WL03.1"], "DISTRICT": "District13", "Capacity": 1215, "Population": 1128, "Area": 2413953072.35491, "Perimeter": 416078.5781062874, "F1": 0.07160412286745577, "F2": 0.8247782659809776, "F": 0.2975563658015123}, "District14": {"MEMBERS": ["DN51", "DN51.1", "DN36.12", "DN47", "DN48", "DN53", "DS11", "DN52", "EL41.1", "DN36.9", "DN36.5", "DN49", "DN36.1", "DN36.14", "DS09.2", "DN46.1", "DN34.1", "DN34.3", "DN45.1", "DN46", "DN48.2", "DN32.4", "DN45.3", "DN48.1", "DN46.2", "DN47.2", "DN33", "DN47.1", "DN45", "DN34", "DN34.2", "DN32.7"], "DISTRICT": "District14", "Capacity": 1339, "Population": 1712, "Area": 719519570.8611081, "Perimeter": 178247.72775407272, "F1": 0.2785668313773948, "F2": 0.7154199373777643, "F": 0.4096227631775056}, "District15": {"MEMBERS": ["DN08.4", "DN08.2", "DN09", "DN08.1", "DN10.2", "DN16", "DN06", "DN15.1", "DN10", "DN13", "DN18", "CL34.2", "DN08", "DN50.1", "DN08.5", "DN08.3", "DN10.1", "DN13.2", "DN39.1", "DN11", "DN05.5", "DN39"], "DISTRICT": "District15", "Capacity": 1269, "Population": 939, "Area": 245482818.54427564, "Perimeter": 107140.88225511088, "F1": 0.2600464991328093, "F2": 0.7312672919762, "F": 0.40141273698582647}, "District16": {"MEMBERS": ["DS07.11", "DS07.3", "DS07.6", "DS07.5", "DS07.8", "DS13.3", "DS12.2", "DS06.4", "DS06.8", "DS17.6", "DS07.1", "DS07.7", "DS12.3", "DS06", "DS12.8", "DS17.7", "DS07.9", "DS07.12", "DS07.4", "DS06.5", "DS06.1", "DS05", "DS06.2", "DS07.2"], "DISTRICT": "District16", "Capacity": 1445, "Population": 1149, "Area": 522222289.311658, "Perimeter": 166784.7696096905, "F1": 0.20484360411872937, "F2": 0.7640866652703461,