{"solution": {"districts": {"District0": {"MEMBERS": ["CL27", "CL07.1", "CL24", "CL25.1", "CL05", "CL22", "CL19.1", "CL23", "CL20", "CL09", "CL26", "CL19.2", "CL38", "CL20.2", "CL28", "CL21.1", "CL25", "CL34.3", "CL34.5", "CL34.1", "CL32.1", "CL21"], "DISTRICT": "District0", "Capacity": 1361, "Population": 1618, "Area": 238992133.26499495, "Perimeter": 171531.3777800263, "F1": 0.1888324673855073, "F2": 0.8979280720487021, "F": 0.4015611487844657}, "District1": {"MEMBERS": ["EL27", "EL56", "EL26", "EL25", "EL20", "EL14", "EL49", "EL15", "EL12", "EL34", "EL28", "EL33", "EL13", "EL05", "EL06", "EL24", "EL48", "EL30", "EL29", "EL47", "EL51"], "DISTRICT": "District1", "Capacity": 1423, "Population": 1597, "Area": 162828800.00954366, "Perimeter": 106916.93337138975, "F1": 0.12227757468532974, "F2": 0.8210020327841757, "F": 0.33189491211498345}, "District2": {"MEMBERS": ["DN33", "DN36.6", "DN36.7", "DN32.1", "DN36.8", "DN32.2", "DN32.4", "DN32.7", "DN44.1", "DN32.3", "DN32", "DN47.2", "DN44.3", "DN44", "DN32.8", "DN32.5"], "DISTRICT": "District2", "Capacity": 1855, "Population": 1171, "Area": 104117478.4366804, "Perimeter": 105931.02339601982, "F1": 0.3687326179583147, "F2": 0.883403055489964, "F": 0.5231337492178094}, "District3": {"MEMBERS": ["EL09", "EL03", "EL10", "EL55", "EL02", "EL11", "EL21", "EL35.1", "EL19", "EL35", "EL35.2", "EL07", "EL22", "EL36", "EL23", "EL36.1", "EL54", "DN04", "EL16", "EL04", "DN03", "EL17", "EL18", "DN04.2", "EL08", "EL01", "DN02", "DN07", "DN07.1", "DN06", "DN39"], "DISTRICT": "District3", "Capacity": 1438, "Population": 2394, "Area": 420965162.7417708, "Perimeter": 175979.7028560431, "F1": 0.6648129230541524, "F2": 0.8291830902001948, "F": 0.7141239731979652}, "District4": {"MEMBERS": ["WL22.1", "WL21.2", "WL15", "WL10", "WL16", "WL53", "WL14.1", "WL53.1", "WL06", "WL17", "WL03.3", "WL03.5", "WL20", "WL53.2", "WL54", "WL48", "WL58.1", "WL57", "WL07", "WL03", "WL08", "WL09.1", "WL21.1", "WL03.4", "WL01", "WL18", "WL49", "WL52", "WL32.1", "WL03.2", "WL03.1", "WL33", "WL34", "WL43", "WL42", "WL19", "WL02", "WL09", "WL33.1", "WL46"], "DISTRICT": "District4", "Capacity": 1669, "Population": 1289, "Area": 3617704236.4654, "Perimeter": 515680.827657411, "F1": 0.22768065172150598, "F2": 0.8290453366623565, "F": 0.40809005720376107}, "District5": {"MEMBERS": ["DN13", "DN12", "DN14.1", "DN35", "DN13.1", "DN50.2", "DN11", "DN15.1", "DN50", "DN50.3", "DN30.1", "DN18", "DN44.5", "CL35", "DN50.1", "DN30", "DN16", "DN42", "DN28.1", "DN44.4", "DN10.1", "DN13.2", "DN10", "DN17", "DN38", "DN05", "DN27.1", "DN05.4", "DN05.5"], "DISTRICT": "District5", "Capacity": 1651, "Population": 2161, "Area": 296241823.6357551, "Perimeter": 164522.7134031618, "F1": 0.30890429249603724, "F2": 0.862467762202914, "F": 0.4749733334081002}, "District6": {"MEMBERS": ["CL13", "CL37", "CL33", "CL28.1", "CL31", "CL36", "CL30", "WL63", "DS04.1", "CL28.2", "CL37.1", "CL34", "DS06.7", "CL32.2", "CL32", "CL06", "DS08", "WL66", "DS05", "WL67", "CL29", "WL45", "DS06", "WL67.1", "CL39", "WL44", "DS06.1", "CL37.2", "CL28.3", "DS06.2", "WL40", "DS06.3"], "DISTRICT": "District6", "Capacity": 1687, "Population": 1276, "Area": 2981272568.590976, "Perimeter": 560769.1064386758, "F1": 0.24362715326836304, "F2": 0.880863897377076, "F": 0.4347981765009769}, "District7": {"MEMBERS": ["DN27", "DN24.1", "DN43", "DN25", "DN26", "DN15", "DN19.7", "DN28", "DN23", "DN31", "DN44.2", "DN20", "DN21", "DN19.5", "DN19.4", "DN19.1", "DN04.1", "DN29", "DN19.3", "DN19", "DN05.1", "DN17.1", "DN05.2", "DN20.1", "DN14", "DN19.6", "DN05.3", "DN17.2", "DN19.2"], "DISTRICT": "District7", "Capacity": 1787, "Population": 1617, "Area": 225038338.08057067, "Perimeter": 111273.42362108722, "F1": 0.09513095078270317, "F2": 0.7716066393192206, "F": 0.2980736573436583}, "District8": {"MEMBERS": ["EL37", "EL39", "EL38", "EL45", "EL44", "EL50", "EL46", "EL40", "EL32", "EL43", "EL52", "EL31", "EL41", "DN22", "EL53", "EL42"], "DISTRICT": "District8", "Capacity": 1498, "Population": 1292, "Area": 266947445.83016002, "Perimeter": 104937.86869473461, "F1": 0.1375160271193857, "F2": 0.695371062899672, "F": 0.30487253785347157}, "District9": {"MEMBERS": ["WL29", "WL22.2", "WL50", "WL61", "WL22", "WL60", "WL14", "WL21", "WL31.1", "WL23", "WL58", "WL24", "WL26.1", "WL25", "WL28", "WL29.1", "WL26.4", "WL12", "WL28.1", "WL36", "WL59", "WL26.2", "WL59.1", "WL26", "WL30", "WL27.1", "WL35", "WL41", "WL32", "WL38", "WL39", "WL65", "WL51", "WL27.2", "WL26.3", "WL31", "WL37", "WL27", "WL38.1"], "DISTRICT": "District9", "Capacity": 1346, "Population": 1325, "Area": 1791493024.145205, "Perimeter": 429630.4327013316, "F1": 0.01560104743238444, "F2": 0.8780350866092208, "F": 0.2743312591854353}, "District10": {"MEMBERS": ["DS13.4", "DS13.9", "DS13.2", "DS19", "DS13.1", "DS13.8", "DS15", "DS17.4", "DS09.1", "DS13", "DS13.13", "DS17", "DS14.7", "DS14.3", "DS13.12", "DS12.2", "DS17.6", "DS14.2", "DS07.9", "DS12", "DS14.9", "DS09.3", "DS12.5", "DS03", "DS14.11", "DS12.6", "DS14.5", "DS13.6", "DS12.4", "DS12.3", "DS16", "DS16.3", "DS16.1", "DS14.6", "DS12.7", "DS13.14", "DS02", "DS14.8", "DS13.7", "DS01", "DS13.5", "DS14.4", "DS13.11", "DS12.1", "DS14", "DS14.1", "DS16.2"], "DISTRICT": "District10", "Capacity": 1858, "Population": 3571, "Area": 482536364.9715662, "Perimeter": 142936.52432861333, "F1": 0.921959623670831, "F2": 0.7032071205576924, "F": 0.8563338727368894}, "District11": {"MEMBERS": ["DN47", "DN52", "DN51", "DN48.1", "DN36.1", "DN47.1", "DN48", "DN46.1", "DN46.2", "DN48.2", "DN34", "DN53", "DS09.2", "DN49", "DS11", "DN34.3", "DN45.1", "DN46", "EL41.1", "DN45.3", "DN45", "DN34.1", "DN34.2", "DN36.9", "DN23.1", "DN45.2", "DN24"], "DISTRICT": "District11", "Capacity": 1935, "Population": 1764, "Area": 709091286.903602, "Perimeter": 208190.0156136154, "F1": 0.08837158093864816, "F2": 0.7944146245288659, "F": 0.30018449401571345}, "District12": {"MEMBERS": ["CL07.2", "CL07", "CL04", "CL03", "CL02", "WL11", "WL62", "WL56", "CL01", "CL04.1", "CL05.1", "WL04", "WL55", "CL08", "WL12.1", "WL47", "CL11", "WL05", "CL10.2", "WL11.1", "CL18", "WL13", "CL10", "CL20.1", "CL02.1"], "DISTRICT": "District12", "Capacity": 1722, "Population": 1091, "Area": 2039786406.5392256, "Perimeter": 340202.101974998, "F1": 0.3664338015886539, "F2": 0.7785271103902558, "F": 0.49006179422913443}, "District13": {"MEMBERS": ["DS17.7", "DS07.7", "DS17.1", "DS17.2", "DS17.3", "DS07.2", "DS07.5", "DS09", "DS17.5", "DS19.1", "DS10", "DS06.5", "DS07.8", "DS07.3", "DS06.4", "DS07.6", "DS07.1", "DS13.3", "DS07.11", "DS06.8", "DS07.4", "DS07.12", "DS12.8", "DS07"], "DISTRICT": "District13", "Capacity": 2089, "Population": 1036, "Area": 347384029.5987336, "Perimeter": 148462.78351638158, "F1": 0.5040684561796628, "F2": 0.8019455909912517, "F": 0.5934315966231394}, "District14": {"MEMBERS": ["DN01.4", "DN01.3", "CL14.1", "CL14.2", "CL34.4", "CL14", "CL17.1", "CL16", "CL15.3", "DN01.6", "CL15", "DN01.2", "CL15.1", "CL15.2", "DN01.5", "CL34.6", "DN10.2", "DN09", "CL12.1", "CL19", "CL10.1", "CL12", "DN40", "DN08.2", "DN08", "CL34.2", "DN08.1", "DN01.1", "DN08.5", "DN01", "DN39.1", "DN08.4", "DN08.3", "CL17"], "DISTRICT": "District14", "Capacity": 1749, "Population": 2650, "Area": 381690045.6965569, "Perimeter": 148827.9744262255, "F1": 0.5151520782438419, "F2": 0.7834533069045346, "F": 0.5956424468420497}, "District15": {"MEMBERS": ["DN36.3", "DN37", "DN32.6", "DS11.1", "DN36.4", "DN36.14", "DN36.13", "DS08.2", "DN36", "DN36.2", "DN36.11", "DN36.12", "DN36.5", "DN36.16", "DN51.1", "DS08.1", "DS06.6", "DN36.15", "DN41", "DS04", "DS18"], "DISTRICT": "District15", "Capacity": 2148, "Population": 876, "Area": 464293670.07357264, "Perimeter": 204251.85353851097, "F1": 0.5921783072989837, "F2": 0.8601473776667453, "F": 0.6725690284093122}}, "district_ids": {"WL03.4": "District4", "WL03": "District4", "WL27.2": "District9", "WL32.1": "District4", "WL02": "District4", "WL01": "District4", "WL55": "District12", "WL56": "District12", "CL03": "District12", "WL11": "District12",