{"properties": {"base": "Hess", "district": "lcps", "level": "HS", "fixing": true, "contiguity": "shir", "set_pop": true, "symmetry": "default", "extended": true, "order": "C_decreasing", "heuristic": false, "lp": true, "run": 1, "DFixings": 102378, "CFixings": 453, "UFixings_X": 0, "ZFixings": 0, "NumberOfNodes": 453, "NumberOfEdges": 1251, "TotalFixingsX": 102831, "PercentFixingsX": 50, "LP_obj": "1.83", "LP_time": "12.09 s", "MIP_time": "5527.65 s", "MIP_status": 2, "MIP_nodes": 38031, "MIP_bound": 1.8258006584854831, "callbacks": 0, "lazy_cuts": 0, "MIP_obj": 1, "connected": true}, "info": {"final": {"districts": {"District0": {"MEMBERS": ["CL03", "WL03.3", "EL36", "DN36.3", "DN36.9", "CL10", "DN03", "EL40", "WL03.5", "WL04", "EL33", "CL12", "DN53", "DN02", "EL54", "EL34", "CL01", "DN01", "EL35.1", "DS02", "DN22", "EL41.1", "DS10", "DS06.4", "DS12.4", "DS06", "CL04.1", "CL10.1", "DS08", "DS12.5", "DS07.1", "DS07", "DS07.9", "DS07.3", "DS14.1", "DS14", "DN36.11", "DN36.12", "EL36.1", "DS12.1", "DS12.7", "DS06.7", "CL02", "DS13.14"], "DISTRICT": "District0", "Capacity": 2148, "Population": 2147, "Area": 2389468298.9822364, "Perimeter": 867589.8308496209, "F1": 0.00046508845221093775, "F2": 0.9601083287566293, "F": 0.28835806054353635}, "District1": {"MEMBERS": ["EL38", "EL16", "EL37", "EL41", "EL42", "EL43", "EL12", "EL13", "EL32", "EL47", "EL39", "EL44", "EL45", "EL50", "EL53", "EL30"], "DISTRICT": "District1", "Capacity": 1498, "Population": 1490, "Area": 173989213.08622572, "Perimeter": 110107.35582810808, "F1": 0.0053397930217636835, "F2": 0.8196569039746416, "F": 0.24963492630762701}, "District2": {"MEMBERS": ["WL03.4", "WL03", "WL02", "WL01", "WL55", "WL56", "WL11", "WL13", "CL08", "WL06", "CL11", "CL38", "CL28.1", "CL28", "CL37.1", "CL18", "CL07.2", "WL53.1", "WL05", "CL21.1", "CL20.1", "WL62", "CL07.1", "CL07", "WL03.1", "WL03.2", "CL04", "CL10.2", "CL09", "CL23", "WL53", "WL47", "WL11.1", "WL07", "WL52", "CL29", "CL06", "CL02.1"], "DISTRICT": "District2", "Capacity": 1722, "Population": 1700, "Area": 2246331320.190303, "Perimeter": 585917.2779207868, "F1": 0.01277526705705423, "F2": 0.9177736397690375, "F": 0.2842747788706491}, "District3": {"MEMBERS": ["DN45.3", "DN52", "DN47", "DN51", "DN49", "DN36.1", "DN48", "DN36.2", "DN48.1", "DN48.2", "DN51.1", "DN36.6", "DN36.13", "DN34.1", "DN36.16", "DN36", "DN46.1", "DN34.2", "DN47.2", "DN47.1"], "DISTRICT": "District3", "Capacity": 1935, "Population": 1913, "Area": 194429216.97940558, "Perimeter": 103791.71244769543, "F1": 0.011368997357266153, "F2": 0.7731984405324932, "F": 0.2399178303098342}, "District4": {"MEMBERS": ["EL01", "EL02", "EL03", "EL09", "EL23", "EL10", "EL22", "EL04", "EL08", "EL11", "EL18", "EL06", "EL07", "EL17", "EL05", "EL19", "EL35.2", "EL35"], "DISTRICT": "District4", "Capacity": 1438, "Population": 1434, "Area": 228433767.87611413, "Perimeter": 114930.08831128283, "F1": 0.0027809526927611294, "F2": 0.782678503764177, "F": 0.23675021801418583}, "District5": {"MEMBERS": ["DS13.9", "DS07.2", "DS07.12", "DS07.7", "DS15", "DS07.6", "DS09", "DS17.7", "DS17.2", "DS09.2", "DS11", "DS06.8", "DS14.4", "DS17.5", "DS14.7", "DS19", "DS19.1", "DS17.4", "DS13.7", "DS11.1", "DS13.1", "DS07.5", "DS17.3", "DS17.1", "DS13.5", "DS16.1", "DS17.6", "DS14.3", "DS13", "DS13.12", "DS07.4", "DS12.8", "DS13.3", "DS07.11", "DS06.5", "DS13.8", "DS13.13"], "DISTRICT": "District5", "Capacity": 2089, "Population": 2059, "Area": 365979361.0885245, "Perimeter": 210740.9273195012, "F1": 0.014360464268260098, "F2": 0.8964455693603817, "F": 0.2789859957958965}, "District6": {"MEMBERS": ["DN15", "DN11", "DN12", "DN14", "DN18", "DN29", "DN25", "DN19.2", "DN26", "DN20.1", "DN19.1", "DN27", "DN27.1", "DN23", "DN24", "DN23.1", "DN08.1", "DN09", "DN10", "DN15.1", "DN19.7", "DN19.6", "DN19.5", "DN19.4", "DN14.1", "DN28", "DN38"], "DISTRICT": "District6", "Capacity": 1787, "Population": 1779, "Area": 161392111.12385637, "Perimeter": 113551.34126063365, "F1": 0.004476222694593024, "F2": 0.842707639619363, "F": 0.25594564777202394}, "District7": {"MEMBERS": ["WL27.2", "WL59", "WL61", "WL21", "WL30", "WL31.1", "WL28", "WL10", "WL16", "WL50", "WL33", "WL31", "WL43", "WL18", "WL33.1", "WL59.1", "WL29", "WL27.1", "WL53.2", "WL57", "WL66", "WL15", "WL17", "WL54", "WL21.1", "DS06.3", "DS05", "DS06.1", "DS06.2", "WL22", "WL09.1", "WL08", "WL44", "WL40", "WL38.1", "WL21.2", "WL49", "WL09", "WL20", "WL45", "WL67.1", "WL67"], "DISTRICT": "District7", "Capacity": 1346, "Population": 1320, "Area": 3811747072.7838764, "Perimeter": 927621.219806697, "F1": 0.01931575765738669, "F2": 0.9443336699928003, "F": 0.2968211313580107}, "District8": {"MEMBERS": ["CL25.1", "CL15.2", "CL21", "CL25", "CL17.1", "CL14", "CL27", "CL24", "CL15", "CL15.1", "CL15.3", "CL34.3", "CL34.4", "CL34.5", "CL19", "CL22", "CL20", "CL20.2", "CL34.2", "CL34.6"], "DISTRICT": "District8", "Capacity": 1361, "Population": 1349, "Area": 214211512.2705655, "Perimeter": 149865.86720380685, "F1": 0.00881631881839584, "F2": 0.8801474691892809, "F": 0.27021566392966134}, "District9": {"MEMBERS": ["DN07.1", "DN19", "DN20", "DN01.6", "DN01.3", "DN07", "DN01.1", "DN01.4", "DN01.2", "DN05", "DN04.1", "DN19.3", "DN05.3", "DN01.5", "DN17.2", "DN21", "DN04", "DN05.5", "DN05.4", "DN05.2", "DN05.1", "DN17.1", "DN04.2"], "DISTRICT": "District9", "Capacity": 1749, "Population": 1747, "Area": 255485099.83028287, "Perimeter": 142174.8475566464, "F1": 0.0011429445332021837, "F2": 0.8411709646637833, "F": 0.2531513505723765}, "District10": {"MEMBERS": ["DS13.2", "DS12.3", "DS12.6", "DS14.8", "DS14.6", "DS12", "DS16", "DS13.4", "DS07.8", "DS03", "DS14.9", "DS16.2", "DS09.3", "DS09.1", "DS01", "DS13.6", "DS17", "DS14.5", "DS14.2", "DS14.11", "DS13.11", "DS12.2", "DS16.3"], "DISTRICT": "District10", "Capacity": 1858, "Population": 1857, "Area": 184633294.11994857, "Perimeter": 171696.7003362463, "F1": 0.0005376802985055384, "F2": 0.9212961487765488, "F": 0.2767652208419184}, "District11": {"MEMBERS": ["EL14", "EL24", "EL55", "EL49", "EL21", "EL25", "EL56", "EL28", "EL31", "EL48", "EL51", "EL46", "EL52", "EL27", "EL29", "EL20", "EL26", "EL15"], "DISTRICT": "District11", "Capacity": 1423, "Population": 1419, "Area": 122481184.91254897, "Perimeter": 96627.52705573516, "F1": 0.002810267021712831, "F2": 0.8351543416825911, "F": 0.25251348941997626}, "District12": {"MEMBERS": ["DN45", "DN30.1", "DN44.4", "DN44", "DN45.1", "DN32.3", "DN32.2", "DN32.6", "DN37", "DN34.3", "DN36.4", "DN24.1", "DN44.5", "DN33", "DN32.7", "DN34", "DN32.5", "DN36.7", "DN36.8", "DN36.5", "DN36.14", "DN36.15", "DN44.1", "DN44.3", "DN46.2", "DN46", "DN45.2", "DN30"], "DISTRICT": "District12", "Capacity": 1855, "Population": 1826, "Area": 180967073.3727522, "Perimeter": 155612.89938745886, "F1": 0.015632889403596306, "F2": 0.9060886166698969, "F": 0.2827696075834864}, "District13": {"MEMBERS": ["CL12.1", "CL14.2", "CL17", "CL19.2", "DN08.2", "DN08", "CL34.1", "DN39", "DN06", "DN16", "DN13.1", "DN40", "CL16", "DN10.2", "DN08.4", "DN17", "CL14.1", "CL19.1", "DN08.3", "DN08.5", "DN13", "DN13.2", "DN39.1", "DN10.1"], "DISTRICT": "District13", "Capacity": 1651, "Population": 1641, "Area": 217150805.47454393, "Perimeter": 200012.89655409416, "F1": 0.006056335517526712, "F2": 0.9317888596502439, "F": 0.2837760927573418}, "District14": {"MEMBERS": ["WL32.1", "WL14.1", "WL12", "WL12.1", "WL23", "WL60", "WL51", "WL26.1", "WL26.2", "WL28.1", "WL26", "WL27", "WL14", "WL38", "WL39", "CL28.3", "CL28.2", "WL22.2", "WL36", "WL42", "WL63", "CL39", "WL29.1", "WL24", "WL25", "WL58.1", "WL58", "WL41", "WL48", "WL46", "WL32", "WL19", "WL26.3", "WL26.4", "CL05.1", "WL34", "CL05", "CL30", "WL65", "WL35", "WL37", "WL22.1"], "DISTRICT": "District14", "Capacity": 1669, "Population": 1384, "Area": 2524031153.5662403, "Perimeter": 688776.5912491876, "F1": 0.17076034049873967, "F2": 0.9331428564611791, "F": 0.3994750952874715},