{"properties": {"base": "Hess", "district": "lcps", "level": "MS", "fixing": true, "contiguity": "shir", "set_pop": true, "symmetry": "default", "extended": true, "order": "C_decreasing", "heuristic": false, "lp": true, "run": 1, "DFixings": 102378, "CFixings": 453, "UFixings_X": 0, "ZFixings": 0, "NumberOfNodes": 453, "NumberOfEdges": 1251, "TotalFixingsX": 102831, "PercentFixingsX": 50, "LP_obj": "7.84", "LP_time": "13.67 s", "MIP_time": "7514.14 s", "MIP_status": 2, "MIP_nodes": 31984, "MIP_bound": 7.841866493843163, "callbacks": 0, "lazy_cuts": 0, "MIP_obj": 7, "connected": true}, "info": {"final": {"districts": {"District0": {"MEMBERS": ["EL14", "EL36", "EL38", "EL33", "EL37", "EL41", "EL43", "EL11", "EL12", "DN45", "EL34", "EL13", "EL31", "EL35.2", "EL52", "DN49", "DN23.1", "EL44", "DN34.3", "EL50", "EL53", "DN21", "DN34", "DN34.1", "DN46", "DN45.2"], "DISTRICT": "District0", "Capacity": 1169, "Population": 1169, "Area": 353829889.05232656, "Perimeter": 239986.85896922706, "F1": 8.468776659942279e-07, "F2": 0.9227978389825573, "F": 0.27683994450913335}, "District1": {"MEMBERS": ["DN36.3", "DN36.9", "DN47", "DS09.2", "DS11", "DN37", "DN36.1", "DN36.2", "DS17.5", "DN51.1", "DN36.6", "DN36.5", "DN36.11", "DN36.12", "DN36.13", "DN36.14", "DN36.15"], "DISTRICT": "District1", "Capacity": 1269, "Population": 1169, "Area": 207356112.12305173, "Perimeter": 143693.63589511687, "F1": 0.07880142569896431, "F2": 0.8738022425422196, "F": 0.3173016707519409}, "District2": {"MEMBERS": ["WL32.1", "WL59", "WL21", "WL30", "WL31.1", "WL33", "WL39", "CL28.3", "CL28.2", "WL53.1", "WL31", "WL36", "WL42", "WL63", "WL43", "WL18", "CL39", "WL33.1", "DS10", "WL53.2", "WL66", "WL15", "WL21.1", "DS06.3", "WL34", "CL30", "DS04.1", "WL22", "DS07.4", "WL35", "WL37", "WL38.1", "WL49", "WL20", "DS08.1", "DS06.7"], "DISTRICT": "District2", "Capacity": 1187, "Population": 1167, "Area": 2960222138.7772865, "Perimeter": 800709.2505390738, "F1": 0.016848365485691907, "F2": 0.9419790982176588, "F": 0.2943875853052819}, "District3": {"MEMBERS": ["WL11", "WL13", "WL03.3", "WL12", "CL32.2", "WL51", "WL26.1", "WL28.1", "WL27", "CL08", "WL28", "WL50", "WL03.5", "WL06", "WL38", "CL25", "CL26", "CL32.1", "WL22.2", "CL07.2", "WL59.1", "WL29", "WL24", "CL07", "CL24", "WL27.1", "WL57", "WL58.1", "WL03.2", "CL04", "CL04.1", "CL05.1", "CL34.3", "CL32", "CL34.5", "CL19.1", "WL47", "WL11.1", "WL22.1", "CL34"], "DISTRICT": "District3", "Capacity": 1215, "Population": 1117, "Area": 1371925389.1034083, "Perimeter": 556387.9509448883, "F1": 0.08065762073532823, "F2": 0.9443090117625232, "F": 0.33975303804348667}, "District4": {"MEMBERS": ["DN45.3", "EL40", "DN52", "DN53", "EL42", "DN51", "DN45.1", "DN32.6", "DN48", "EL39", "DN22", "DN32.4", "DN36.4", "DN48.1", "DN33", "DN32.7", "DN48.2", "DN36.7", "DN36.8", "DN36.16", "DN36", "DN46.1", "DN46.2", "DN34.2", "DN47.2", "DN47.1"], "DISTRICT": "District4", "Capacity": 1339, "Population": 1339, "Area": 712179805.2483906, "Perimeter": 241179.7285866034, "F1": 7.393577241554539e-07, "F2": 0.8461427681819367, "F": 0.25384334800498787}, "District5": {"MEMBERS": ["CL10", "EL01", "DN03", "CL12", "DN02", "EL02", "EL03", "EL09", "EL23", "EL10", "EL04", "EL08", "EL54", "EL18", "EL06", "EL07", "EL05", "EL19", "EL21", "DN01", "EL35.1", "EL35", "CL10.1"], "DISTRICT": "District5", "Capacity": 1216, "Population": 1212, "Area": 372382849.6280466, "Perimeter": 217644.20926547516, "F1": 0.0032886595124287377, "F2": 0.9012117478014855, "F": 0.2726655859991457}, "District6": {"MEMBERS": ["WL03.4", "WL03", "WL27.2", "WL02", "WL01", "WL55", "WL56", "CL03", "WL14.1", "WL23", "WL61", "WL60", "WL10", "WL16", "WL14", "WL04", "WL05", "CL01", "WL29.1", "WL58", "WL17", "WL54", "WL03.1", "WL48", "WL46", "WL32", "WL19", "WL26.3", "WL26.4", "WL53", "WL09.1", "WL08", "WL07", "WL52", "WL09", "CL02", "CL02.1"], "DISTRICT": "District6", "Capacity": 1224, "Population": 860, "Area": 3523341194.2985926, "Perimeter": 621017.3394006703, "F1": 0.29738480966188885, "F2": 0.8851959754079151, "F": 0.4737281593856967}, "District7": {"MEMBERS": ["CL35", "DN50", "DN31", "DN44.4", "DN44", "DN32.1", "DN43", "DN32.3", "DN32.2", "CL36", "DN44.2", "DN44.5", "DN32", "DN50.3", "DN32.5", "DN44.1", "DN44.3", "DN30", "DN32.8"], "DISTRICT": "District7", "Capacity": 1260, "Population": 1176, "Area": 321209050.2217629, "Perimeter": 145639.32710889846, "F1": 0.0666658804232867, "F2": 0.8096993332856622, "F": 0.2895759162819993}, "District8": {"MEMBERS": ["CL12.1", "CL17.1", "CL14", "DN01.6", "DN40", "DN01.4", "CL14.1", "CL34.4", "DN01.5"], "DISTRICT": "District8", "Capacity": 1242, "Population": 598, "Area": 76968671.91805549, "Perimeter": 83140.55857740766, "F1": 0.5185177172422084, "F2": 0.8600741412222548, "F": 0.6209846444362224}, "District9": {"MEMBERS": ["DN11", "DN18", "DN19", "DN26", "DN19.1", "DN27", "DN27.1", "DN30.1", "DN08.4", "DN09", "DN10", "DN19.3", "DN19.7", "DN24.1", "DN19.6", "DN19.5", "DN19.4", "DN28.1", "DN13", "DN13.2", "DN10.1", "DN50.1", "DN50.2", "DN35", "DN28", "DN38"], "DISTRICT": "District9", "Capacity": 1269, "Population": 1198, "Area": 154993624.08449912, "Perimeter": 118000.44830744792, "F1": 0.055948786005131756, "F2": 0.8601197555535411, "F": 0.29720007686965455}, "District10": {"MEMBERS": ["CL14.2", "CL25.1", "CL15.2", "CL11", "CL38", "CL17", "CL19.2", "CL21", "CL18", "CL21.1", "CL20.1", "CL15", "CL16", "CL15.1", "CL10.2", "CL15.3", "CL09", "CL19", "CL22", "CL20", "CL20.2"], "DISTRICT": "District10", "Capacity": 1197, "Population": 1151, "Area": 105543462.63984975, "Perimeter": 74688.35964458845, "F1": 0.03842857946174949, "F2": 0.7622418790663891, "F": 0.2555725693431413}, "District11": {"MEMBERS": ["DS13.9", "DS15", "DS14.8", "DS02", "DS14.4", "DS14.6", "DS14.7", "DS12.4", "DS16", "DS12.5", "DS14.9", "DS16.1", "DS16.2", "DS09.3", "DS09.1", "DS07", "DS13.6", "DS14.3", "DS14.5", "DS14.2", "DS14.1", "DS14", "DS12.1", "DS12.7", "DS14.11", "DS13.14", "DS16.3", "DS13.8", "DS13.13"], "DISTRICT": "District11", "Capacity": 1452, "Population": 1415, "Area": 355070331.08397365, "Perimeter": 135155.20401298217, "F1": 0.025481411670238208, "F2": 0.755736427693884, "F": 0.24455791647733194}, "District12": {"MEMBERS": ["EL16", "EL24", "EL22", "EL55", "EL17", "EL49", "EL25", "EL56", "EL32", "EL28", "EL48", "EL47", "EL51", "EL46", "EL27", "EL45", "EL30", "EL29", "EL20", "EL26", "EL15"], "DISTRICT": "District12", "Capacity": 1264, "Population": 1251, "Area": 144783824.27456522, "Perimeter": 108891.26037644532, "F1": 0.01028402681737317, "F2": 0.8465581385160668, "F": 0.2611662603269812}, "District13": {"MEMBERS": ["DS13.2", "DS07.12", "DS07.7", "DS12.6", "DS09", "DS17.2", "DN42", "DN41", "DS04", "DS08.2", "DS19", "DS19.1", "DS17.4", "DS13.7", "DS08", "DS11.1", "DS18", "DS07.8", "DS17.3", "DS17.1", "DS17", "DS17.6", "DS12.8", "DS06.6"], "DISTRICT": "District13", "Capacity": 1388, "Population": 1355, "Area": 528221407.45598686, "Perimeter": 233839.68556285836, "F1": 0.023774502710558365, "F2": 0.8786081792714054, "F": 0.28022460567881247}, "District14": {"MEMBERS": ["DN08.2", "DN39", "DN06", "DN16", "DN13.1", "DN15", "DN12", "DN14", "DN29", "DN25", "DN19.2", "DN20.1", "DN20", "DN23", "DN24", "DN08.1", "DN17", "DN15.1", "DN05.3", "DN17.2", "DN05.5", "DN05.4", "DN14.1", "DN08.5", "DN17.1"], "DISTRICT": "District14", "Capacity": 1241, "Population": 1215, "Area": 135498666.66736937, "Perimeter": 121589.78658273329, "F1": 0.02095004817929047, "F2": 0.8848269962954138, "F": 0.2801131326141274}, "District15": {"MEMBERS": ["WL12.1", "WL26", "CL37.2", "CL28.1", "CL28", "CL37.1", "DN08", "CL34.1", "DN07.1", "DN01.3", "WL62", "WL25", "CL07.1", "CL27", "DN07", "DN01.1", "DN10.2", "DN01.2", "DN05", "CL05", "DN04.1", "DN08.3", "DN04", "DN05.2", "DN05.1", "DN39.1", "EL36.1", "DN04.2", "CL37", "CL31", "CL33", "CL34.2", "CL29", "CL06", "CL34.6"], "DISTRICT": "District15", "Capacity": 1255, "Population": 1249, "Area": 1094845809.5678604, "Perimeter": 437158.6266092556, "F1": 0.004780087611313988,